evt_fn1_cur,evt_s0_not_down,evt_vt03_online,fric1_rpm,fric2_rpm,fric_set,rc_s0,rc_s1,seq,tick_ms,trigger_cur,vt03_toe
0,0,1,0,0,0.0,2,2,139734,2794723,0,0
0,0,1,0,0,0.0,2,2,139735,2794743,0,0
0,0,1,0,0,0.0,2,2,139736,2794763,0,0
0,0,1,0,0,0.0,2,2,139737,2794783,0,0
0,0,1,0,0,0.0,2,2,139738,2794803,0,0
0,0,1,0,0,0.0,2,2,139739,2794823,0,0
0,0,1,0,0,0.0,2,2,139740,2794843,0,0
0,0,1,0,0,0.0,2,2,139741,2794863,0,0
0,0,1,0,0,0.0,2,2,139742,2794883,0,0
0,0,1,0,0,0.0,2,2,139743,2794903,0,0
0,0,1,0,0,0.0,2,2,139744,2794923,0,0
0,0,1,0,0,0.0,2,2,139745,2794943,0,0
0,0,1,0,0,0.0,2,2,139746,2794963,0,0
0,0,1,0,0,0.0,2,2,139747,2794983,0,0
0,0,1,0,0,0.0,2,2,139748,2795003,0,0
0,0,1,0,0,0.0,2,2,139749,2795023,0,0
0,0,1,0,0,0.0,2,2,139750,2795043,0,0
0,0,1,0,0,0.0,2,2,139751,2795063,0,0
0,0,1,0,0,0.0,2,2,139752,2795083,0,0
0,0,1,0,0,0.0,2,2,139753,2795103,0,0
0,0,1,0,0,0.0,2,2,139754,2795123,0,0
0,0,1,0,0,0.0,2,2,139755,2795143,0,0
0,0,1,0,0,0.0,2,2,139756,2795163,0,0
0,0,1,0,-3,0.0,2,2,139757,2795183,0,0
0,0,1,0,0,0.0,2,2,139758,2795203,0,0
0,0,1,0,0,0.0,2,2,139759,2795223,0,0
0,0,1,0,0,0.0,2,2,139760,2795243,0,0
0,0,1,0,0,0.0,2,2,139761,2795263,0,0
0,0,1,0,0,0.0,2,2,139762,2795283,0,0
0,0,1,0,0,0.0,2,2,139763,2795303,0,0
0,0,1,0,0,0.0,2,2,139764,2795323,0,0
0,0,1,0,0,0.0,2,2,139765,2795343,0,0
0,0,1,0,0,0.0,2,2,139766,2795363,0,0
0,0,1,0,0,0.0,2,2,139767,2795383,0,0
0,0,1,0,0,0.0,2,2,139768,2795403,0,0
0,0,1,0,0,0.0,2,2,139769,2795423,0,0
0,0,1,0,0,0.0,2,2,139770,2795443,0,0
0,0,1,0,-3,0.0,2,2,139771,2795463,0,0
0,0,1,0,0,0.0,2,2,139772,2795483,0,0
0,0,1,0,0,0.0,2,2,139773,2795503,0,0
0,0,1,0,0,0.0,2,2,139774,2795523,0,0
0,0,1,0,0,0.0,2,2,139775,2795543,0,0
0,0,1,0,0,0.0,2,2,139776,2795563,0,0
0,0,1,0,0,0.0,2,2,139777,2795583,0,0
0,0,1,0,0,0.0,2,2,139778,2795603,0,0
0,0,1,0,0,0.0,2,2,139779,2795623,0,0
0,0,1,0,0,0.0,2,2,139780,2795643,0,0
0,0,1,0,0,0.0,2,2,139781,2795663,0,0
0,0,1,0,0,0.0,2,2,139782,2795683,0,0
0,0,1,0,0,0.0,2,2,139783,2795703,0,0
0,0,1,0,0,0.0,2,2,139784,2795723,0,0
0,0,1,0,0,0.0,2,2,139785,2795743,0,0
0,0,1,0,0,0.0,2,2,139786,2795763,0,0
0,0,1,0,0,0.0,2,2,139787,2795783,0,0
0,0,1,0,0,0.0,2,2,139788,2795803,0,0
0,0,1,0,0,0.0,2,2,139789,2795823,0,0
0,0,1,0,0,0.0,2,2,139790,2795843,0,0
0,0,1,0,0,0.0,2,2,139791,2795863,0,0
0,0,1,0,0,0.0,2,2,139792,2795883,0,0
0,0,1,0,0,0.0,2,2,139793,2795903,0,0
0,0,1,0,0,0.0,2,2,139794,2795923,0,0
0,0,1,0,0,0.0,2,2,139795,2795943,0,0
0,0,1,0,0,0.0,2,2,139796,2795963,0,0
0,0,1,0,0,0.0,2,2,139797,2795983,0,0
0,0,1,0,0,0.0,2,2,139798,2796003,0,0
0,0,1,0,0,0.0,2,2,139799,2796023,0,0
0,0,1,0,0,0.0,2,2,139800,2796043,0,0
0,0,1,0,0,0.0,2,2,139801,2796063,0,0
0,0,1,0,0,0.0,2,2,139802,2796083,0,0
0,0,1,0,0,0.0,2,2,139803,2796103,0,0
0,0,1,0,0,0.0,2,2,139804,2796123,0,0
0,0,1,0,0,0.0,2,2,139805,2796143,0,0
0,0,1,0,0,0.0,2,2,139806,2796163,0,0
0,0,1,0,0,0.0,2,2,139807,2796183,0,0
0,0,1,0,0,0.0,2,2,139808,2796203,0,0
0,0,1,0,0,0.0,2,2,139809,2796223,0,0
0,0,1,0,0,0.0,2,2,139810,2796243,0,0
0,0,1,0,0,0.0,2,2,139811,2796263,0,0
0,0,1,0,0,0.0,2,2,139812,2796283,0,0
0,0,1,0,0,0.0,2,2,139813,2796303,0,0
0,0,1,0,0,0.0,2,2,139814,2796323,0,0
0,0,1,0,0,0.0,2,2,139815,2796343,0,0
0,0,1,0,0,0.0,2,2,139816,2796363,0,0
0,0,1,0,0,0.0,2,2,139817,2796383,0,0
0,0,1,0,0,0.0,2,2,139818,2796403,0,0
0,0,1,0,0,0.0,2,2,139819,2796423,0,0
0,0,1,0,0,0.0,2,2,139820,2796443,0,0
0,0,1,0,0,0.0,2,2,139821,2796463,0,0
0,0,1,0,0,0.0,2,2,139822,2796483,0,0
0,0,1,0,0,0.0,2,2,139823,2796503,0,0
0,0,1,0,0,0.0,2,2,139824,2796523,0,0
0,0,1,0,0,0.0,2,2,139825,2796543,0,0
0,0,1,0,0,0.0,2,2,139826,2796563,0,0
0,0,1,0,0,0.0,2,2,139827,2796583,0,0
0,0,1,0,0,0.0,2,2,139828,2796603,0,0
0,0,1,0,0,0.0,2,2,139829,2796623,0,0
0,0,1,0,0,0.0,2,2,139830,2796643,0,0
0,0,1,0,0,0.0,2,2,139831,2796663,0,0
0,0,1,0,0,0.0,2,2,139832,2796683,0,0
0,0,1,0,0,0.0,2,2,139833,2796703,0,0
0,0,1,0,0,0.0,2,2,139834,2796723,0,0
0,0,1,0,0,0.0,2,2,139835,2796743,0,0
0,0,1,0,0,0.0,2,2,139836,2796763,0,0
0,0,1,0,0,0.0,2,2,139837,2796783,0,0
0,0,1,0,0,0.0,2,2,139838,2796803,0,0
0,0,1,0,0,0.0,2,2,139839,2796823,0,0
0,0,1,0,0,0.0,2,2,139840,2796843,0,0
0,0,1,0,0,0.0,2,2,139841,2796863,0,0
0,0,1,0,0,0.0,2,2,139842,2796883,0,0
0,0,1,0,0,0.0,2,2,139843,2796903,0,0
0,0,1,0,0,0.0,2,2,139844,2796923,0,0
0,0,1,0,0,0.0,2,2,139845,2796943,0,0
0,0,1,0,0,0.0,2,2,139846,2796963,0,0
0,0,1,0,0,0.0,2,2,139847,2796983,0,0
0,0,1,0,0,0.0,2,2,139848,2797003,0,0
0,0,1,0,0,0.0,2,2,139849,2797023,0,0
0,0,1,0,0,0.0,2,2,139850,2797043,0,0
0,0,1,0,0,0.0,2,2,139851,2797063,0,0
0,0,1,0,0,0.0,2,2,139852,2797083,0,0
0,0,1,0,0,0.0,2,2,139853,2797103,0,0
0,0,1,0,0,0.0,2,2,139854,2797123,0,0
0,0,1,0,0,0.0,2,2,139855,2797143,0,0
0,0,1,0,0,0.0,2,2,139856,2797163,0,0
0,0,1,0,0,0.0,2,2,139857,2797183,0,0
0,0,1,0,0,0.0,2,2,139858,2797203,0,0
0,0,1,0,0,0.0,2,2,139859,2797223,0,0
0,0,1,0,0,0.0,2,2,139860,2797243,0,0
0,0,1,0,0,0.0,2,2,139861,2797263,0,0
0,0,1,0,0,0.0,2,2,139862,2797283,0,0
0,0,1,0,0,0.0,2,2,139863,2797303,0,0
0,0,1,0,0,0.0,2,2,139864,2797323,0,0
0,0,1,0,0,0.0,2,2,139865,2797343,0,0
0,0,1,0,0,0.0,2,2,139866,2797363,0,0
0,0,1,0,0,0.0,2,2,139867,2797383,0,0
0,0,1,0,0,0.0,2,2,139868,2797403,0,0
0,0,1,0,0,0.0,2,2,139869,2797423,0,0
0,0,1,0,0,0.0,2,2,139870,2797443,0,0
0,0,1,0,0,0.0,2,2,139871,2797463,0,0
0,0,1,0,0,0.0,2,2,139872,2797483,0,0
1,0,1,0,0,0.0,2,2,139873,2797503,0,0
1,0,1,0,0,0.0,2,2,139874,2797523,0,0
1,0,1,0,0,0.0,2,2,139875,2797543,0,0
1,0,1,0,0,0.0,2,2,139876,2797563,0,0
1,0,1,0,0,0.0,2,2,139877,2797583,0,0
1,0,1,0,0,0.0,2,2,139878,2797603,0,0
1,0,1,0,0,0.0,2,2,139879,2797623,0,0
1,0,1,0,0,0.0,2,2,139880,2797643,0,0
0,0,1,0,0,0.0,2,2,139881,2797663,0,0
0,0,1,0,0,0.0,2,2,139882,2797683,0,0
0,0,1,0,0,0.0,2,2,139883,2797703,0,0
0,0,1,0,0,0.0,2,2,139884,2797723,0,0
0,0,1,0,0,0.0,2,2,139885,2797743,0,0
0,0,1,0,0,0.0,2,2,139886,2797763,0,0
0,0,1,0,0,0.0,2,2,139887,2797783,0,0
0,0,1,0,0,0.0,2,2,139888,2797803,0,0
0,0,1,0,0,0.0,2,2,139889,2797823,0,0
0,0,1,0,0,0.0,2,2,139890,2797843,0,0
0,0,1,0,0,0.0,2,2,139891,2797863,0,0
0,0,1,0,0,0.0,2,2,139892,2797883,0,0
0,0,1,0,0,0.0,2,2,139893,2797903,0,0
0,0,1,0,0,0.0,2,2,139894,2797923,0,0
0,0,1,0,0,0.0,2,2,139895,2797943,0,0
0,0,1,0,0,0.0,2,2,139896,2797963,0,0
0,0,1,0,0,0.0,2,2,139897,2797983,0,0
0,0,1,0,0,0.0,2,2,139898,2798003,0,0
0,0,1,0,0,0.0,2,2,139899,2798023,0,0
0,0,1,0,0,0.0,2,2,139900,2798043,0,0
0,0,1,0,0,0.0,2,2,139901,2798063,0,0
0,0,1,0,0,0.0,2,2,139902,2798083,0,0
0,0,1,0,0,0.0,2,2,139903,2798103,0,0
0,0,1,0,0,0.0,2,2,139904,2798123,0,0
0,0,1,0,0,0.0,2,2,139905,2798143,0,0
0,0,1,0,0,0.0,2,2,139906,2798163,0,0
0,0,1,0,0,0.0,2,2,139907,2798183,0,0
0,0,1,0,0,0.0,2,2,139908,2798203,0,0
0,0,1,0,0,0.0,2,2,139909,2798223,0,0
0,0,1,0,0,0.0,2,2,139910,2798243,0,0
0,0,1,0,0,0.0,2,2,139911,2798263,0,0
0,0,1,0,0,0.0,2,2,139912,2798283,0,0
0,0,1,0,0,0.0,2,2,139913,2798303,0,0
0,0,1,0,0,0.0,2,2,139914,2798323,0,0
0,0,1,0,0,0.0,2,2,139915,2798343,0,0
0,0,1,0,0,0.0,2,2,139916,2798363,0,0
0,0,1,0,0,0.0,2,2,139917,2798383,0,0
0,0,1,0,0,0.0,2,2,139918,2798403,0,0
0,0,1,0,0,0.0,2,2,139919,2798423,0,0
0,0,1,0,0,0.0,2,2,139920,2798443,0,0
0,0,1,0,0,0.0,2,2,139921,2798463,0,0
0,0,1,0,0,0.0,2,2,139922,2798483,0,0
0,0,1,0,0,0.0,2,2,139923,2798503,0,0
0,0,1,0,0,0.0,2,2,139924,2798523,0,0
0,0,1,0,0,0.0,2,2,139925,2798543,0,0
0,0,1,0,0,0.0,2,2,139926,2798563,0,0
0,0,1,0,0,0.0,2,2,139927,2798583,0,0
0,0,1,0,0,0.0,2,2,139928,2798603,0,0
0,0,1,0,0,0.0,2,2,139929,2798623,0,0
0,0,1,0,0,0.0,2,2,139930,2798643,0,0
0,0,1,0,0,0.0,2,2,139931,2798663,0,0
0,0,1,0,0,0.0,2,2,139932,2798683,0,0
0,0,1,0,0,0.0,2,2,139933,2798703,0,0
0,0,1,0,0,0.0,2,2,139934,2798723,0,0
0,0,1,0,0,0.0,2,2,139935,2798743,0,0
0,0,1,0,0,0.0,2,2,139936,2798763,0,0
0,0,1,0,0,0.0,2,2,139937,2798783,0,0
0,0,1,0,0,0.0,2,2,139938,2798803,0,0
0,0,1,0,0,0.0,2,2,139939,2798823,0,0
0,0,1,0,0,0.0,2,2,139940,2798843,0,0
0,0,1,0,0,0.0,2,2,139941,2798863,0,0
0,0,1,0,0,0.0,2,2,139942,2798883,0,0
0,0,1,0,0,0.0,2,2,139943,2798903,0,0
0,0,1,0,0,0.0,2,2,139944,2798923,0,0
0,0,1,0,0,0.0,2,2,139945,2798943,0,0
0,0,1,0,0,0.0,2,2,139946,2798963,0,0
0,0,1,0,0,0.0,2,2,139947,2798983,0,0
0,0,1,0,0,0.0,2,2,139948,2799003,0,0
0,0,1,0,0,0.0,2,2,139949,2799023,0,0
0,0,1,0,0,0.0,2,2,139950,2799043,0,0
0,0,1,0,0,0.0,2,2,139951,2799063,0,0
0,0,1,0,0,0.0,2,2,139952,2799083,0,0
0,0,1,0,0,0.0,2,2,139953,2799103,0,0
0,0,1,0,0,0.0,2,2,139954,2799123,0,0
0,0,1,0,0,0.0,2,2,139955,2799143,0,0
0,0,1,0,0,0.0,2,2,139956,2799163,0,0
0,0,1,0,0,0.0,2,2,139957,2799183,0,0
0,0,1,0,0,0.0,2,2,139958,2799203,0,0
0,0,1,0,0,0.0,2,2,139959,2799223,0,0
0,0,1,0,0,0.0,2,2,139960,2799243,0,0
0,0,1,0,0,0.0,2,2,139961,2799263,0,0
0,0,1,0,0,0.0,2,2,139962,2799283,0,0
0,0,1,0,0,0.0,2,2,139963,2799303,0,0
0,0,1,0,0,0.0,2,2,139964,2799323,0,0
0,0,1,0,0,0.0,2,2,139965,2799343,0,0
0,0,1,0,0,0.0,2,2,139966,2799363,0,0
0,0,1,0,0,0.0,2,2,139967,2799383,0,0
0,0,1,0,0,0.0,2,2,139968,2799403,0,0
0,0,1,0,0,0.0,2,2,139969,2799423,0,0
0,0,1,0,0,0.0,2,2,139970,2799443,0,0
0,0,1,0,0,0.0,2,2,139971,2799463,0,0
0,0,1,0,0,0.0,2,2,139972,2799483,0,0
0,0,1,0,0,0.0,2,2,139973,2799503,0,0
0,0,1,0,0,0.0,2,2,139974,2799523,0,0
0,0,1,0,0,0.0,2,2,139975,2799543,0,0
0,0,1,0,0,0.0,2,2,139976,2799563,0,0
0,0,1,0,0,0.0,2,2,139977,2799583,0,0
0,0,1,0,0,0.0,2,2,139978,2799603,0,0
0,0,1,0,0,0.0,2,2,139979,2799623,0,0
0,0,1,0,0,0.0,2,2,139980,2799643,0,0
0,0,1,0,0,0.0,2,2,139981,2799663,0,0
0,0,1,0,0,0.0,2,2,139982,2799683,0,0
0,0,1,0,0,0.0,2,2,139983,2799703,0,0
0,0,1,0,0,0.0,2,2,139984,2799723,0,0
0,0,1,0,0,0.0,2,2,139985,2799743,0,0
0,0,1,0,0,0.0,2,2,139986,2799763,0,0
0,0,1,0,0,0.0,2,2,139987,2799783,0,0
0,0,1,0,0,0.0,2,2,139988,2799803,0,0
0,0,1,0,0,0.0,2,2,139989,2799823,0,0
0,0,1,0,0,0.0,2,2,139990,2799843,0,0
0,0,1,0,0,0.0,2,2,139991,2799863,0,0
0,0,1,0,0,0.0,2,2,139992,2799883,0,0
0,1,1,0,0,0.0,3,2,139993,2799903,0,0
0,1,1,0,0,0.0,3,2,139994,2799923,0,0
0,1,1,0,0,0.0,3,2,139995,2799943,0,0
0,1,1,0,0,0.0,3,2,139996,2799963,0,0
0,1,1,-3,2,0.0,3,2,139997,2799983,0,0
0,1,1,0,0,0.0,3,2,139998,2800003,0,0
0,1,1,0,0,0.0,3,2,139999,2800023,0,0
0,1,1,0,-5,0.0,3,2,140000,2800043,0,0
0,1,1,0,0,0.0,3,2,140001,2800063,0,0
0,1,1,0,0,0.0,3,2,140002,2800083,0,0
0,1,1,0,-3,0.0,3,2,140003,2800103,0,0
0,1,1,0,0,0.0,3,2,140004,2800123,0,0
0,1,1,0,-3,0.0,3,2,140005,2800143,0,0
0,1,1,-3,0,0.0,3,2,140006,2800163,0,0
0,1,1,0,-5,0.0,3,2,140007,2800183,0,0
0,1,1,0,2,0.0,3,2,140008,2800203,0,0
0,1,1,0,0,0.0,3,2,140009,2800223,0,0
0,1,1,0,0,0.0,3,2,140010,2800243,0,0
0,1,1,0,0,0.0,3,2,140011,2800263,0,0
0,1,1,0,0,0.0,3,2,140012,2800283,0,0
0,1,1,0,0,0.0,3,2,140013,2800303,0,0
0,1,1,0,0,0.0,3,2,140014,2800323,0,0
0,1,1,0,0,0.0,3,2,140015,2800343,0,0
0,1,1,0,0,0.0,3,2,140016,2800363,0,0
0,1,1,0,0,0.0,3,2,140017,2800383,0,0
0,1,1,0,0,0.0,3,2,140018,2800403,0,0
0,1,1,0,0,0.0,3,2,140019,2800423,0,0
0,1,1,0,0,0.0,3,2,140020,2800443,0,0
0,1,1,0,0,0.0,3,2,140021,2800463,0,0
0,1,1,0,0,0.0,3,2,140022,2800483,0,0
0,1,1,0,0,0.0,3,2,140023,2800503,0,0
0,1,1,0,0,0.0,3,2,140024,2800523,0,0
0,1,1,0,0,0.0,3,2,140025,2800543,0,0
0,1,1,0,0,0.0,3,2,140026,2800563,0,0
0,1,1,0,0,0.0,3,2,140027,2800583,0,0
0,1,1,0,0,0.0,3,2,140028,2800603,0,0
0,1,1,0,0,0.0,3,2,140029,2800623,0,0
0,1,1,0,0,0.0,3,2,140030,2800643,0,0
0,1,1,0,0,0.0,3,2,140031,2800663,0,0
0,1,1,0,0,0.0,3,2,140032,2800683,0,0
0,1,1,0,0,0.0,3,2,140033,2800703,0,0
0,1,1,0,0,0.0,3,2,140034,2800723,0,0
0,1,1,0,0,0.0,3,2,140035,2800743,0,0
0,1,1,0,0,0.0,3,2,140036,2800763,0,0
0,1,1,0,0,0.0,3,2,140037,2800783,0,0
0,1,1,0,0,0.0,3,2,140038,2800803,0,0
0,1,1,-3,0,0.0,3,2,140039,2800823,0,0
0,1,1,0,0,0.0,3,2,140040,2800843,0,0
0,1,1,0,0,0.0,3,2,140041,2800863,0,0
0,1,1,0,0,0.0,3,2,140042,2800883,0,0
0,1,1,0,0,0.0,3,2,140043,2800903,0,0
0,1,1,0,0,0.0,3,2,140044,2800923,0,0
0,1,1,0,0,0.0,3,2,140045,2800943,0,0
0,1,1,0,0,0.0,3,2,140046,2800963,0,0
0,1,1,0,0,0.0,3,2,140047,2800983,0,0
0,1,1,0,0,0.0,3,2,140048,2801003,0,0
0,1,1,0,0,0.0,3,2,140049,2801023,0,0
0,1,1,0,0,0.0,3,2,140050,2801043,0,0
0,1,1,0,0,0.0,3,2,140051,2801063,0,0
0,1,1,0,0,0.0,3,2,140052,2801083,0,0
0,1,1,0,0,0.0,3,2,140053,2801103,0,0
0,1,1,0,0,0.0,3,2,140054,2801123,0,0
0,1,1,0,0,0.0,3,2,140055,2801143,0,0
0,1,1,0,0,0.0,3,2,140056,2801163,0,0
0,1,1,0,0,0.0,3,2,140057,2801183,0,0
0,1,1,0,0,0.0,3,2,140058,2801203,0,0
0,1,1,0,0,0.0,3,2,140059,2801223,0,0
0,1,1,0,0,0.0,3,2,140060,2801243,0,0
0,1,1,0,0,0.0,3,2,140061,2801263,0,0
0,1,1,0,0,0.0,3,2,140062,2801283,0,0
1,1,1,0,0,0.0,3,2,140063,2801303,0,0
1,1,1,0,0,0.0,3,2,140064,2801323,0,0
1,1,1,0,0,0.0,3,2,140065,2801343,0,0
1,1,1,0,0,0.0,3,2,140066,2801363,0,0
1,1,1,0,0,0.0,3,2,140067,2801383,0,0
1,1,1,0,0,0.0,3,2,140068,2801403,0,0
0,1,1,362,-360,159900.0,3,2,140069,2801423,0,0
0,1,1,1219,-1231,159900.0,3,2,140070,2801443,0,0
0,1,1,2073,-2007,159900.0,3,2,140071,2801463,0,0
0,1,1,3005,-2878,159900.0,3,2,140072,2801483,0,0
0,1,1,3862,-3656,159900.0,3,2,140073,2801503,0,0
0,1,1,4683,-4508,159900.0,3,2,140074,2801523,0,0
0,1,1,5516,-5393,159900.0,3,2,140075,2801543,0,0
0,1,1,6397,-6182,159900.0,3,2,140076,2801563,0,0
0,1,1,7248,-7034,159900.0,3,2,140077,2801583,0,0
0,1,1,7937,-7772,159900.0,3,2,140078,2801603,0,0
0,1,1,8441,-8363,159900.0,3,2,140079,2801623,0,0
0,1,1,8755,-8790,159900.0,3,2,140080,2801643,0,0
0,1,1,8981,-9074,159900.0,3,2,140081,2801663,0,0
0,1,1,9132,-9262,159900.0,3,2,140082,2801683,0,0
0,1,1,9226,-9403,159900.0,3,2,140083,2801703,0,0
0,1,1,9326,-9486,159900.0,3,2,140084,2801723,0,0
0,1,1,9379,-9530,159900.0,3,2,140085,2801743,0,0
0,1,1,9412,-9543,159900.0,3,2,140086,2801763,0,0
0,1,1,9437,-9624,159900.0,3,2,140087,2801783,0,0
0,1,1,9454,-9631,159900.0,3,2,140088,2801803,0,0
0,1,1,9475,-9641,159900.0,3,2,140089,2801823,0,0
0,1,1,9500,-9652,159900.0,3,2,140090,2801843,0,0
0,1,1,9490,-9683,159900.0,3,2,140091,2801863,0,0
0,1,1,9479,-9671,159900.0,3,2,140092,2801883,0,0
0,1,1,9462,-9702,159900.0,3,2,140093,2801903,0,0
0,1,1,9469,-9650,159900.0,3,2,140094,2801923,0,0
0,1,1,9498,-9700,159900.0,3,2,140095,2801943,0,0
0,1,1,9527,-9696,159900.0,3,2,140096,2801963,0,0
0,1,1,9517,-9691,159900.0,3,2,140097,2801983,0,0
0,1,1,9494,-9714,159900.0,3,2,140098,2802003,0,0
0,1,1,9473,-9696,159900.0,3,2,140099,2802023,0,0
0,1,1,9502,-9696,159900.0,3,2,140100,2802043,0,0
0,1,1,9533,-9719,159900.0,3,2,140101,2802063,0,0
0,1,1,9521,-9666,159900.0,3,2,140102,2802083,0,0
0,1,1,9498,-9702,159900.0,3,2,140103,2802103,0,0
0,1,1,9473,-9719,159900.0,3,2,140104,2802123,0,0
0,1,1,9487,-9689,159900.0,3,2,140105,2802143,0,0
0,1,1,9517,-9721,159900.0,3,2,140106,2802163,0,0
0,1,1,9536,-9691,159900.0,3,2,140107,2802183,0,0
0,1,1,9515,-9696,159900.0,3,2,140108,2802203,0,0
0,1,1,9496,-9731,159900.0,3,2,140109,2802223,0,0
0,1,1,9479,-9673,159900.0,3,2,140110,2802243,0,0
0,1,1,9498,-9702,159900.0,3,2,140111,2802263,0,0
0,1,1,9519,-9717,159900.0,3,2,140112,2802283,0,0
0,1,1,9515,-9691,159900.0,3,2,140113,2802303,0,0
0,1,1,9498,-9700,159900.0,3,2,140114,2802323,0,0
0,1,1,9481,-9706,159900.0,3,2,140115,2802343,0,0
0,1,1,9500,-9687,159900.0,3,2,140116,2802363,0,0
0,1,1,9519,-9719,159900.0,3,2,140117,2802383,0,0
0,1,1,9531,-9685,159900.0,3,2,140118,2802403,0,0
0,1,1,9506,-9681,159900.0,3,2,140119,2802423,0,0
0,1,1,9496,-9727,159900.0,3,2,140120,2802443,0,0
0,1,1,9485,-9685,159900.0,3,2,140121,2802463,0,0
0,1,1,9510,-9704,159900.0,3,2,140122,2802483,0,0
0,1,1,9521,-9700,159900.0,3,2,140123,2802503,0,0
0,1,1,9525,-9671,159900.0,3,2,140124,2802523,0,0
0,1,1,9498,-9719,159900.0,3,2,140125,2802543,0,0
0,1,1,9494,-9691,159900.0,3,2,140126,2802563,0,0
0,1,1,9510,-9671,159900.0,3,2,140127,2802583,0,0
0,1,1,9521,-9717,159900.0,3,2,140128,2802603,0,0
0,1,1,9521,-9700,159900.0,3,2,140129,2802623,0,0
0,1,1,9498,-9679,159900.0,3,2,140130,2802643,0,0
0,1,1,9494,-9712,159900.0,3,2,140131,2802663,0,0
0,1,1,9498,-9679,159900.0,3,2,140132,2802683,0,0
0,1,1,9510,-9708,159900.0,3,2,140133,2802703,0,0
0,1,1,9515,-9708,159900.0,3,2,140134,2802723,0,0
0,1,1,9515,-9662,159900.0,3,2,140135,2802743,0,0
0,1,1,9496,-9708,159900.0,3,2,140136,2802763,0,0
0,1,1,9496,-9704,159900.0,3,2,140137,2802783,0,0
0,1,1,9513,-9696,159900.0,3,2,140138,2802803,0,0
0,1,1,9515,-9723,159900.0,3,2,140139,2802823,0,0
0,1,1,9506,-9679,159900.0,3,2,140140,2802843,0,0
0,1,1,9494,-9708,159900.0,3,2,140141,2802863,0,0
0,1,1,9498,-9717,159900.0,3,2,140142,2802883,0,0
0,1,1,9513,-9671,159900.0,3,2,140143,2802903,0,0
0,1,1,9508,-9694,159900.0,3,2,140144,2802923,0,0
0,1,1,9498,-9725,159900.0,3,2,140145,2802943,0,0
0,1,1,9496,-9687,159900.0,3,2,140146,2802963,0,0
0,1,1,9498,-9721,159900.0,3,2,140147,2802983,0,0
0,1,1,9500,-9698,159900.0,3,2,140148,2803003,0,0
0,1,1,9517,-9689,159900.0,3,2,140149,2803023,0,0
0,1,1,9504,-9729,159900.0,3,2,140150,2803043,0,0
0,1,1,9496,-9673,159900.0,3,2,140151,2803063,0,0
0,1,1,9490,-9691,159900.0,3,2,140152,2803083,0,0
0,1,1,9504,-9723,159900.0,3,2,140153,2803103,0,0
0,1,1,9510,-9687,159900.0,3,2,140154,2803123,0,0
0,1,1,9517,-9714,159900.0,3,2,140155,2803143,0,0
0,1,1,9496,-9685,159900.0,3,2,140156,2803163,0,0
0,1,1,9490,-9679,159900.0,3,2,140157,2803183,0,0
0,1,1,9508,-9727,159900.0,3,2,140158,2803203,0,0
0,1,1,9515,-9685,159900.0,3,2,140159,2803223,0,0
0,1,1,9519,-9679,159900.0,3,2,140160,2803243,0,0
0,1,1,9498,-9725,159900.0,3,2,140161,2803263,0,0
0,1,1,9492,-9689,159900.0,3,2,140162,2803283,0,0
0,1,1,9494,-9694,159900.0,3,2,140163,2803303,0,0
0,1,1,9519,-9708,159900.0,3,2,140164,2803323,0,0
0,1,1,9523,-9673,159900.0,3,2,140165,2803343,0,0
0,1,1,9517,-9712,159900.0,3,2,140166,2803363,0,0
0,1,1,9494,-9698,159900.0,3,2,140167,2803383,0,0
0,1,1,9490,-9668,159900.0,3,2,140168,2803403,0,0
0,1,1,9523,-9717,159900.0,3,2,140169,2803423,0,0
0,1,1,9521,-9698,159900.0,3,2,140170,2803443,0,0
0,1,1,9510,-9700,159900.0,3,2,140171,2803463,0,0
0,1,1,9494,-9712,159900.0,3,2,140172,2803483,0,0
0,1,1,9490,-9673,159900.0,3,2,140173,2803503,0,0
0,1,1,9510,-9714,159900.0,3,2,140174,2803523,0,0
0,1,1,9529,-9719,159900.0,3,2,140175,2803543,0,0
0,1,1,9521,-9662,159900.0,3,2,140176,2803563,0,0
0,1,1,9498,-9704,159900.0,3,2,140177,2803583,0,0
0,1,1,9490,-9714,159900.0,3,2,140178,2803603,0,0
0,1,1,9494,-9689,159900.0,3,2,140179,2803623,0,0
0,1,1,9523,-9719,159900.0,3,2,140180,2803643,0,0
0,1,1,9533,-9687,159900.0,3,2,140181,2803663,0,0
0,1,1,9510,-9700,159900.0,3,2,140182,2803683,0,0
0,1,1,9483,-9725,159900.0,3,2,140183,2803703,0,0
0,1,1,9502,-9673,159900.0,3,2,140184,2803723,0,0
0,1,1,9529,-9706,159900.0,3,2,140185,2803743,0,0
0,1,1,9531,-9717,159900.0,3,2,140186,2803763,0,0
0,1,1,9504,-9694,159900.0,3,2,140187,2803783,0,0
0,1,1,9477,-9719,159900.0,3,2,140188,2803803,0,0
0,1,1,9487,-9712,159900.0,3,2,140189,2803823,0,0
0,1,1,9510,-9687,159900.0,3,2,140190,2803843,0,0
0,1,1,9529,-9719,159900.0,3,2,140191,2803863,0,0
0,1,1,9519,-9683,159900.0,3,2,140192,2803883,0,0
0,1,1,9487,-9681,159900.0,3,2,140193,2803903,0,0
0,1,1,9471,-9729,159900.0,3,2,140194,2803923,0,0
0,1,1,9494,-9685,159900.0,3,2,140195,2803943,0,0
0,1,1,9525,-9704,159900.0,3,2,140196,2803963,0,0
0,1,1,9529,-9700,159900.0,3,2,140197,2803983,0,0
0,1,1,9485,-9671,159900.0,3,2,140198,2804003,0,0
0,1,1,9473,-9719,159900.0,3,2,140199,2804023,0,0
0,1,1,9494,-9689,159900.0,3,2,140200,2804043,0,0
0,1,1,9521,-9675,159900.0,3,2,140201,2804063,0,0
0,1,1,9527,-9721,159900.0,3,2,140202,2804083,0,0
0,1,1,9504,-9691,159900.0,3,2,140203,2804103,0,0
0,1,1,9477,-9710,159900.0,3,2,140204,2804123,0,0
0,1,1,9479,-9712,159900.0,3,2,140205,2804143,0,0
0,1,1,9510,-9679,159900.0,3,2,140206,2804163,0,0
0,1,1,9538,-9704,159900.0,3,2,140207,2804183,0,0
0,1,1,9521,-9710,159900.0,3,2,140208,2804203,0,0
0,1,1,9496,-9662,159900.0,3,2,140209,2804223,0,0
0,1,1,9477,-9706,159900.0,3,2,140210,2804243,0,0
0,1,1,9494,-9702,159900.0,3,2,140211,2804263,0,0
0,1,1,9519,-9694,159900.0,3,2,140212,2804283,0,0
0,1,1,9536,-9721,159900.0,3,2,140213,2804303,0,0
0,1,1,9496,-9679,159900.0,3,2,140214,2804323,0,0
0,1,1,9475,-9706,159900.0,3,2,140215,2804343,0,0
0,1,1,9498,-9714,159900.0,3,2,140216,2804363,0,0
0,1,1,9519,-9671,159900.0,3,2,140217,2804383,0,0
0,1,1,9533,-9714,159900.0,3,2,140218,2804403,0,0
0,1,1,9510,-9700,159900.0,3,2,140219,2804423,0,0
0,1,1,9498,-9696,159900.0,3,2,140220,2804443,0,0
0,1,1,9485,-9719,159900.0,3,2,140221,2804463,0,0
0,1,1,9506,-9700,159900.0,3,2,140222,2804483,0,0
0,1,1,9521,-9691,159900.0,3,2,140223,2804503,0,0
0,1,1,9527,-9725,159900.0,3,2,140224,2804523,0,0
0,1,1,9500,-9675,159900.0,3,2,140225,2804543,0,0
0,1,1,9496,-9698,159900.0,3,2,140226,2804563,0,0
0,1,1,9492,-9723,159900.0,3,2,140227,2804583,0,0
0,1,1,9521,-9691,159900.0,3,2,140228,2804603,0,0
0,1,1,9525,-9714,159900.0,3,2,140229,2804623,0,0
0,1,1,9502,-9683,159900.0,3,2,140230,2804643,0,0
0,1,1,9496,-9677,159900.0,3,2,140231,2804663,0,0
