event_bits,evt_cmd_burst_toggle,evt_cmd_high_freq_toggle,evt_cmd_reverse_trigger,evt_cmd_shoot_toggle,evt_cmd_vt03_trigger,evt_dial_neg,evt_dial_pos,evt_fn1_cur,evt_fn2_cur,evt_pause_cur,evt_s0_not_down,evt_trigger_cur,evt_vt03_online,fric1_rpm,fric2_rpm,fric_set,high_freq,key_v,rc_s0,rc_s1,seq,shoot_mode,tick_ms,trigger_cur,trigger_spd_set,vt03_toe
256,0,0,0,0,0,0,0,0,0,0,0,0,1,0,0,0.0,1,0,2,2,29430,0,588643,0,0.0,0
256,0,0,0,0,0,0,0,0,0,0,0,0,1,0,-3,0.0,1,0,2,2,29431,0,588663,0,0.0,0
256,0,0,0,0,0,0,0,0,0,0,0,0,1,-3,0,0.0,1,0,2,2,29432,0,588683,0,0.0,0
256,0,0,0,0,0,0,0,0,0,0,0,0,1,0,0,0.0,1,0,2,2,29433,0,588703,0,0.0,0
256,0,0,0,0,0,0,0,0,0,0,0,0,1,0,0,0.0,1,0,2,2,29434,0,588723,0,0.0,0
256,0,0,0,0,0,0,0,0,0,0,0,0,1,0,0,0.0,1,0,2,2,29435,0,588743,0,0.0,0
256,0,0,0,0,0,0,0,0,0,0,0,0,1,0,0,0.0,1,0,2,2,29436,0,588763,0,0.0,0
256,0,0,0,0,0,0,0,0,0,0,0,0,1,0,-3,0.0,1,0,2,2,29437,0,588783,0,0.0,0
256,0,0,0,0,0,0,0,0,0,0,0,0,1,-3,-3,0.0,1,0,2,2,29438,0,588803,0,0.0,0
256,0,0,0,0,0,0,0,0,0,0,0,0,1,0,0,0.0,1,0,2,2,29439,0,588823,0,0.0,0
256,0,0,0,0,0,0,0,0,0,0,0,0,1,0,-5,0.0,1,0,2,2,29440,0,588843,0,0.0,0
256,0,0,0,0,0,0,0,0,0,0,0,0,1,0,0,0.0,1,0,2,2,29441,0,588863,0,0.0,0
256,0,0,0,0,0,0,0,0,0,0,0,0,1,0,2,0.0,1,0,2,2,29442,0,588883,0,0.0,0
256,0,0,0,0,0,0,0,0,0,0,0,0,1,0,-3,0.0,1,0,2,2,29443,0,588903,0,0.0,0
256,0,0,0,0,0,0,0,0,0,0,0,0,1,0,0,0.0,1,0,2,2,29444,0,588923,0,0.0,0
256,0,0,0,0,0,0,0,0,0,0,0,0,1,0,0,0.0,1,0,2,2,29445,0,588943,0,0.0,0
256,0,0,0,0,0,0,0,0,0,0,0,0,1,0,0,0.0,1,0,2,2,29446,0,588963,0,0.0,0
256,0,0,0,0,0,0,0,0,0,0,0,0,1,0,0,0.0,1,0,2,2,29447,0,588983,0,0.0,0
256,0,0,0,0,0,0,0,0,0,0,0,0,1,-3,0,0.0,1,0,2,2,29448,0,589003,0,0.0,0
256,0,0,0,0,0,0,0,0,0,0,0,0,1,0,0,0.0,1,0,2,2,29449,0,589023,0,0.0,0
256,0,0,0,0,0,0,0,0,0,0,0,0,1,0,0,0.0,1,0,2,2,29450,0,589043,0,0.0,0
256,0,0,0,0,0,0,0,0,0,0,0,0,1,0,0,0.0,1,0,2,2,29451,0,589063,0,0.0,0
256,0,0,0,0,0,0,0,0,0,0,0,0,1,0,0,0.0,1,0,2,2,29452,0,589083,0,0.0,0
256,0,0,0,0,0,0,0,0,0,0,0,0,1,0,0,0.0,1,0,2,2,29453,0,589103,0,0.0,0
256,0,0,0,0,0,0,0,0,0,0,0,0,1,0,0,0.0,1,0,2,2,29454,0,589123,0,0.0,0
256,0,0,0,0,0,0,0,0,0,0,0,0,1,0,-3,0.0,1,0,2,2,29455,0,589143,0,0.0,0
256,0,0,0,0,0,0,0,0,0,0,0,0,1,0,0,0.0,1,0,2,2,29456,0,589163,0,0.0,0
256,0,0,0,0,0,0,0,0,0,0,0,0,1,0,-3,0.0,1,0,2,2,29457,0,589183,0,0.0,0
256,0,0,0,0,0,0,0,0,0,0,0,0,1,0,-3,0.0,1,0,2,2,29458,0,589203,0,0.0,0
256,0,0,0,0,0,0,0,0,0,0,0,0,1,0,0,0.0,1,0,2,2,29459,0,589223,0,0.0,0
256,0,0,0,0,0,0,0,0,0,0,0,0,1,0,0,0.0,1,0,2,2,29460,0,589243,0,0.0,0
256,0,0,0,0,0,0,0,0,0,0,0,0,1,0,0,0.0,1,0,2,2,29461,0,589263,0,0.0,0
256,0,0,0,0,0,0,0,0,0,0,0,0,1,0,0,0.0,1,0,2,2,29462,0,589283,0,0.0,0
256,0,0,0,0,0,0,0,0,0,0,0,0,1,-3,0,0.0,1,0,2,2,29463,0,589303,0,0.0,0
256,0,0,0,0,0,0,0,0,0,0,0,0,1,0,0,0.0,1,0,2,2,29464,0,589323,0,0.0,0
256,0,0,0,0,0,0,0,0,0,0,0,0,1,0,-3,0.0,1,0,2,2,29465,0,589343,0,0.0,0
256,0,0,0,0,0,0,0,0,0,0,0,0,1,-3,0,0.0,1,0,2,2,29466,0,589363,0,0.0,0
256,0,0,0,0,0,0,0,0,0,0,0,0,1,0,-5,0.0,1,0,2,2,29467,0,589383,0,0.0,0
256,0,0,0,0,0,0,0,0,0,0,0,0,1,-3,0,0.0,1,0,2,2,29468,0,589403,0,0.0,0
256,0,0,0,0,0,0,0,0,0,0,0,0,1,0,0,0.0,1,0,2,2,29469,0,589423,0,0.0,0
256,0,0,0,0,0,0,0,0,0,0,0,0,1,-3,0,0.0,1,0,2,2,29470,0,589443,0,0.0,0
256,0,0,0,0,0,0,0,0,0,0,0,0,1,-3,-3,0.0,1,0,2,2,29471,0,589463,0,0.0,0
256,0,0,0,0,0,0,0,0,0,0,0,0,1,0,0,0.0,1,0,2,2,29472,0,589483,0,0.0,0
256,0,0,0,0,0,0,0,0,0,0,0,0,1,0,-3,0.0,1,0,2,2,29473,0,589503,0,0.0,0
256,0,0,0,0,0,0,0,0,0,0,0,0,1,-3,0,0.0,1,0,2,2,29474,0,589523,0,0.0,0
256,0,0,0,0,0,0,0,0,0,0,0,0,1,0,0,0.0,1,0,2,2,29475,0,589543,0,0.0,0
256,0,0,0,0,0,0,0,0,0,0,0,0,1,-3,0,0.0,1,0,2,2,29476,0,589563,0,0.0,0
256,0,0,0,0,0,0,0,0,0,0,0,0,1,0,0,0.0,1,0,2,2,29477,0,589583,0,0.0,0
256,0,0,0,0,0,0,0,0,0,0,0,0,1,0,2,0.0,1,0,2,2,29478,0,589603,0,0.0,0
256,0,0,0,0,0,0,0,0,0,0,0,0,1,0,0,0.0,1,0,2,2,29479,0,589623,0,0.0,0
256,0,0,0,0,0,0,0,0,0,0,0,0,1,2,0,0.0,1,0,2,2,29480,0,589643,0,0.0,0
256,0,0,0,0,0,0,0,0,0,0,0,0,1,0,-5,0.0,1,0,2,2,29481,0,589663,0,0.0,0
256,0,0,0,0,0,0,0,0,0,0,0,0,1,-3,0,0.0,1,0,2,2,29482,0,589683,0,0.0,0
256,0,0,0,0,0,0,0,0,0,0,0,0,1,0,0,0.0,1,0,2,2,29483,0,589703,0,0.0,0
256,0,0,0,0,0,0,0,0,0,0,0,0,1,0,0,0.0,1,0,2,2,29484,0,589723,0,0.0,0
256,0,0,0,0,0,0,0,0,0,0,0,0,1,-3,0,0.0,1,0,2,2,29485,0,589743,0,0.0,0
256,0,0,0,0,0,0,0,0,0,0,0,0,1,0,0,0.0,1,0,2,2,29486,0,589763,0,0.0,0
256,0,0,0,0,0,0,0,0,0,0,0,0,1,-3,0,0.0,1,0,2,2,29487,0,589783,0,0.0,0
256,0,0,0,0,0,0,0,0,0,0,0,0,1,0,0,0.0,1,0,2,2,29488,0,589803,0,0.0,0
256,0,0,0,0,0,0,0,0,0,0,0,0,1,0,-3,0.0,1,0,2,2,29489,0,589823,0,0.0,0
256,0,0,0,0,0,0,0,0,0,0,0,0,1,-3,0,0.0,1,0,2,2,29490,0,589843,0,0.0,0
256,0,0,0,0,0,0,0,0,0,0,0,0,1,0,0,0.0,1,0,2,2,29491,0,589863,0,0.0,0
256,0,0,0,0,0,0,0,0,0,0,0,0,1,0,0,0.0,1,0,2,2,29492,0,589883,0,0.0,0
256,0,0,0,0,0,0,0,0,0,0,0,0,1,0,0,0.0,1,0,2,2,29493,0,589903,0,0.0,0
256,0,0,0,0,0,0,0,0,0,0,0,0,1,0,-3,0.0,1,0,2,2,29494,0,589923,0,0.0,0
256,0,0,0,0,0,0,0,0,0,0,0,0,1,0,0,0.0,1,0,2,2,29495,0,589943,0,0.0,0
256,0,0,0,0,0,0,0,0,0,0,0,0,1,0,-3,0.0,1,0,2,2,29496,0,589963,0,0.0,0
256,0,0,0,0,0,0,0,0,0,0,0,0,1,-3,-3,0.0,1,0,2,2,29497,0,589983,0,0.0,0
256,0,0,0,0,0,0,0,0,0,0,0,0,1,0,0,0.0,1,0,2,2,29498,0,590003,0,0.0,0
256,0,0,0,0,0,0,0,0,0,0,0,0,1,0,0,0.0,1,0,2,2,29499,0,590023,0,0.0,0
256,0,0,0,0,0,0,0,0,0,0,0,0,1,0,0,0.0,1,0,2,2,29500,0,590043,0,0.0,0
256,0,0,0,0,0,0,0,0,0,0,0,0,1,-3,0,0.0,1,0,2,2,29501,0,590063,0,0.0,0
256,0,0,0,0,0,0,0,0,0,0,0,0,1,0,0,0.0,1,0,2,2,29502,0,590083,0,0.0,0
256,0,0,0,0,0,0,0,0,0,0,0,0,1,-3,0,0.0,1,0,2,2,29503,0,590103,0,0.0,0
256,0,0,0,0,0,0,0,0,0,0,0,0,1,2,0,0.0,1,0,2,2,29504,0,590123,0,0.0,0
256,0,0,0,0,0,0,0,0,0,0,0,0,1,0,-3,0.0,1,0,2,2,29505,0,590143,0,0.0,0
256,0,0,0,0,0,0,0,0,0,0,0,0,1,-3,0,0.0,1,0,2,2,29506,0,590163,0,0.0,0
256,0,0,0,0,0,0,0,0,0,0,0,0,1,-3,-3,0.0,1,0,2,2,29507,0,590183,0,0.0,0
256,0,0,0,0,0,0,0,0,0,0,0,0,1,0,0,0.0,1,0,2,2,29508,0,590203,0,0.0,0
256,0,0,0,0,0,0,0,0,0,0,0,0,1,-5,-3,0.0,1,0,2,2,29509,0,590223,0,0.0,0
256,0,0,0,0,0,0,0,0,0,0,0,0,1,0,0,0.0,1,0,2,2,29510,0,590243,0,0.0,0
256,0,0,0,0,0,0,0,0,0,0,0,0,1,0,-3,0.0,1,0,2,2,29511,0,590263,0,0.0,0
256,0,0,0,0,0,0,0,0,0,0,0,0,1,-5,0,0.0,1,0,2,2,29512,0,590283,0,0.0,0
256,0,0,0,0,0,0,0,0,0,0,0,0,1,0,0,0.0,1,0,2,2,29513,0,590303,0,0.0,0
256,0,0,0,0,0,0,0,0,0,0,0,0,1,-3,0,0.0,1,0,2,2,29514,0,590323,0,0.0,0
256,0,0,0,0,0,0,0,0,0,0,0,0,1,0,0,0.0,1,0,2,2,29515,0,590343,0,0.0,0
256,0,0,0,0,0,0,0,0,0,0,0,0,1,0,0,0.0,1,0,2,2,29516,0,590363,0,0.0,0
256,0,0,0,0,0,0,0,0,0,0,0,0,1,0,0,0.0,1,0,2,2,29517,0,590383,0,0.0,0
256,0,0,0,0,0,0,0,0,0,0,0,0,1,0,2,0.0,1,0,2,2,29518,0,590403,0,0.0,0
256,0,0,0,0,0,0,0,0,0,0,0,0,1,0,0,0.0,1,0,2,2,29519,0,590423,0,0.0,0
256,0,0,0,0,0,0,0,0,0,0,0,0,1,0,0,0.0,1,0,2,2,29520,0,590443,0,0.0,0
256,0,0,0,0,0,0,0,0,0,0,0,0,1,-3,0,0.0,1,0,2,2,29521,0,590463,0,0.0,0
256,0,0,0,0,0,0,0,0,0,0,0,0,1,-3,-3,0.0,1,0,2,2,29522,0,590483,0,0.0,0
256,0,0,0,0,0,0,0,0,0,0,0,0,1,0,0,0.0,1,0,2,2,29523,0,590503,0,0.0,0
256,0,0,0,0,0,0,0,0,0,0,0,0,1,0,0,0.0,1,0,2,2,29524,0,590523,0,0.0,0
256,0,0,0,0,0,0,0,0,0,0,0,0,1,0,0,0.0,1,0,2,2,29525,0,590543,0,0.0,0
256,0,0,0,0,0,0,0,0,0,0,0,0,1,-5,0,0.0,1,0,2,2,29526,0,590563,0,0.0,0
256,0,0,0,0,0,0,0,0,0,0,0,0,1,0,0,0.0,1,0,2,2,29527,0,590583,0,0.0,0
256,0,0,0,0,0,0,0,0,0,0,0,0,1,-3,-3,0.0,1,0,2,2,29528,0,590603,0,0.0,0
256,0,0,0,0,0,0,0,0,0,0,0,0,1,4,0,0.0,1,0,2,2,29529,0,590623,0,0.0,0
256,0,0,0,0,0,0,0,0,0,0,0,0,1,-3,0,0.0,1,0,2,2,29530,0,590643,0,0.0,0
256,0,0,0,0,0,0,0,0,0,0,0,0,1,0,0,0.0,1,0,2,2,29531,0,590663,0,0.0,0
256,0,0,0,0,0,0,0,0,0,0,0,0,1,0,0,0.0,1,0,2,2,29532,0,590683,0,0.0,0
256,0,0,0,0,0,0,0,0,0,0,0,0,1,0,0,0.0,1,0,2,2,29533,0,590703,0,0.0,0
256,0,0,0,0,0,0,0,0,0,0,0,0,1,0,0,0.0,1,0,2,2,29534,0,590723,0,0.0,0
256,0,0,0,0,0,0,0,0,0,0,0,0,1,0,-3,0.0,1,0,2,2,29535,0,590743,0,0.0,0
256,0,0,0,0,0,0,0,0,0,0,0,0,1,-3,0,0.0,1,0,2,2,29536,0,590763,0,0.0,0
256,0,0,0,0,0,0,0,0,0,0,0,0,1,0,0,0.0,1,0,2,2,29537,0,590783,0,0.0,0
256,0,0,0,0,0,0,0,0,0,0,0,0,1,-3,0,0.0,1,0,2,2,29538,0,590803,0,0.0,0
256,0,0,0,0,0,0,0,0,0,0,0,0,1,0,-3,0.0,1,0,2,2,29539,0,590823,0,0.0,0
256,0,0,0,0,0,0,0,0,0,0,0,0,1,-3,-3,0.0,1,0,2,2,29540,0,590843,0,0.0,0
256,0,0,0,0,0,0,0,0,0,0,0,0,1,0,0,0.0,1,0,2,2,29541,0,590863,0,0.0,0
256,0,0,0,0,0,0,0,0,0,0,0,0,1,0,0,0.0,1,0,2,2,29542,0,590883,0,0.0,0
256,0,0,0,0,0,0,0,0,0,0,0,0,1,0,0,0.0,1,0,2,2,29543,0,590903,0,0.0,0
256,0,0,0,0,0,0,0,0,0,0,0,0,1,0,-3,0.0,1,0,2,2,29544,0,590923,0,0.0,0
256,0,0,0,0,0,0,0,0,0,0,0,0,1,0,0,0.0,1,0,2,2,29545,0,590943,0,0.0,0
256,0,0,0,0,0,0,0,0,0,0,0,0,1,0,0,0.0,1,0,2,2,29546,0,590963,0,0.0,0
256,0,0,0,0,0,0,0,0,0,0,0,0,1,0,-5,0.0,1,0,2,2,29547,0,590983,0,0.0,0
256,0,0,0,0,0,0,0,0,0,0,0,0,1,2,0,0.0,1,0,2,2,29548,0,591003,0,0.0,0
256,0,0,0,0,0,0,0,0,0,0,0,0,1,-3,-3,0.0,1,0,2,2,29549,0,591023,0,0.0,0
256,0,0,0,0,0,0,0,0,0,0,0,0,1,0,0,0.0,1,0,2,2,29550,0,591043,0,0.0,0
256,0,0,0,0,0,0,0,0,0,0,0,0,1,0,-5,0.0,1,0,2,2,29551,0,591063,0,0.0,0
256,0,0,0,0,0,0,0,0,0,0,0,0,1,0,0,0.0,1,0,2,2,29552,0,591083,0,0.0,0
256,0,0,0,0,0,0,0,0,0,0,0,0,1,0,-3,0.0,1,0,2,2,29553,0,591103,0,0.0,0
256,0,0,0,0,0,0,0,0,0,0,0,0,1,0,0,0.0,1,0,2,2,29554,0,591123,0,0.0,0
256,0,0,0,0,0,0,0,0,0,0,0,0,1,0,-3,0.0,1,0,2,2,29555,0,591143,0,0.0,0
256,0,0,0,0,0,0,0,0,0,0,0,0,1,0,0,0.0,1,0,2,2,29556,0,591163,0,0.0,0
256,0,0,0,0,0,0,0,0,0,0,0,0,1,-3,0,0.0,1,0,2,2,29557,0,591183,0,0.0,0
256,0,0,0,0,0,0,0,0,0,0,0,0,1,0,0,0.0,1,0,2,2,29558,0,591203,0,0.0,0
256,0,0,0,0,0,0,0,0,0,0,0,0,1,0,0,0.0,1,0,2,2,29559,0,591223,0,0.0,0
256,0,0,0,0,0,0,0,0,0,0,0,0,1,0,0,0.0,1,0,2,2,29560,0,591243,0,0.0,0
256,0,0,0,0,0,0,0,0,0,0,0,0,1,0,0,0.0,1,0,2,2,29561,0,591263,0,0.0,0
256,0,0,0,0,0,0,0,0,0,0,0,0,1,-3,0,0.0,1,0,2,2,29562,0,591283,0,0.0,0
256,0,0,0,0,0,0,0,0,0,0,0,0,1,-3,-3,0.0,1,0,2,2,29563,0,591303,0,0.0,0
256,0,0,0,0,0,0,0,0,0,0,0,0,1,-3,0,0.0,1,0,2,2,29564,0,591323,0,0.0,0
256,0,0,0,0,0,0,0,0,0,0,0,0,1,0,0,0.0,1,0,2,2,29565,0,591343,0,0.0,0
256,0,0,0,0,0,0,0,0,0,0,0,0,1,0,-3,0.0,1,0,2,2,29566,0,591363,0,0.0,0
256,0,0,0,0,0,0,0,0,0,0,0,0,1,0,0,0.0,1,0,2,2,29567,0,591383,0,0.0,0
256,0,0,0,0,0,0,0,0,0,0,0,0,1,0,0,0.0,1,0,2,2,29568,0,591403,0,0.0,0
256,0,0,0,0,0,0,0,0,0,0,0,0,1,0,-3,0.0,1,0,2,2,29569,0,591423,0,0.0,0
256,0,0,0,0,0,0,0,0,0,0,0,0,1,0,0,0.0,1,0,2,2,29570,0,591443,0,0.0,0
256,0,0,0,0,0,0,0,0,0,0,0,0,1,0,-3,0.0,1,0,2,2,29571,0,591463,0,0.0,0
256,0,0,0,0,0,0,0,0,0,0,0,0,1,0,2,0.0,1,0,2,2,29572,0,591483,0,0.0,0
256,0,0,0,0,0,0,0,0,0,0,0,0,1,0,0,0.0,1,0,2,2,29573,0,591503,0,0.0,0
256,0,0,0,0,0,0,0,0,0,0,0,0,1,0,0,0.0,1,0,2,2,29574,0,591523,0,0.0,0
256,0,0,0,0,0,0,0,0,0,0,0,0,1,0,-3,0.0,1,0,2,2,29575,0,591543,0,0.0,0
256,0,0,0,0,0,0,0,0,0,0,0,0,1,0,0,0.0,1,0,2,2,29576,0,591563,0,0.0,0
256,0,0,0,0,0,0,0,0,0,0,0,0,1,2,-3,0.0,1,0,2,2,29577,0,591583,0,0.0,0
256,0,0,0,0,0,0,0,0,0,0,0,0,1,0,0,0.0,1,0,2,2,29578,0,591603,0,0.0,0
256,0,0,0,0,0,0,0,0,0,0,0,0,1,-3,0,0.0,1,0,2,2,29579,0,591623,0,0.0,0
256,0,0,0,0,0,0,0,0,0,0,0,0,1,0,0,0.0,1,0,2,2,29580,0,591643,0,0.0,0
256,0,0,0,0,0,0,0,0,0,0,0,0,1,0,0,0.0,1,0,2,2,29581,0,591663,0,0.0,0
256,0,0,0,0,0,0,0,0,0,0,0,0,1,-3,-3,0.0,1,0,2,2,29582,0,591683,0,0.0,0
256,0,0,0,0,0,0,0,0,0,0,0,0,1,0,-3,0.0,1,0,2,2,29583,0,591703,0,0.0,0
256,0,0,0,0,0,0,0,0,0,0,0,0,1,0,-5,0.0,1,0,2,2,29584,0,591723,0,0.0,0
256,0,0,0,0,0,0,0,0,0,0,0,0,1,0,-3,0.0,1,0,2,2,29585,0,591743,0,0.0,0
256,0,0,0,0,0,0,0,0,0,0,0,0,1,0,0,0.0,1,0,2,2,29586,0,591763,0,0.0,0
256,0,0,0,0,0,0,0,0,0,0,0,0,1,0,0,0.0,1,0,2,2,29587,0,591783,0,0.0,0
256,0,0,0,0,0,0,0,0,0,0,0,0,1,-3,0,0.0,1,0,2,2,29588,0,591803,0,0.0,0
256,0,0,0,0,0,0,0,0,0,0,0,0,1,2,-3,0.0,1,0,2,2,29589,0,591823,0,0.0,0
256,0,0,0,0,0,0,0,0,0,0,0,0,1,-3,0,0.0,1,0,2,2,29590,0,591843,0,0.0,0
256,0,0,0,0,0,0,0,0,0,0,0,0,1,-3,0,0.0,1,0,2,2,29591,0,591863,0,0.0,0
256,0,0,0,0,0,0,0,0,0,0,0,0,1,0,0,0.0,1,0,2,2,29592,0,591883,0,0.0,0
256,0,0,0,0,0,0,0,0,0,0,0,0,1,0,-3,0.0,1,0,2,2,29593,0,591903,0,0.0,0
256,0,0,0,0,0,0,0,0,0,0,0,0,1,0,0,0.0,1,0,2,2,29594,0,591923,0,0.0,0
256,0,0,0,0,0,0,0,0,0,0,0,0,1,0,0,0.0,1,0,2,2,29595,0,591943,0,0.0,0
256,0,0,0,0,0,0,0,0,0,0,0,0,1,0,0,0.0,1,0,2,2,29596,0,591963,0,0.0,0
256,0,0,0,0,0,0,0,0,0,0,0,0,1,0,0,0.0,1,0,2,2,29597,0,591983,0,0.0,0
256,0,0,0,0,0,0,0,0,0,0,0,0,1,0,0,0.0,1,0,2,2,29598,0,592003,0,0.0,0
256,0,0,0,0,0,0,0,0,0,0,0,0,1,0,0,0.0,1,0,2,2,29599,0,592023,0,0.0,0
256,0,0,0,0,0,0,0,0,0,0,0,0,1,0,0,0.0,1,0,2,2,29600,0,592043,0,0.0,0
256,0,0,0,0,0,0,0,0,0,0,0,0,1,0,0,0.0,1,0,2,2,29601,0,592063,0,0.0,0
256,0,0,0,0,0,0,0,0,0,0,0,0,1,-3,0,0.0,1,0,2,2,29602,0,592083,0,0.0,0
256,0,0,0,0,0,0,0,0,0,0,0,0,1,0,0,0.0,1,0,2,2,29603,0,592103,0,0.0,0
256,0,0,0,0,0,0,0,0,0,0,0,0,1,0,-3,0.0,1,0,2,2,29604,0,592123,0,0.0,0
256,0,0,0,0,0,0,0,0,0,0,0,0,1,-3,0,0.0,1,0,2,2,29605,0,592143,0,0.0,0
256,0,0,0,0,0,0,0,0,0,0,0,0,1,0,0,0.0,1,0,2,2,29606,0,592163,0,0.0,0
256,0,0,0,0,0,0,0,0,0,0,0,0,1,0,0,0.0,1,0,2,2,29607,0,592183,0,0.0,0
256,0,0,0,0,0,0,0,0,0,0,0,0,1,-3,0,0.0,1,0,2,2,29608,0,592203,0,0.0,0
256,0,0,0,0,0,0,0,0,0,0,0,0,1,0,-3,0.0,1,0,2,2,29609,0,592223,0,0.0,0
256,0,0,0,0,0,0,0,0,0,0,0,0,1,-3,0,0.0,1,0,2,2,29610,0,592243,0,0.0,0
256,0,0,0,0,0,0,0,0,0,0,0,0,1,0,0,0.0,1,0,2,2,29611,0,592263,0,0.0,0
256,0,0,0,0,0,0,0,0,0,0,0,0,1,0,-3,0.0,1,0,2,2,29612,0,592283,0,0.0,0
256,0,0,0,0,0,0,0,0,0,0,0,0,1,0,0,0.0,1,0,2,2,29613,0,592303,0,0.0,0
256,0,0,0,0,0,0,0,0,0,0,0,0,1,0,0,0.0,1,0,2,2,29614,0,592323,0,0.0,0
256,0,0,0,0,0,0,0,0,0,0,0,0,1,0,0,0.0,1,0,2,2,29615,0,592343,0,0.0,0
256,0,0,0,0,0,0,0,0,0,0,0,0,1,0,0,0.0,1,0,2,2,29616,0,592363,0,0.0,0
256,0,0,0,0,0,0,0,0,0,0,0,0,1,0,0,0.0,1,0,2,2,29617,0,592383,0,0.0,0
256,0,0,0,0,0,0,0,0,0,0,0,0,1,0,0,0.0,1,0,2,2,29618,0,592403,0,0.0,0
256,0,0,0,0,0,0,0,0,0,0,0,0,1,0,0,0.0,1,0,2,2,29619,0,592423,0,0.0,0
256,0,0,0,0,0,0,0,0,0,0,0,0,1,0,0,0.0,1,0,2,2,29620,0,592443,0,0.0,0
256,0,0,0,0,0,0,0,0,0,0,0,0,1,0,-3,0.0,1,0,2,2,29621,0,592463,0,0.0,0
256,0,0,0,0,0,0,0,0,0,0,0,0,1,0,0,0.0,1,0,2,2,29622,0,592483,0,0.0,0
256,0,0,0,0,0,0,0,0,0,0,0,0,1,0,-5,0.0,1,0,2,2,29623,0,592503,0,0.0,0
256,0,0,0,0,0,0,0,0,0,0,0,0,1,0,-3,0.0,1,0,2,2,29624,0,592523,0,0.0,0
256,0,0,0,0,0,0,0,0,0,0,0,0,1,-3,0,0.0,1,0,2,2,29625,0,592543,0,0.0,0
256,0,0,0,0,0,0,0,0,0,0,0,0,1,2,-3,0.0,1,0,2,2,29626,0,592563,0,0.0,0
256,0,0,0,0,0,0,0,0,0,0,0,0,1,-3,0,0.0,1,0,2,2,29627,0,592583,0,0.0,0
256,0,0,0,0,0,0,0,0,0,0,0,0,1,0,-3,0.0,1,0,2,2,29628,0,592603,0,0.0,0
256,0,0,0,0,0,0,0,0,0,0,0,0,1,0,0,0.0,1,0,2,2,29629,0,592623,0,0.0,0
256,0,0,0,0,0,0,0,0,0,0,0,0,1,0,-3,0.0,1,0,2,2,29630,0,592643,0,0.0,0
256,0,0,0,0,0,0,0,0,0,0,0,0,1,0,0,0.0,1,0,2,2,29631,0,592663,0,0.0,0
256,0,0,0,0,0,0,0,0,0,0,0,0,1,0,-3,0.0,1,0,2,2,29632,0,592683,0,0.0,0
256,0,0,0,0,0,0,0,0,0,0,0,0,1,0,0,0.0,1,0,2,2,29633,0,592703,0,0.0,0
256,0,0,0,0,0,0,0,0,0,0,0,0,1,-3,0,0.0,1,0,2,2,29634,0,592723,0,0.0,0
256,0,0,0,0,0,0,0,0,0,0,0,0,1,-3,2,0.0,1,0,2,2,29635,0,592743,0,0.0,0
256,0,0,0,0,0,0,0,0,0,0,0,0,1,-3,-5,0.0,1,0,2,2,29636,0,592763,0,0.0,0
256,0,0,0,0,0,0,0,0,0,0,0,0,1,0,4,0.0,1,0,2,2,29637,0,592783,0,0.0,0
256,0,0,0,0,0,0,0,0,0,0,0,0,1,0,0,0.0,1,0,2,2,29638,0,592803,0,0.0,0
256,0,0,0,0,0,0,0,0,0,0,0,0,1,-3,0,0.0,1,0,2,2,29639,0,592823,0,0.0,0
256,0,0,0,0,0,0,0,0,0,0,0,0,1,0,-3,0.0,1,0,2,2,29640,0,592843,0,0.0,0
256,0,0,0,0,0,0,0,0,0,0,0,0,1,0,2,0.0,1,0,2,2,29641,0,592863,0,0.0,0
256,0,0,0,0,0,0,0,0,0,0,0,0,1,0,-5,0.0,1,0,2,2,29642,0,592883,0,0.0,0
256,0,0,0,0,0,0,0,0,0,0,0,0,1,0,0,0.0,1,0,2,2,29643,0,592903,0,0.0,0
256,0,0,0,0,0,0,0,0,0,0,0,0,1,0,-3,0.0,1,0,2,2,29644,0,592923,0,0.0,0
256,0,0,0,0,0,0,0,0,0,0,0,0,1,0,0,0.0,1,0,2,2,29645,0,592943,0,0.0,0
256,0,0,0,0,0,0,0,0,0,0,0,0,1,0,-3,0.0,1,0,2,2,29646,0,592963,0,0.0,0
256,0,0,0,0,0,0,0,0,0,0,0,0,1,-3,0,0.0,1,0,2,2,29647,0,592983,0,0.0,0
256,0,0,0,0,0,0,0,0,0,0,0,0,1,-3,0,0.0,1,0,2,2,29648,0,593003,0,0.0,0
256,0,0,0,0,0,0,0,0,0,0,0,0,1,0,0,0.0,1,0,2,2,29649,0,593023,0,0.0,0
256,0,0,0,0,0,0,0,0,0,0,0,0,1,0,-3,0.0,1,0,2,2,29650,0,593043,0,0.0,0
256,0,0,0,0,0,0,0,0,0,0,0,0,1,4,0,0.0,1,0,2,2,29651,0,593063,0,0.0,0
256,0,0,0,0,0,0,0,0,0,0,0,0,1,0,0,0.0,1,0,2,2,29652,0,593083,0,0.0,0
256,0,0,0,0,0,0,0,0,0,0,0,0,1,0,0,0.0,1,0,2,2,29653,0,593103,0,0.0,0
256,0,0,0,0,0,0,0,0,0,0,0,0,1,0,0,0.0,1,0,2,2,29654,0,593123,0,0.0,0
256,0,0,0,0,0,0,0,0,0,0,0,0,1,0,0,0.0,1,0,2,2,29655,0,593143,0,0.0,0
256,0,0,0,0,0,0,0,0,0,0,0,0,1,0,-5,0.0,1,0,2,2,29656,0,593163,0,0.0,0
256,0,0,0,0,0,0,0,0,0,0,0,0,1,0,0,0.0,1,0,2,2,29657,0,593183,0,0.0,0
256,0,0,0,0,0,0,0,0,0,0,0,0,1,-3,0,0.0,1,0,2,2,29658,0,593203,0,0.0,0
256,0,0,0,0,0,0,0,0,0,0,0,0,1,-3,0,0.0,1,0,2,2,29659,0,593223,0,0.0,0
256,0,0,0,0,0,0,0,0,0,0,0,0,1,0,0,0.0,1,0,2,2,29660,0,593243,0,0.0,0
256,0,0,0,0,0,0,0,0,0,0,0,0,1,0,0,0.0,1,0,2,2,29661,0,593263,0,0.0,0
256,0,0,0,0,0,0,0,0,0,0,0,0,1,0,0,0.0,1,0,2,2,29662,0,593283,0,0.0,0
256,0,0,0,0,0,0,0,0,0,0,0,0,1,0,0,0.0,1,0,2,2,29663,0,593303,0,0.0,0
256,0,0,0,0,0,0,0,0,0,0,0,0,1,-3,0,0.0,1,0,2,2,29664,0,593323,0,0.0,0
256,0,0,0,0,0,0,0,0,0,0,0,0,1,-3,0,0.0,1,0,2,2,29665,0,593343,0,0.0,0
256,0,0,0,0,0,0,0,0,0,0,0,0,1,0,0,0.0,1,0,2,2,29666,0,593363,0,0.0,0
256,0,0,0,0,0,0,0,0,0,0,0,0,1,-3,2,0.0,1,0,2,2,29667,0,593383,0,0.0,0
256,0,0,0,0,0,0,0,0,0,0,0,0,1,0,-3,0.0,1,0,2,2,29668,0,593403,0,0.0,0
256,0,0,0,0,0,0,0,0,0,0,0,0,1,0,0,0.0,1,0,2,2,29669,0,593423,0,0.0,0
256,0,0,0,0,0,0,0,0,0,0,0,0,1,0,-3,0.0,1,0,2,2,29670,0,593443,0,0.0,0
256,0,0,0,0,0,0,0,0,0,0,0,0,1,0,0,0.0,1,0,2,2,29671,0,593463,0,0.0,0
256,0,0,0,0,0,0,0,0,0,0,0,0,1,0,-5,0.0,1,0,2,2,29672,0,593483,0,0.0,0
256,0,0,0,0,0,0,0,0,0,0,0,0,1,0,0,0.0,1,0,2,2,29673,0,593503,0,0.0,0
256,0,0,0,0,0,0,0,0,0,0,0,0,1,0,-3,0.0,1,0,2,2,29674,0,593523,0,0.0,0
256,0,0,0,0,0,0,0,0,0,0,0,0,1,-3,2,0.0,1,0,2,2,29675,0,593543,0,0.0,0
256,0,0,0,0,0,0,0,0,0,0,0,0,1,0,0,0.0,1,0,2,2,29676,0,593563,0,0.0,0
256,0,0,0,0,0,0,0,0,0,0,0,0,1,0,0,0.0,1,0,2,2,29677,0,593583,0,0.0,0
256,0,0,0,0,0,0,0,0,0,0,0,0,1,-3,-3,0.0,1,0,2,2,29678,0,593603,0,0.0,0
256,0,0,0,0,0,0,0,0,0,0,0,0,1,0,0,0.0,1,0,2,2,29679,0,593623,0,0.0,0
256,0,0,0,0,0,0,0,0,0,0,0,0,1,0,0,0.0,1,0,2,2,29680,0,593643,0,0.0,0
256,0,0,0,0,0,0,0,0,0,0,0,0,1,0,0,0.0,1,0,2,2,29681,0,593663,0,0.0,0
256,0,0,0,0,0,0,0,0,0,0,0,0,1,0,0,0.0,1,0,2,2,29682,0,593683,0,0.0,0
256,0,0,0,0,0,0,0,0,0,0,0,0,1,0,-3,0.0,1,0,2,2,29683,0,593703,0,0.0,0
256,0,0,0,0,0,0,0,0,0,0,0,0,1,0,0,0.0,1,0,2,2,29684,0,593723,0,0.0,0
256,0,0,0,0,0,0,0,0,0,0,0,0,1,0,0,0.0,1,0,2,2,29685,0,593743,0,0.0,0
256,0,0,0,0,0,0,0,0,0,0,0,0,1,0,0,0.0,1,0,2,2,29686,0,593763,0,0.0,0
256,0,0,0,0,0,0,0,0,0,0,0,0,1,0,0,0.0,1,0,2,2,29687,0,593783,0,0.0,0
256,0,0,0,0,0,0,0,0,0,0,0,0,1,0,0,0.0,1,0,2,2,29688,0,593803,0,0.0,0
256,0,0,0,0,0,0,0,0,0,0,0,0,1,-3,-3,0.0,1,0,2,2,29689,0,593823,0,0.0,0
256,0,0,0,0,0,0,0,0,0,0,0,0,1,-3,0,0.0,1,0,2,2,29690,0,593843,0,0.0,0
256,0,0,0,0,0,0,0,0,0,0,0,0,1,0,-5,0.0,1,0,2,2,29691,0,593863,0,0.0,0
256,0,0,0,0,0,0,0,0,0,0,0,0,1,0,0,0.0,1,0,2,2,29692,0,593883,0,0.0,0
256,0,0,0,0,0,0,0,0,0,0,0,0,1,-3,-3,0.0,1,0,2,2,29693,0,593903,0,0.0,0
256,0,0,0,0,0,0,0,0,0,0,0,0,1,-3,0,0.0,1,0,2,2,29694,0,593923,0,0.0,0
256,0,0,0,0,0,0,0,0,0,0,0,0,1,0,-5,0.0,1,0,2,2,29695,0,593943,0,0.0,0
256,0,0,0,0,0,0,0,0,0,0,0,0,1,0,0,0.0,1,0,2,2,29696,0,593963,0,0.0,0
256,0,0,0,0,0,0,0,0,0,0,0,0,1,-3,-3,0.0,1,0,2,2,29697,0,593983,0,0.0,0
256,0,0,0,0,0,0,0,0,0,0,0,0,1,0,0,0.0,1,0,2,2,29698,0,594003,0,0.0,0
256,0,0,0,0,0,0,0,0,0,0,0,0,1,0,0,0.0,1,0,2,2,29699,0,594023,0,0.0,0
256,0,0,0,0,0,0,0,0,0,0,0,0,1,0,0,0.0,1,0,2,2,29700,0,594043,0,0.0,0
256,0,0,0,0,0,0,0,0,0,0,0,0,1,0,-3,0.0,1,0,2,2,29701,0,594063,0,0.0,0
256,0,0,0,0,0,0,0,0,0,0,0,0,1,0,0,0.0,1,0,2,2,29702,0,594083,0,0.0,0
256,0,0,0,0,0,0,0,0,0,0,0,0,1,0,0,0.0,1,0,2,2,29703,0,594103,0,0.0,0
256,0,0,0,0,0,0,0,0,0,0,0,0,1,-5,0,0.0,1,0,2,2,29704,0,594123,0,0.0,0
256,0,0,0,0,0,0,0,0,0,0,0,0,1,0,-3,0.0,1,0,2,2,29705,0,594143,0,0.0,0
256,0,0,0,0,0,0,0,0,0,0,0,0,1,0,0,0.0,1,0,2,2,29706,0,594163,0,0.0,0
256,0,0,0,0,0,0,0,0,0,0,0,0,1,2,0,0.0,1,0,2,2,29707,0,594183,0,0.0,0
256,0,0,0,0,0,0,0,0,0,0,0,0,1,0,0,0.0,1,0,2,2,29708,0,594203,0,0.0,0
256,0,0,0,0,0,0,0,0,0,0,0,0,1,-3,-3,0.0,1,0,2,2,29709,0,594223,0,0.0,0
256,0,0,0,0,0,0,0,0,0,0,0,0,1,0,0,0.0,1,0,2,2,29710,0,594243,0,0.0,0
256,0,0,0,0,0,0,0,0,0,0,0,0,1,0,-3,0.0,1,0,2,2,29711,0,594263,0,0.0,0
256,0,0,0,0,0,0,0,0,0,0,0,0,1,0,-3,0.0,1,0,2,2,29712,0,594283,0,0.0,0
256,0,0,0,0,0,0,0,0,0,0,0,0,1,0,-3,0.0,1,0,2,2,29713,0,594303,0,0.0,0
256,0,0,0,0,0,0,0,0,0,0,0,0,1,0,0,0.0,1,0,2,2,29714,0,594323,0,0.0,0
256,0,0,0,0,0,0,0,0,0,0,0,0,1,-3,0,0.0,1,0,2,2,29715,0,594343,0,0.0,0
256,0,0,0,0,0,0,0,0,0,0,0,0,1,-3,-3,0.0,1,0,2,2,29716,0,594363,0,0.0,0
256,0,0,0,0,0,0,0,0,0,0,0,0,1,0,-3,0.0,1,0,2,2,29717,0,594383,0,0.0,0
256,0,0,0,0,0,0,0,0,0,0,0,0,1,-5,0,0.0,1,0,2,2,29718,0,594403,0,0.0,0
256,0,0,0,0,0,0,0,0,0,0,0,0,1,0,0,0.0,1,0,2,2,29719,0,594423,0,0.0,0
256,0,0,0,0,0,0,0,0,0,0,0,0,1,0,0,0.0,1,0,2,2,29720,0,594443,0,0.0,0
256,0,0,0,0,0,0,0,0,0,0,0,0,1,0,-3,0.0,1,0,2,2,29721,0,594463,0,0.0,0
256,0,0,0,0,0,0,0,0,0,0,0,0,1,0,0,0.0,1,0,2,2,29722,0,594483,0,0.0,0
256,0,0,0,0,0,0,0,0,0,0,0,0,1,0,-3,0.0,1,0,2,2,29723,0,594503,0,0.0,0
256,0,0,0,0,0,0,0,0,0,0,0,0,1,-3,0,0.0,1,0,2,2,29724,0,594523,0,0.0,0
256,0,0,0,0,0,0,0,0,0,0,0,0,1,0,0,0.0,1,0,2,2,29725,0,594543,0,0.0,0
256,0,0,0,0,0,0,0,0,0,0,0,0,1,-3,-3,0.0,1,0,2,2,29726,0,594563,0,0.0,0
256,0,0,0,0,0,0,0,0,0,0,0,0,1,-3,0,0.0,1,0,2,2,29727,0,594583,0,0.0,0
256,0,0,0,0,0,0,0,0,0,0,0,0,1,-3,0,0.0,1,0,2,2,29728,0,594603,0,0.0,0
256,0,0,0,0,0,0,0,0,0,0,0,0,1,-3,0,0.0,1,0,2,2,29729,0,594623,0,0.0,0
256,0,0,0,0,0,0,0,0,0,0,0,0,1,0,0,0.0,1,0,2,2,29730,0,594643,0,0.0,0
256,0,0,0,0,0,0,0,0,0,0,0,0,1,0,0,0.0,1,0,2,2,29731,0,594663,0,0.0,0
256,0,0,0,0,0,0,0,0,0,0,0,0,1,0,0,0.0,1,0,2,2,29732,0,594683,0,0.0,0
256,0,0,0,0,0,0,0,0,0,0,0,0,1,0,0,0.0,1,0,2,2,29733,0,594703,0,0.0,0
256,0,0,0,0,0,0,0,0,0,0,0,0,1,2,0,0.0,1,0,2,2,29734,0,594723,0,0.0,0
256,0,0,0,0,0,0,0,0,0,0,0,0,1,2,-3,0.0,1,0,2,2,29735,0,594743,0,0.0,0
256,0,0,0,0,0,0,0,0,0,0,0,0,1,-5,0,0.0,1,0,2,2,29736,0,594763,0,0.0,0
256,0,0,0,0,0,0,0,0,0,0,0,0,1,0,0,0.0,1,0,2,2,29737,0,594783,0,0.0,0
256,0,0,0,0,0,0,0,0,0,0,0,0,1,-3,-3,0.0,1,0,2,2,29738,0,594803,0,0.0,0
256,0,0,0,0,0,0,0,0,0,0,0,0,1,0,0,0.0,1,0,2,2,29739,0,594823,0,0.0,0
256,0,0,0,0,0,0,0,0,0,0,0,0,1,-3,0,0.0,1,0,2,2,29740,0,594843,0,0.0,0
256,0,0,0,0,0,0,0,0,0,0,0,0,1,0,0,0.0,1,0,2,2,29741,0,594863,0,0.0,0
256,0,0,0,0,0,0,0,0,0,0,0,0,1,0,0,0.0,1,0,2,2,29742,0,594883,0,0.0,0
256,0,0,0,0,0,0,0,0,0,0,0,0,1,0,-3,0.0,1,0,2,2,29743,0,594903,0,0.0,0
256,0,0,0,0,0,0,0,0,0,0,0,0,1,0,0,0.0,1,0,2,2,29744,0,594923,0,0.0,0
256,0,0,0,0,0,0,0,0,0,0,0,0,1,0,0,0.0,1,0,2,2,29745,0,594943,0,0.0,0
256,0,0,0,0,0,0,0,0,0,0,0,0,1,0,0,0.0,1,0,2,2,29746,0,594963,0,0.0,0
256,0,0,0,0,0,0,0,0,0,0,0,0,1,0,0,0.0,1,0,2,2,29747,0,594983,0,0.0,0
256,0,0,0,0,0,0,0,0,0,0,0,0,1,0,0,0.0,1,0,2,2,29748,0,595003,0,0.0,0
256,0,0,0,0,0,0,0,0,0,0,0,0,1,0,0,0.0,1,0,2,2,29749,0,595023,0,0.0,0
256,0,0,0,0,0,0,0,0,0,0,0,0,1,0,0,0.0,1,0,2,2,29750,0,595043,0,0.0,0
256,0,0,0,0,0,0,0,0,0,0,0,0,1,0,0,0.0,1,0,2,2,29751,0,595063,0,0.0,0
256,0,0,0,0,0,0,0,0,0,0,0,0,1,0,-3,0.0,1,0,2,2,29752,0,595083,0,0.0,0
256,0,0,0,0,0,0,0,0,0,0,0,0,1,0,-3,0.0,1,0,2,2,29753,0,595103,0,0.0,0
256,0,0,0,0,0,0,0,0,0,0,0,0,1,0,-3,0.0,1,0,2,2,29754,0,595123,0,0.0,0
256,0,0,0,0,0,0,0,0,0,0,0,0,1,0,0,0.0,1,0,2,2,29755,0,595143,0,0.0,0
256,0,0,0,0,0,0,0,0,0,0,0,0,1,0,-3,0.0,1,0,2,2,29756,0,595163,0,0.0,0
256,0,0,0,0,0,0,0,0,0,0,0,0,1,0,0,0.0,1,0,2,2,29757,0,595183,0,0.0,0
256,0,0,0,0,0,0,0,0,0,0,0,0,1,0,0,0.0,1,0,2,2,29758,0,595203,0,0.0,0
256,0,0,0,0,0,0,0,0,0,0,0,0,1,0,0,0.0,1,0,2,2,29759,0,595223,0,0.0,0
256,0,0,0,0,0,0,0,0,0,0,0,0,1,-3,-3,0.0,1,0,2,2,29760,0,595243,0,0.0,0
256,0,0,0,0,0,0,0,0,0,0,0,0,1,0,0,0.0,1,0,2,2,29761,0,595263,0,0.0,0
256,0,0,0,0,0,0,0,0,0,0,0,0,1,-3,-3,0.0,1,0,2,2,29762,0,595283,0,0.0,0
256,0,0,0,0,0,0,0,0,0,0,0,0,1,0,-3,0.0,1,0,2,2,29763,0,595303,0,0.0,0
256,0,0,0,0,0,0,0,0,0,0,0,0,1,0,0,0.0,1,0,2,2,29764,0,595323,0,0.0,0
256,0,0,0,0,0,0,0,0,0,0,0,0,1,0,0,0.0,1,0,2,2,29765,0,595343,0,0.0,0
256,0,0,0,0,0,0,0,0,0,0,0,0,1,0,0,0.0,1,0,2,2,29766,0,595363,0,0.0,0
256,0,0,0,0,0,0,0,0,0,0,0,0,1,0,0,0.0,1,0,2,2,29767,0,595383,0,0.0,0
256,0,0,0,0,0,0,0,0,0,0,0,0,1,0,-3,0.0,1,0,2,2,29768,0,595403,0,0.0,0
256,0,0,0,0,0,0,0,0,0,0,0,0,1,0,0,0.0,1,0,2,2,29769,0,595423,0,0.0,0
256,0,0,0,0,0,0,0,0,0,0,0,0,1,0,0,0.0,1,0,2,2,29770,0,595443,0,0.0,0
256,0,0,0,0,0,0,0,0,0,0,0,0,1,-3,0,0.0,1,0,2,2,29771,0,595463,0,0.0,0
256,0,0,0,0,0,0,0,0,0,0,0,0,1,-3,-5,0.0,1,0,2,2,29772,0,595483,0,0.0,0
256,0,0,0,0,0,0,0,0,0,0,0,0,1,0,0,0.0,1,0,2,2,29773,0,595503,0,0.0,0
256,0,0,0,0,0,0,0,0,0,0,0,0,1,0,0,0.0,1,0,2,2,29774,0,595523,0,0.0,0
256,0,0,0,0,0,0,0,0,0,0,0,0,1,-3,0,0.0,1,0,2,2,29775,0,595543,0,0.0,0
256,0,0,0,0,0,0,0,0,0,0,0,0,1,0,-3,0.0,1,0,2,2,29776,0,595563,0,0.0,0
256,0,0,0,0,0,0,0,0,0,0,0,0,1,0,-3,0.0,1,0,2,2,29777,0,595583,0,0.0,0
256,0,0,0,0,0,0,0,0,0,0,0,0,1,-3,-3,0.0,1,0,2,2,29778,0,595603,0,0.0,0
256,0,0,0,0,0,0,0,0,0,0,0,0,1,0,0,0.0,1,0,2,2,29779,0,595623,0,0.0,0
256,0,0,0,0,0,0,0,0,0,0,0,0,1,0,0,0.0,1,0,2,2,29780,0,595643,0,0.0,0
256,0,0,0,0,0,0,0,0,0,0,0,0,1,0,0,0.0,1,0,2,2,29781,0,595663,0,0.0,0
256,0,0,0,0,0,0,0,0,0,0,0,0,1,-3,-3,0.0,1,0,2,2,29782,0,595683,0,0.0,0
256,0,0,0,0,0,0,0,0,0,0,0,0,1,0,0,0.0,1,0,2,2,29783,0,595703,0,0.0,0
256,0,0,0,0,0,0,0,0,0,0,0,0,1,0,0,0.0,1,0,2,2,29784,0,595723,0,0.0,0
256,0,0,0,0,0,0,0,0,0,0,0,0,1,0,0,0.0,1,0,2,2,29785,0,595743,0,0.0,0
256,0,0,0,0,0,0,0,0,0,0,0,0,1,-3,0,0.0,1,0,2,2,29786,0,595763,0,0.0,0
256,0,0,0,0,0,0,0,0,0,0,0,0,1,0,0,0.0,1,0,2,2,29787,0,595783,0,0.0,0
256,0,0,0,0,0,0,0,0,0,0,0,0,1,0,0,0.0,1,0,2,2,29788,0,595803,0,0.0,0
256,0,0,0,0,0,0,0,0,0,0,0,0,1,0,-3,0.0,1,0,2,2,29789,0,595823,0,0.0,0
256,0,0,0,0,0,0,0,0,0,0,0,0,1,0,0,0.0,1,0,2,2,29790,0,595843,0,0.0,0
256,0,0,0,0,0,0,0,0,0,0,0,0,1,-3,0,0.0,1,0,2,2,29791,0,595863,0,0.0,0
256,0,0,0,0,0,0,0,0,0,0,0,0,1,0,0,0.0,1,0,2,2,29792,0,595883,0,0.0,0
256,0,0,0,0,0,0,0,0,0,0,0,0,1,-3,0,0.0,1,0,2,2,29793,0,595903,0,0.0,0
256,0,0,0,0,0,0,0,0,0,0,0,0,1,0,0,0.0,1,0,2,2,29794,0,595923,0,0.0,0
256,0,0,0,0,0,0,0,0,0,0,0,0,1,-3,0,0.0,1,0,2,2,29795,0,595943,0,0.0,0
256,0,0,0,0,0,0,0,0,0,0,0,0,1,0,0,0.0,1,0,2,2,29796,0,595963,0,0.0,0
256,0,0,0,0,0,0,0,0,0,0,0,0,1,0,2,0.0,1,0,2,2,29797,0,595983,0,0.0,0
256,0,0,0,0,0,0,0,0,0,0,0,0,1,0,0,0.0,1,0,2,2,29798,0,596003,0,0.0,0
256,0,0,0,0,0,0,0,0,0,0,0,0,1,0,0,0.0,1,0,2,2,29799,0,596023,0,0.0,0
256,0,0,0,0,0,0,0,0,0,0,0,0,1,0,0,0.0,1,0,2,2,29800,0,596043,0,0.0,0
256,0,0,0,0,0,0,0,0,0,0,0,0,1,-3,0,0.0,1,0,2,2,29801,0,596063,0,0.0,0
1048880,0,0,0,0,0,0,0,0,0,0,1,0,1,-3,0,0.0,1,0,3,2,29802,0,596083,0,0.0,0
1048832,0,0,0,0,0,0,0,0,0,0,1,0,1,-3,-5,0.0,1,0,3,2,29803,0,596103,0,0.0,0
1048832,0,0,0,0,0,0,0,0,0,0,1,0,1,0,0,0.0,1,0,3,2,29804,0,596123,0,0.0,0
1048832,0,0,0,0,0,0,0,0,0,0,1,0,1,0,0,0.0,1,0,3,2,29805,0,596143,0,0.0,0
1048832,0,0,0,0,0,0,0,0,0,0,1,0,1,0,0,0.0,1,0,3,2,29806,0,596163,0,0.0,0
1048832,0,0,0,0,0,0,0,0,0,0,1,0,1,0,-3,0.0,1,0,3,2,29807,0,596183,0,0.0,0
1048832,0,0,0,0,0,0,0,0,0,0,1,0,1,0,0,0.0,1,0,3,2,29808,0,596203,0,0.0,0
1048832,0,0,0,0,0,0,0,0,0,0,1,0,1,0,0,0.0,1,0,3,2,29809,0,596223,0,0.0,0
1048832,0,0,0,0,0,0,0,0,0,0,1,0,1,0,0,0.0,1,0,3,2,29810,0,596243,0,0.0,0
1048832,0,0,0,0,0,0,0,0,0,0,1,0,1,0,0,0.0,1,0,3,2,29811,0,596263,0,0.0,0
1048832,0,0,0,0,0,0,0,0,0,0,1,0,1,0,0,0.0,1,0,3,2,29812,0,596283,0,0.0,0
1048832,0,0,0,0,0,0,0,0,0,0,1,0,1,0,0,0.0,1,0,3,2,29813,0,596303,0,0.0,0
1048832,0,0,0,0,0,0,0,0,0,0,1,0,1,0,0,0.0,1,0,3,2,29814,0,596323,0,0.0,0
1048832,0,0,0,0,0,0,0,0,0,0,1,0,1,0,-3,0.0,1,0,3,2,29815,0,596343,0,0.0,0
1048832,0,0,0,0,0,0,0,0,0,0,1,0,1,-3,0,0.0,1,0,3,2,29816,0,596363,0,0.0,0
1048832,0,0,0,0,0,0,0,0,0,0,1,0,1,0,0,0.0,1,0,3,2,29817,0,596383,0,0.0,0
1048832,0,0,0,0,0,0,0,0,0,0,1,0,1,0,-3,0.0,1,0,3,2,29818,0,596403,0,0.0,0
1048832,0,0,0,0,0,0,0,0,0,0,1,0,1,0,0,0.0,1,0,3,2,29819,0,596423,0,0.0,0
1048832,0,0,0,0,0,0,0,0,0,0,1,0,1,0,0,0.0,1,0,3,2,29820,0,596443,0,0.0,0
1048832,0,0,0,0,0,0,0,0,0,0,1,0,1,0,-3,0.0,1,0,3,2,29821,0,596463,0,0.0,0
1048832,0,0,0,0,0,0,0,0,0,0,1,0,1,0,-3,0.0,1,0,3,2,29822,0,596483,0,0.0,0
1048856,0,0,0,0,0,0,0,0,0,0,1,0,1,0,2,0.0,1,0,3,2,29823,0,596503,0,0.0,0
1048832,0,0,0,0,0,0,0,0,0,0,1,0,1,0,0,0.0,1,0,3,2,29824,0,596523,0,0.0,0
1048832,0,0,0,0,0,0,0,0,0,0,1,0,1,2,2,0.0,1,0,3,2,29825,0,596543,0,0.0,0
1048832,0,0,0,0,0,0,0,0,0,0,1,0,1,-5,-3,0.0,1,0,3,2,29826,0,596563,0,0.0,0
1048832,0,0,0,0,0,0,0,0,0,0,1,0,1,0,0,0.0,1,0,3,2,29827,0,596583,0,0.0,0
1048832,0,0,0,0,0,0,0,0,0,0,1,0,1,0,0,0.0,1,0,3,2,29828,0,596603,0,0.0,0
1048832,0,0,0,0,0,0,0,0,0,0,1,0,1,-3,0,0.0,1,0,3,2,29829,0,596623,0,0.0,0
1048832,0,0,0,0,0,0,0,0,0,0,1,0,1,0,0,0.0,1,0,3,2,29830,0,596643,0,0.0,0
1048832,0,0,0,0,0,0,0,0,0,0,1,0,1,0,0,0.0,1,0,3,2,29831,0,596663,0,0.0,0
1048832,0,0,0,0,0,0,0,0,0,0,1,0,1,0,-3,0.0,1,0,3,2,29832,0,596683,0,0.0,0
1048832,0,0,0,0,0,0,0,0,0,0,1,0,1,-3,-3,0.0,1,0,3,2,29833,0,596703,0,0.0,0
1048832,0,0,0,0,0,0,0,0,0,0,1,0,1,0,-3,0.0,1,0,3,2,29834,0,596723,0,0.0,0
1048832,0,0,0,0,0,0,0,0,0,0,1,0,1,2,0,0.0,1,0,3,2,29835,0,596743,0,0.0,0
1048832,0,0,0,0,0,0,0,0,0,0,1,0,1,0,0,0.0,1,0,3,2,29836,0,596763,0,0.0,0
1048832,0,0,0,0,0,0,0,0,0,0,1,0,1,-3,0,0.0,1,0,3,2,29837,0,596783,0,0.0,0
1048832,0,0,0,0,0,0,0,0,0,0,1,0,1,-3,0,0.0,1,0,3,2,29838,0,596803,0,0.0,0
1048832,0,0,0,0,0,0,0,0,0,0,1,0,1,0,-3,0.0,1,0,3,2,29839,0,596823,0,0.0,0
1048832,0,0,0,0,0,0,0,0,0,0,1,0,1,0,2,0.0,1,0,3,2,29840,0,596843,0,0.0,0
1048832,0,0,0,0,0,0,0,0,0,0,1,0,1,-3,0,0.0,1,0,3,2,29841,0,596863,0,0.0,0
1048832,0,0,0,0,0,0,0,0,0,0,1,0,1,0,-5,0.0,1,0,3,2,29842,0,596883,0,0.0,0
1048832,0,0,0,0,0,0,0,0,0,0,1,0,1,0,0,0.0,1,0,3,2,29843,0,596903,0,0.0,0
1048832,0,0,0,0,0,0,0,0,0,0,1,0,1,-3,-3,0.0,1,0,3,2,29844,0,596923,0,0.0,0
1048832,0,0,0,0,0,0,0,0,0,0,1,0,1,0,0,0.0,1,0,3,2,29845,0,596943,0,0.0,0
1048832,0,0,0,0,0,0,0,0,0,0,1,0,1,0,0,0.0,1,0,3,2,29846,0,596963,0,0.0,0
1048832,0,0,0,0,0,0,0,0,0,0,1,0,1,0,0,0.0,1,0,3,2,29847,0,596983,0,0.0,0
1048832,0,0,0,0,0,0,0,0,0,0,1,0,1,-3,0,0.0,1,0,3,2,29848,0,597003,0,0.0,0
1048832,0,0,0,0,0,0,0,0,0,0,1,0,1,0,2,0.0,1,0,3,2,29849,0,597023,0,0.0,0
1048832,0,0,0,0,0,0,0,0,0,0,1,0,1,0,0,0.0,1,0,3,2,29850,0,597043,0,0.0,0
1048832,0,0,0,0,0,0,0,0,0,0,1,0,1,-3,2,0.0,1,0,3,2,29851,0,597063,0,0.0,0
1048832,0,0,0,0,0,0,0,0,0,0,1,0,1,0,-3,0.0,1,0,3,2,29852,0,597083,0,0.0,0
1048832,0,0,0,0,0,0,0,0,0,0,1,0,1,0,0,0.0,1,0,3,2,29853,0,597103,0,0.0,0
1048832,0,0,0,0,0,0,0,0,0,0,1,0,1,0,-3,0.0,1,0,3,2,29854,0,597123,0,0.0,0
1048832,0,0,0,0,0,0,0,0,0,0,1,0,1,0,0,0.0,1,0,3,2,29855,0,597143,0,0.0,0
1048832,0,0,0,0,0,0,0,0,0,0,1,0,1,0,-3,0.0,1,0,3,2,29856,0,597163,0,0.0,0
1048832,0,0,0,0,0,0,0,0,0,0,1,0,1,-3,0,0.0,1,0,3,2,29857,0,597183,0,0.0,0
1048832,0,0,0,0,0,0,0,0,0,0,1,0,1,0,-3,0.0,1,0,3,2,29858,0,597203,0,0.0,0
1048832,0,0,0,0,0,0,0,0,0,0,1,0,1,0,0,0.0,1,0,3,2,29859,0,597223,0,0.0,0
1048832,0,0,0,0,0,0,0,0,0,0,1,0,1,0,0,0.0,1,0,3,2,29860,0,597243,0,0.0,0
1048832,0,0,0,0,0,0,0,0,0,0,1,0,1,0,0,0.0,1,0,3,2,29861,0,597263,0,0.0,0
1048832,0,0,0,0,0,0,0,0,0,0,1,0,1,0,0,0.0,1,0,3,2,29862,0,597283,0,0.0,0
1048832,0,0,0,0,0,0,0,0,0,0,1,0,1,0,0,0.0,1,0,3,2,29863,0,597303,0,0.0,0
1048832,0,0,0,0,0,0,0,0,0,0,1,0,1,-3,0,0.0,1,0,3,2,29864,0,597323,0,0.0,0
1049344,0,0,0,0,0,0,0,1,0,0,1,0,1,0,0,0.0,1,0,3,2,29865,0,597343,0,0.0,0
1049344,0,0,0,0,0,0,0,1,0,0,1,0,1,0,0,0.0,1,0,3,2,29866,0,597363,0,0.0,0
1049344,0,0,0,0,0,0,0,1,0,0,1,0,1,0,0,0.0,1,0,3,2,29867,0,597383,0,0.0,0
1049344,0,0,0,0,0,0,0,1,0,0,1,0,1,0,-3,0.0,1,0,3,2,29868,0,597403,0,0.0,0
1049344,0,0,0,0,0,0,0,1,0,0,1,0,1,0,0,0.0,1,0,3,2,29869,0,597423,0,0.0,0
1049344,0,0,0,0,0,0,0,1,0,0,1,0,1,0,-5,0.0,1,0,3,2,29870,0,597443,0,0.0,0
1049344,0,0,0,0,0,0,0,1,0,0,1,0,1,0,0,0.0,1,0,3,2,29871,0,597463,0,0.0,0
1049344,0,0,0,0,0,0,0,1,0,0,1,0,1,-3,0,0.0,1,0,3,2,29872,0,597483,0,0.0,0
1049344,0,0,0,0,0,0,0,1,0,0,1,0,1,0,0,0.0,1,0,3,2,29873,0,597503,0,0.0,0
1049344,0,0,0,0,0,0,0,1,0,0,1,0,1,0,-3,0.0,1,0,3,2,29874,0,597523,0,0.0,0
1049344,0,0,0,0,0,0,0,1,0,0,1,0,1,-3,0,0.0,1,0,3,2,29875,0,597543,0,0.0,0
1048832,0,0,0,0,0,0,0,0,0,0,1,0,1,106,-124,533800.0,1,0,3,2,29876,1,597563,0,0.0,0
1048832,0,0,0,0,0,0,0,0,0,0,1,0,1,1044,-997,533800.0,1,0,3,2,29877,1,597583,0,0.0,0
1048832,0,0,0,0,0,0,0,0,0,0,1,0,1,1856,-1832,533800.0,1,0,3,2,29878,1,597603,0,0.0,0
1048832,0,0,0,0,0,0,0,0,0,0,1,0,1,2758,-2664,533800.0,1,0,3,2,29879,1,597623,0,0.0,0
1048832,0,0,0,0,0,0,0,0,0,0,1,0,1,3576,-3478,533800.0,1,0,3,2,29880,1,597643,0,0.0,0
1048832,0,0,0,0,0,0,0,0,0,0,1,0,1,4461,-4303,533800.0,1,0,3,2,29881,1,597663,0,0.0,0
1048832,0,0,0,0,0,0,0,0,0,0,1,0,1,5344,-5178,533800.0,1,0,3,2,29882,1,597683,0,0.0,0
1048832,0,0,0,0,0,0,0,0,0,0,1,0,1,6233,-6002,533800.0,1,0,3,2,29883,1,597703,0,0.0,0
1048832,0,0,0,0,0,0,0,0,0,0,1,0,1,7091,-6843,533800.0,1,0,3,2,29884,1,597723,0,0.0,0
1048832,0,0,0,0,0,0,0,0,0,0,1,0,1,7891,-7693,533800.0,1,0,3,2,29885,1,597743,0,0.0,0
1048832,0,0,0,0,0,0,0,0,0,0,1,0,1,8533,-8400,533800.0,1,0,3,2,29886,1,597763,0,0.0,0
1048832,0,0,0,0,0,0,0,0,0,0,1,0,1,8981,-8936,533800.0,1,0,3,2,29887,1,597783,0,0.0,0
1048832,0,0,0,0,0,0,0,0,0,0,1,0,1,9303,-9340,533800.0,1,0,3,2,29888,1,597803,0,0.0,0
1048832,0,0,0,0,0,0,0,0,0,0,1,0,1,9504,-9608,533800.0,1,0,3,2,29889,1,597823,0,0.0,0
1048832,0,0,0,0,0,0,0,0,0,0,1,0,1,9640,-9750,533800.0,1,0,3,2,29890,1,597843,0,0.0,0
1048832,0,0,0,0,0,0,0,0,0,0,1,0,1,9718,-9878,533800.0,1,0,3,2,29891,1,597863,0,0.0,0
1048832,0,0,0,0,0,0,0,0,0,0,1,0,1,9755,-9966,533800.0,1,0,3,2,29892,1,597883,0,0.0,0
1048832,0,0,0,0,0,0,0,0,0,0,1,0,1,9820,-10012,533800.0,1,0,3,2,29893,1,597903,0,0.0,0
1048832,0,0,0,0,0,0,0,0,0,0,1,0,1,9858,-10041,533800.0,1,0,3,2,29894,1,597923,0,0.0,0
1048832,0,0,0,0,0,0,0,0,0,0,1,0,1,9858,-10095,533800.0,1,0,3,2,29895,1,597943,0,0.0,0
1048832,0,0,0,0,0,0,0,0,0,0,1,0,1,9889,-10079,533800.0,1,0,3,2,29896,1,597963,0,0.0,0
1048832,0,0,0,0,0,0,0,0,0,0,1,0,1,9916,-10125,533800.0,1,0,3,2,29897,1,597983,0,0.0,0
1048832,0,0,0,0,0,0,0,0,0,0,1,0,1,9923,-10106,533800.0,1,0,3,2,29898,1,598003,0,0.0,0
1048832,0,0,0,0,0,0,0,0,0,0,1,0,1,9933,-10131,533800.0,1,0,3,2,29899,1,598023,0,0.0,0
1048832,0,0,0,0,0,0,0,0,0,0,1,0,1,9942,-10150,533800.0,1,0,3,2,29900,1,598043,0,0.0,0
1048832,0,0,0,0,0,0,0,0,0,0,1,0,1,9908,-10135,533800.0,1,0,3,2,29901,1,598063,0,0.0,0
1048832,0,0,0,0,0,0,0,0,0,0,1,0,1,9921,-10152,533800.0,1,0,3,2,29902,1,598083,0,0.0,0
1048832,0,0,0,0,0,0,0,0,0,0,1,0,1,9944,-10166,533800.0,1,0,3,2,29903,1,598103,0,0.0,0
1048832,0,0,0,0,0,0,0,0,0,0,1,0,1,9956,-10150,533800.0,1,0,3,2,29904,1,598123,0,0.0,0
1048832,0,0,0,0,0,0,0,0,0,0,1,0,1,9944,-10154,533800.0,1,0,3,2,29905,1,598143,0,0.0,0
1048832,0,0,0,0,0,0,0,0,0,0,1,0,1,9944,-10160,533800.0,1,0,3,2,29906,1,598163,0,0.0,0
1048832,0,0,0,0,0,0,0,0,0,0,1,0,1,9935,-10156,533800.0,1,0,3,2,29907,1,598183,0,0.0,0
1048832,0,0,0,0,0,0,0,0,0,0,1,0,1,9937,-10139,533800.0,1,0,3,2,29908,1,598203,0,0.0,0
1048832,0,0,0,0,0,0,0,0,0,0,1,0,1,9971,-10154,533800.0,1,0,3,2,29909,1,598223,0,0.0,0
1048832,0,0,0,0,0,0,0,0,0,0,1,0,1,9954,-10169,533800.0,1,0,3,2,29910,1,598243,0,0.0,0
1048832,0,0,0,0,0,0,0,0,0,0,1,0,1,9923,-10123,533800.0,1,0,3,2,29911,1,598263,0,0.0,0
1048832,0,0,0,0,0,0,0,0,0,0,1,0,1,9956,-10162,533800.0,1,0,3,2,29912,1,598283,0,0.0,0
1048832,0,0,0,0,0,0,0,0,0,0,1,0,1,9962,-10173,533800.0,1,0,3,2,29913,1,598303,0,0.0,0
1048832,0,0,0,0,0,0,0,0,0,0,1,0,1,9948,-10160,533800.0,1,0,3,2,29914,1,598323,0,0.0,0
1048832,0,0,0,0,0,0,0,0,0,0,1,0,1,9939,-10156,533800.0,1,0,3,2,29915,1,598343,0,0.0,0
1048832,0,0,0,0,0,0,0,0,0,0,1,0,1,9944,-10158,533800.0,1,0,3,2,29916,1,598363,0,0.0,0
1048832,0,0,0,0,0,0,0,0,0,0,1,0,1,9944,-10171,533800.0,1,0,3,2,29917,1,598383,0,0.0,0
1048832,0,0,0,0,0,0,0,0,0,0,1,0,1,9971,-10135,533800.0,1,0,3,2,29918,1,598403,0,0.0,0
1048832,0,0,0,0,0,0,0,0,0,0,1,0,1,9948,-10154,533800.0,1,0,3,2,29919,1,598423,0,0.0,0
1048832,0,0,0,0,0,0,0,0,0,0,1,0,1,9919,-10177,533800.0,1,0,3,2,29920,1,598443,0,0.0,0
1048832,0,0,0,0,0,0,0,0,0,0,1,0,1,9950,-10127,533800.0,1,0,3,2,29921,1,598463,0,0.0,0
1048832,0,0,0,0,0,0,0,0,0,0,1,0,1,9967,-10164,533800.0,1,0,3,2,29922,1,598483,0,0.0,0
1048832,0,0,0,0,0,0,0,0,0,0,1,0,1,9960,-10173,533800.0,1,0,3,2,29923,1,598503,0,0.0,0
1048832,0,0,0,0,0,0,0,0,0,0,1,0,1,9937,-10152,533800.0,1,0,3,2,29924,1,598523,0,0.0,0
1048832,0,0,0,0,0,0,0,0,0,0,1,0,1,9950,-10164,533800.0,1,0,3,2,29925,1,598543,0,0.0,0
1048832,0,0,0,0,0,0,0,0,0,0,1,0,1,9948,-10173,533800.0,1,0,3,2,29926,1,598563,0,0.0,0
1048832,0,0,0,0,0,0,0,0,0,0,1,0,1,9967,-10175,533800.0,1,0,3,2,29927,1,598583,0,0.0,0
1048832,0,0,0,0,0,0,0,0,0,0,1,0,1,9942,-10150,533800.0,1,0,3,2,29928,1,598603,0,0.0,0
1048832,0,0,0,0,0,0,0,0,0,0,1,0,1,9929,-10156,533800.0,1,0,3,2,29929,1,598623,0,0.0,0
1048832,0,0,0,0,0,0,0,0,0,0,1,0,1,9969,-10175,533800.0,1,0,3,2,29930,1,598643,0,0.0,0
1048832,0,0,0,0,0,0,0,0,0,0,1,0,1,9971,-10146,533800.0,1,0,3,2,29931,1,598663,0,0.0,0
1048832,0,0,0,0,0,0,0,0,0,0,1,0,1,9944,-10154,533800.0,1,0,3,2,29932,1,598683,0,0.0,0
1048832,0,0,0,0,0,0,0,0,0,0,1,0,1,9931,-10162,533800.0,1,0,3,2,29933,1,598703,0,0.0,0
1048832,0,0,0,0,0,0,0,0,0,0,1,0,1,9954,-10177,533800.0,1,0,3,2,29934,1,598723,0,0.0,0
1048832,0,0,0,0,0,0,0,0,0,0,1,0,1,9956,-10152,533800.0,1,0,3,2,29935,1,598743,0,0.0,0
1048832,0,0,0,0,0,0,0,0,0,0,1,0,1,9952,-10150,533800.0,1,0,3,2,29936,1,598763,0,0.0,0
1048832,0,0,0,0,0,0,0,0,0,0,1,0,1,9946,-10179,533800.0,1,0,3,2,29937,1,598783,0,0.0,0
1048832,0,0,0,0,0,0,0,0,0,0,1,0,1,9931,-10146,533800.0,1,0,3,2,29938,1,598803,0,0.0,0
1048832,0,0,0,0,0,0,0,0,0,0,1,0,1,9956,-10141,533800.0,1,0,3,2,29939,1,598823,0,0.0,0
1048832,0,0,0,0,0,0,0,0,0,0,1,0,1,9956,-10171,533800.0,1,0,3,2,29940,1,598843,0,0.0,0
1048832,0,0,0,0,0,0,0,0,0,0,1,0,1,9923,-10148,533800.0,1,0,3,2,29941,1,598863,0,0.0,0
1048832,0,0,0,0,0,0,0,0,0,0,1,0,1,9939,-10146,533800.0,1,0,3,2,29942,1,598883,0,0.0,0
1048832,0,0,0,0,0,0,0,0,0,0,1,0,1,9965,-10166,533800.0,1,0,3,2,29943,1,598903,0,0.0,0
1048832,0,0,0,0,0,0,0,0,0,0,1,0,1,9962,-10160,533800.0,1,0,3,2,29944,1,598923,0,0.0,0
1048832,0,0,0,0,0,0,0,0,0,0,1,0,1,9942,-10150,533800.0,1,0,3,2,29945,1,598943,0,0.0,0
1048832,0,0,0,0,0,0,0,0,0,0,1,0,1,9942,-10150,533800.0,1,0,3,2,29946,1,598963,0,0.0,0
1048832,0,0,0,0,0,0,0,0,0,0,1,0,1,9939,-10166,533800.0,1,0,3,2,29947,1,598983,0,0.0,0
1048832,0,0,0,0,0,0,0,0,0,0,1,0,1,9956,-10158,533800.0,1,0,3,2,29948,1,599003,0,0.0,0
1048832,0,0,0,0,0,0,0,0,0,0,1,0,1,9969,-10135,533800.0,1,0,3,2,29949,1,599023,0,0.0,0
1048832,0,0,0,0,0,0,0,0,0,0,1,0,1,9927,-10169,533800.0,1,0,3,2,29950,1,599043,0,0.0,0
1048832,0,0,0,0,0,0,0,0,0,0,1,0,1,9933,-10175,533800.0,1,0,3,2,29951,1,599063,0,0.0,0
1048832,0,0,0,0,0,0,0,0,0,0,1,0,1,9956,-10152,533800.0,1,0,3,2,29952,1,599083,0,0.0,0
1048832,0,0,0,0,0,0,0,0,0,0,1,0,1,9962,-10164,533800.0,1,0,3,2,29953,1,599103,0,0.0,0
1048832,0,0,0,0,0,0,0,0,0,0,1,0,1,9933,-10171,533800.0,1,0,3,2,29954,1,599123,0,0.0,0
1048832,0,0,0,0,0,0,0,0,0,0,1,0,1,9948,-10169,533800.0,1,0,3,2,29955,1,599143,0,0.0,0
1049344,0,0,0,0,0,0,0,1,0,0,1,0,1,9950,-10146,533800.0,1,0,3,2,29956,1,599163,0,0.0,0
1049344,0,0,0,0,0,0,0,1,0,0,1,0,1,9958,-10158,533800.0,1,0,3,2,29957,1,599183,0,0.0,0
1049344,0,0,0,0,0,0,0,1,0,0,1,0,1,9962,-10179,533800.0,1,0,3,2,29958,1,599203,0,0.0,0
1049344,0,0,0,0,0,0,0,1,0,0,1,0,1,9921,-10131,533800.0,1,0,3,2,29959,1,599223,0,0.0,0
1049344,0,0,0,0,0,0,0,1,0,0,1,0,1,9946,-10162,533800.0,1,0,3,2,29960,1,599243,0,0.0,0
1049344,0,0,0,0,0,0,0,1,0,0,1,0,1,9969,-10173,533800.0,1,0,3,2,29961,1,599263,0,0.0,0
1049344,0,0,0,0,0,0,0,1,0,0,1,0,1,9956,-10148,533800.0,1,0,3,2,29962,1,599283,0,0.0,0
1049344,0,0,0,0,0,0,0,1,0,0,1,0,1,9937,-10169,533800.0,1,0,3,2,29963,1,599303,0,0.0,0
1049344,0,0,0,0,0,0,0,1,0,0,1,0,1,9942,-10173,533800.0,1,0,3,2,29964,1,599323,0,0.0,0
1049344,0,0,0,0,0,0,0,1,0,0,1,0,1,9954,-10171,533800.0,1,0,3,2,29965,1,599343,0,0.0,0
1049344,0,0,0,0,0,0,0,1,0,0,1,0,1,9954,-10156,533800.0,1,0,3,2,29966,1,599363,0,0.0,0
1049344,0,0,0,0,0,0,0,1,0,0,1,0,1,9960,-10160,533800.0,1,0,3,2,29967,1,599383,0,0.0,0
1049344,0,0,0,0,0,0,0,1,0,0,1,0,1,9931,-10177,533800.0,1,0,3,2,29968,1,599403,0,0.0,0
1049344,0,0,0,0,0,0,0,1,0,0,1,0,1,9931,-10139,533800.0,1,0,3,2,29969,1,599423,0,0.0,0
1049344,0,0,0,0,0,0,0,1,0,0,1,0,1,9975,-10154,533800.0,1,0,3,2,29970,1,599443,0,0.0,0
1049344,0,0,0,0,0,0,0,1,0,0,1,0,1,9942,-10164,533800.0,0,0,3,2,29971,1,599463,0,0.0,0
1049344,0,0,0,0,0,0,0,1,0,0,1,0,1,9931,-10164,533800.0,0,0,3,2,29972,1,599483,0,0.0,0
1049344,0,0,0,0,0,0,0,1,0,0,1,0,1,9946,-10150,533800.0,0,0,3,2,29973,1,599503,0,0.0,0
1049344,0,0,0,0,0,0,0,1,0,0,1,0,1,9960,-10154,533800.0,0,0,3,2,29974,1,599523,0,0.0,0
1049344,0,0,0,0,0,0,0,1,0,0,1,0,1,9952,-10177,533800.0,0,0,3,2,29975,1,599543,0,0.0,0
1049344,0,0,0,0,0,0,0,1,0,0,1,0,1,9948,-10141,533800.0,0,0,3,2,29976,1,599563,0,0.0,0
1049344,0,0,0,0,0,0,0,1,0,0,1,0,1,9935,-10148,533800.0,0,0,3,2,29977,1,599583,0,0.0,0
1049344,0,0,0,0,0,0,0,1,0,0,1,0,1,9939,-10177,533800.0,0,0,3,2,29978,1,599603,0,0.0,0
1049344,0,0,0,0,0,0,0,1,0,0,1,0,1,9969,-10135,533800.0,0,0,3,2,29979,1,599623,0,0.0,0
1049344,0,0,0,0,0,0,0,1,0,0,1,0,1,9956,-10148,533800.0,0,0,3,2,29980,1,599643,0,0.0,0
1049344,0,0,0,0,0,0,0,1,0,0,1,0,1,9923,-10175,533800.0,0,0,3,2,29981,1,599663,0,0.0,0
1049344,0,0,0,0,0,0,0,1,0,0,1,0,1,9935,-10141,533800.0,0,0,3,2,29982,1,599683,0,0.0,0
1049344,0,0,0,0,0,0,0,1,0,0,1,0,1,9965,-10154,533800.0,0,0,3,2,29983,1,599703,0,0.0,0
1049344,0,0,0,0,0,0,0,1,0,0,1,0,1,9946,-10164,533800.0,0,0,3,2,29984,1,599723,0,0.0,0
1049344,0,0,0,0,0,0,0,1,0,0,1,0,1,9944,-10171,533800.0,0,0,3,2,29985,1,599743,0,0.0,0
1049344,0,0,0,0,0,0,0,1,0,0,1,0,1,9946,-10154,533800.0,0,0,3,2,29986,1,599763,0,0.0,0
1049344,0,0,0,0,0,0,0,1,0,0,1,0,1,9950,-10137,533800.0,0,0,3,2,29987,1,599783,0,0.0,0
1049344,0,0,0,0,0,0,0,1,0,0,1,0,1,9975,-10166,533800.0,0,0,3,2,29988,1,599803,0,0.0,0
1049344,0,0,0,0,0,0,0,1,0,0,1,0,1,9944,-10156,533800.0,0,0,3,2,29989,1,599823,0,0.0,0
1049344,0,0,0,0,0,0,0,1,0,0,1,0,1,9921,-10139,533800.0,0,0,3,2,29990,1,599843,0,0.0,0
1049344,0,0,0,0,0,0,0,1,0,0,1,0,1,9962,-10162,533800.0,0,0,3,2,29991,1,599863,0,0.0,0
1049344,0,0,0,0,0,0,0,1,0,0,1,0,1,9973,-10162,533800.0,0,0,3,2,29992,1,599883,0,0.0,0
1049344,0,0,0,0,0,0,0,1,0,0,1,0,1,9954,-10150,533800.0,0,0,3,2,29993,1,599903,0,0.0,0
1049344,0,0,0,0,0,0,0,1,0,0,1,0,1,9933,-10154,533800.0,0,0,3,2,29994,1,599923,0,0.0,0
1049344,0,0,0,0,0,0,0,1,0,0,1,0,1,9952,-10173,533800.0,0,0,3,2,29995,1,599943,0,0.0,0
1049344,0,0,0,0,0,0,0,1,0,0,1,0,1,9956,-10154,533800.0,0,0,3,2,29996,1,599963,0,0.0,0
1049344,0,0,0,0,0,0,0,1,0,0,1,0,1,9960,-10139,533800.0,0,0,3,2,29997,1,599983,0,0.0,0
1049344,0,0,0,0,0,0,0,1,0,0,1,0,1,9937,-10171,533800.0,0,0,3,2,29998,1,600003,0,0.0,0
1049344,0,0,0,0,0,0,0,1,0,0,1,0,1,9937,-10156,533800.0,0,0,3,2,29999,1,600023,0,0.0,0
1049344,0,0,0,0,0,0,0,1,0,0,1,0,1,9973,-10135,533800.0,0,0,3,2,30000,1,600043,0,0.0,0
1049344,0,0,0,0,0,0,0,1,0,0,1,0,1,9967,-10166,533800.0,0,0,3,2,30001,1,600063,0,0.0,0
1049344,0,0,0,0,0,0,0,1,0,0,1,0,1,9933,-10164,533800.0,0,0,3,2,30002,1,600083,0,0.0,0
1049344,0,0,0,0,0,0,0,1,0,0,1,0,1,9937,-10141,533800.0,0,0,3,2,30003,1,600103,0,0.0,0
1049344,0,0,0,0,0,0,0,1,0,0,1,0,1,9960,-10143,533800.0,0,0,3,2,30004,1,600123,0,0.0,0
1049344,0,0,0,0,0,0,0,1,0,0,1,0,1,9958,-10156,533800.0,0,0,3,2,30005,1,600143,0,0.0,0
1049344,0,0,0,0,0,0,0,1,0,0,1,0,1,9942,-10171,533800.0,0,0,3,2,30006,1,600163,0,0.0,0
1049344,0,0,0,0,0,0,0,1,0,0,1,0,1,9946,-10127,533800.0,0,0,3,2,30007,1,600183,0,0.0,0
1049344,0,0,0,0,0,0,0,1,0,0,1,0,1,9946,-10164,533800.0,0,0,3,2,30008,1,600203,0,0.0,0
1049344,0,0,0,0,0,0,0,1,0,0,1,0,1,9962,-10175,533800.0,0,0,3,2,30009,1,600223,0,0.0,0
1049344,0,0,0,0,0,0,0,1,0,0,1,0,1,9973,-10146,533800.0,0,0,3,2,30010,1,600243,0,0.0,0
1049344,0,0,0,0,0,0,0,1,0,0,1,0,1,9927,-10164,533800.0,0,0,3,2,30011,1,600263,0,0.0,0
1049344,0,0,0,0,0,0,0,1,0,0,1,0,1,9942,-10173,533800.0,0,0,3,2,30012,1,600283,0,0.0,0
1049344,0,0,0,0,0,0,0,1,0,0,1,0,1,9971,-10162,533800.0,0,0,3,2,30013,1,600303,0,0.0,0
1049344,0,0,0,0,0,0,0,1,0,0,1,0,1,9958,-10156,533800.0,0,0,3,2,30014,1,600323,0,0.0,0
1049344,0,0,0,0,0,0,0,1,0,0,1,0,1,9935,-10160,533800.0,0,0,3,2,30015,1,600343,0,0.0,0
1049344,0,0,0,0,0,0,0,1,0,0,1,0,1,9952,-10169,533800.0,0,0,3,2,30016,1,600363,0,0.0,0
1049344,0,0,0,0,0,0,0,1,0,0,1,0,1,9952,-10135,533800.0,0,0,3,2,30017,1,600383,0,0.0,0
1049344,0,0,0,0,0,0,0,1,0,0,1,0,1,9960,-10150,533800.0,0,0,3,2,30018,1,600403,0,0.0,0
1049344,0,0,0,0,0,0,0,1,0,0,1,0,1,9950,-10175,533800.0,0,0,3,2,30019,1,600423,0,0.0,0
1049344,0,0,0,0,0,0,0,1,0,0,1,0,1,9923,-10129,533800.0,0,0,3,2,30020,1,600443,0,0.0,0
1049344,0,0,0,0,0,0,0,1,0,0,1,0,1,9948,-10158,533800.0,0,0,3,2,30021,1,600463,0,0.0,0
1049344,0,0,0,0,0,0,0,1,0,0,1,0,1,9971,-10162,533800.0,0,0,3,2,30022,1,600483,0,0.0,0
1049344,0,0,0,0,0,0,0,1,0,0,1,0,1,9950,-10177,533800.0,0,0,3,2,30023,1,600503,0,0.0,0
1049344,0,0,0,0,0,0,0,1,0,0,1,0,1,9935,-10143,533800.0,0,0,3,2,30024,1,600523,0,0.0,0
1049344,0,0,0,0,0,0,0,1,0,0,1,0,1,9946,-10152,533800.0,0,0,3,2,30025,1,600543,0,0.0,0
1049344,0,0,0,0,0,0,0,1,0,0,1,0,1,9958,-10181,533800.0,0,0,3,2,30026,1,600563,0,0.0,0
1049344,0,0,0,0,0,0,0,1,0,0,1,0,1,9948,-10133,533800.0,0,0,3,2,30027,1,600583,0,0.0,0
1049344,0,0,0,0,0,0,0,1,0,0,1,0,1,9942,-10143,533800.0,0,0,3,2,30028,1,600603,0,0.0,0
1049344,0,0,0,0,0,0,0,1,0,0,1,0,1,9935,-10175,533800.0,0,0,3,2,30029,1,600623,0,0.0,0
1049344,0,0,0,0,0,0,0,1,0,0,1,0,1,9958,-10137,533800.0,0,0,3,2,30030,1,600643,0,0.0,0
1049344,0,0,0,0,0,0,0,1,0,0,1,0,1,9975,-10152,533800.0,0,0,3,2,30031,1,600663,0,0.0,0
1049344,0,0,0,0,0,0,0,1,0,0,1,0,1,9933,-10160,533800.0,0,0,3,2,30032,1,600683,0,0.0,0
1049344,0,0,0,0,0,0,0,1,0,0,1,0,1,9933,-10164,533800.0,0,0,3,2,30033,1,600703,0,0.0,0
1049344,0,0,0,0,0,0,0,1,0,0,1,0,1,9952,-10154,533800.0,0,0,3,2,30034,1,600723,0,0.0,0
1049344,0,0,0,0,0,0,0,1,0,0,1,0,1,9962,-10156,533800.0,0,0,3,2,30035,1,600743,0,0.0,0
1049344,0,0,0,0,0,0,0,1,0,0,1,0,1,9948,-10177,533800.0,0,0,3,2,30036,1,600763,0,0.0,0
1049344,0,0,0,0,0,0,0,1,0,0,1,0,1,9944,-10146,533800.0,0,0,3,2,30037,1,600783,0,0.0,0
1049344,0,0,0,0,0,0,0,1,0,0,1,0,1,9937,-10148,533800.0,0,0,3,2,30038,1,600803,0,0.0,0
1049344,0,0,0,0,0,0,0,1,0,0,1,0,1,9939,-10177,533800.0,0,0,3,2,30039,1,600823,0,0.0,0
1049344,0,0,0,0,0,0,0,1,0,0,1,0,1,9975,-10154,533800.0,0,0,3,2,30040,1,600843,0,0.0,0
1049344,0,0,0,0,0,0,0,1,0,0,1,0,1,9925,-10150,533800.0,0,0,3,2,30041,1,600863,0,0.0,0
1049344,0,0,0,0,0,0,0,1,0,0,1,0,1,9939,-10154,533800.0,0,0,3,2,30042,1,600883,0,0.0,0
1049344,0,0,0,0,0,0,0,1,0,0,1,0,1,9962,-10171,533800.0,0,0,3,2,30043,1,600903,0,0.0,0
1048832,0,0,0,0,0,0,0,0,0,0,1,0,1,9965,-10150,533800.0,0,0,3,2,30044,1,600923,0,0.0,0
1048832,0,0,0,0,0,0,0,0,0,0,1,0,1,9944,-10146,533800.0,0,0,3,2,30045,1,600943,0,0.0,0
1048832,0,0,0,0,0,0,0,0,0,0,1,0,1,9937,-10175,533800.0,0,0,3,2,30046,1,600963,0,0.0,0
1048832,0,0,0,0,0,0,0,0,0,0,1,0,1,9950,-10150,533800.0,0,0,3,2,30047,1,600983,0,0.0,0
1048832,0,0,0,0,0,0,0,0,0,0,1,0,1,9950,-10137,533800.0,0,0,3,2,30048,1,601003,0,0.0,0
1048832,0,0,0,0,0,0,0,0,0,0,1,0,1,9973,-10166,533800.0,0,0,3,2,30049,1,601023,0,0.0,0
1048832,0,0,0,0,0,0,0,0,0,0,1,0,1,9939,-10156,533800.0,0,0,3,2,30050,1,601043,0,0.0,0
1048832,0,0,0,0,0,0,0,0,0,0,1,0,1,9925,-10141,533800.0,0,0,3,2,30051,1,601063,0,0.0,0
1048832,0,0,0,0,0,0,0,0,0,0,1,0,1,9965,-10166,533800.0,0,0,3,2,30052,1,601083,0,0.0,0
1048832,0,0,0,0,0,0,0,0,0,0,1,0,1,9969,-10164,533800.0,0,0,3,2,30053,1,601103,0,0.0,0
1048832,0,0,0,0,0,0,0,0,0,0,1,0,1,9948,-10152,533800.0,0,0,3,2,30054,1,601123,0,0.0,0
1048832,0,0,0,0,0,0,0,0,0,0,1,0,1,9931,-10152,533800.0,0,0,3,2,30055,1,601143,0,0.0,0
1048832,0,0,0,0,0,0,0,0,0,0,1,0,1,9956,-10166,533800.0,0,0,3,2,30056,1,601163,0,0.0,0
1048832,0,0,0,0,0,0,0,0,0,0,1,0,1,9950,-10164,533800.0,0,0,3,2,30057,1,601183,0,0.0,0
1048832,0,0,0,0,0,0,0,0,0,0,1,0,1,9956,-10139,533800.0,0,0,3,2,30058,1,601203,0,0.0,0
1048832,0,0,0,0,0,0,0,0,0,0,1,0,1,9933,-10171,533800.0,0,0,3,2,30059,1,601223,0,0.0,0
1048832,0,0,0,0,0,0,0,0,0,0,1,0,1,9933,-10179,533800.0,0,0,3,2,30060,1,601243,0,0.0,0
1048832,0,0,0,0,0,0,0,0,0,0,1,0,1,9975,-10152,533800.0,0,0,3,2,30061,1,601263,0,0.0,0
1048832,0,0,0,0,0,0,0,0,0,0,1,0,1,9962,-10160,533800.0,0,0,3,2,30062,1,601283,0,0.0,0
1048832,0,0,0,0,0,0,0,0,0,0,1,0,1,9931,-10166,533800.0,0,0,3,2,30063,1,601303,0,0.0,0
1048832,0,0,0,0,0,0,0,0,0,0,1,0,1,9933,-10169,533800.0,0,0,3,2,30064,1,601323,0,0.0,0
1048832,0,0,0,0,0,0,0,0,0,0,1,0,1,9956,-10139,533800.0,0,0,3,2,30065,1,601343,0,0.0,0
1048832,0,0,0,0,0,0,0,0,0,0,1,0,1,9958,-10154,533800.0,0,0,3,2,30066,1,601363,0,0.0,0
1049856,0,0,0,0,0,0,0,0,1,0,1,0,1,9944,-10173,533800.0,0,0,3,2,30067,1,601383,0,0.0,0
1049856,0,0,0,0,0,0,0,0,1,0,1,0,1,9939,-10129,533800.0,0,0,3,2,30068,1,601403,0,0.0,0
1049856,0,0,0,0,0,0,0,0,1,0,1,0,1,9935,-10162,533800.0,0,0,3,2,30069,1,601423,0,0.0,0
1049856,0,0,0,0,0,0,0,0,1,0,1,0,1,9971,-10171,533800.0,0,0,3,2,30070,1,601443,0,0.0,0
1049856,0,0,0,0,0,0,0,0,1,0,1,0,1,9946,-10143,533800.0,0,0,3,2,30071,1,601463,0,0.0,0
1049856,0,0,0,0,0,0,0,0,1,0,1,0,1,9921,-10162,533800.0,0,0,3,2,30072,1,601483,0,0.0,0
1049856,0,0,0,0,0,0,0,0,1,0,1,0,1,9946,-10175,533800.0,0,0,3,2,30073,1,601503,0,0.0,0
1049856,0,0,0,0,0,0,0,0,1,0,1,0,1,9967,-10162,533800.0,0,0,3,2,30074,1,601523,0,0.0,0
1049856,0,0,0,0,0,0,0,0,1,0,1,0,1,9958,-10158,533800.0,0,0,3,2,30075,1,601543,0,0.0,0
1049856,0,0,0,0,0,0,0,0,1,0,1,0,1,9935,-10148,533800.0,0,0,3,2,30076,1,601563,0,0.0,0
1049856,0,0,0,0,0,0,0,0,1,0,1,0,1,9942,-10177,533800.0,0,0,3,2,30077,1,601583,0,0.0,0
1049856,0,0,0,0,0,0,0,0,1,0,1,0,1,9950,-10141,533800.0,0,0,3,2,30078,1,601603,0,0.0,0
1048832,0,0,0,0,0,0,0,0,0,0,1,0,1,9962,-10152,533800.0,0,0,3,2,30079,1,601623,0,0.0,0
1048832,0,0,0,0,0,0,0,0,0,0,1,0,1,9960,-10162,533800.0,0,0,3,2,30080,1,601643,0,0.0,0
1048832,0,0,0,0,0,0,0,0,0,0,1,0,1,9921,-10166,533800.0,0,0,3,2,30081,1,601663,0,0.0,0
1048832,0,0,0,0,0,0,0,0,0,0,1,0,1,9937,-10154,533800.0,0,0,3,2,30082,1,601683,0,0.0,0
1048832,0,0,0,0,0,0,0,0,0,0,1,0,1,9962,-10158,533800.0,0,0,3,2,30083,1,601703,0,0.0,0
1048832,0,0,0,0,0,0,0,0,0,0,1,0,1,9944,-10181,533800.0,0,0,3,2,30084,1,601723,0,0.0,0
1048832,0,0,0,0,0,0,0,0,0,0,1,0,1,9927,-10146,533800.0,0,0,3,2,30085,1,601743,0,0.0,0
1048832,0,0,0,0,0,0,0,0,0,0,1,0,1,9946,-10146,533800.0,0,0,3,2,30086,1,601763,0,0.0,0
1048832,0,0,0,0,0,0,0,0,0,0,1,0,1,9952,-10175,533800.0,0,0,3,2,30087,1,601783,0,0.0,0
1048832,0,0,0,0,0,0,0,0,0,0,1,0,1,9958,-10137,533800.0,0,0,3,2,30088,1,601803,0,0.0,0
1048832,0,0,0,0,0,0,0,0,0,0,1,0,1,9950,-10141,533800.0,0,0,3,2,30089,1,601823,0,0.0,0
1048832,0,0,0,0,0,0,0,0,0,0,1,0,1,9921,-10175,533800.0,0,0,3,2,30090,1,601843,0,0.0,0
1048832,0,0,0,0,0,0,0,0,0,0,1,0,1,9948,-10141,533800.0,0,0,3,2,30091,1,601863,0,0.0,0
1048832,0,0,0,0,0,0,0,0,0,0,1,0,1,9969,-10152,533800.0,0,0,3,2,30092,1,601883,0,0.0,0
1048832,0,0,0,0,0,0,0,0,0,0,1,0,1,9952,-10160,533800.0,0,0,3,2,30093,1,601903,0,0.0,0
1048832,0,0,0,0,0,0,0,0,0,0,1,0,1,9935,-10175,533800.0,0,0,3,2,30094,1,601923,0,0.0,0
1048832,0,0,0,0,0,0,0,0,0,0,1,0,1,9942,-10146,533800.0,0,0,3,2,30095,1,601943,0,0.0,0
1048832,0,0,0,0,0,0,0,0,0,0,1,0,1,9958,-10137,533800.0,0,0,3,2,30096,1,601963,0,0.0,0
1048832,0,0,0,0,0,0,0,0,0,0,1,0,1,9948,-10166,533800.0,0,0,3,2,30097,1,601983,0,0.0,0
1048832,0,0,0,0,0,0,0,0,0,0,1,0,1,9958,-10160,533800.0,0,0,3,2,30098,1,602003,0,0.0,0
1048832,0,0,0,0,0,0,0,0,0,0,1,0,1,9931,-10141,533800.0,0,0,3,2,30099,1,602023,0,0.0,0
1048832,0,0,0,0,0,0,0,0,0,0,1,0,1,9952,-10166,533800.0,0,0,3,2,30100,1,602043,0,0.0,0
1048832,0,0,0,0,0,0,0,0,0,0,1,0,1,9973,-10162,533800.0,0,0,3,2,30101,1,602063,0,0.0,0
1048832,0,0,0,0,0,0,0,0,0,0,1,0,1,9942,-10148,533800.0,0,0,3,2,30102,1,602083,0,0.0,0
1048832,0,0,0,0,0,0,0,0,0,0,1,0,1,9933,-10150,533800.0,0,0,3,2,30103,1,602103,0,0.0,0
1048832,0,0,0,0,0,0,0,0,0,0,1,0,1,9948,-10171,533800.0,0,0,3,2,30104,1,602123,0,0.0,0
1048832,0,0,0,0,0,0,0,0,0,0,1,0,1,9965,-10150,533800.0,0,0,3,2,30105,1,602143,0,0.0,0
1048832,0,0,0,0,0,0,0,0,0,0,1,0,1,9950,-10141,533800.0,0,0,3,2,30106,1,602163,0,0.0,0
1048832,0,0,0,0,0,0,0,0,0,0,1,0,1,9950,-10173,533800.0,0,0,3,2,30107,1,602183,0,0.0,0
1048832,0,0,0,0,0,0,0,0,0,0,1,0,1,9937,-10154,533800.0,0,0,3,2,30108,1,602203,0,0.0,0
1048832,0,0,0,0,0,0,0,0,0,0,1,0,1,9942,-10139,533800.0,0,0,3,2,30109,1,602223,0,0.0,0
1048832,0,0,0,0,0,0,0,0,0,0,1,0,1,9973,-10166,533800.0,0,0,3,2,30110,1,602243,0,0.0,0
1048832,0,0,0,0,0,0,0,0,0,0,1,0,1,9954,-10164,533800.0,0,0,3,2,30111,1,602263,0,0.0,0
1048832,0,0,0,0,0,0,0,0,0,0,1,0,1,9935,-10137,533800.0,0,0,3,2,30112,1,602283,0,0.0,0
1048832,0,0,0,0,0,0,0,0,0,0,1,0,1,9958,-10162,533800.0,0,0,3,2,30113,1,602303,0,0.0,0
1048832,0,0,0,0,0,0,0,0,0,0,1,0,1,9962,-10154,533800.0,0,0,3,2,30114,1,602323,0,0.0,0
1048832,0,0,0,0,0,0,0,0,0,0,1,0,1,9944,-10164,533800.0,0,0,3,2,30115,1,602343,0,0.0,0
1048832,0,0,0,0,0,0,0,0,0,0,1,0,1,9942,-10129,533800.0,0,0,3,2,30116,1,602363,0,0.0,0
1048832,0,0,0,0,0,0,0,0,0,0,1,0,1,9948,-10160,533800.0,0,0,3,2,30117,1,602383,0,0.0,0
1048832,0,0,0,0,0,0,0,0,0,0,1,0,1,9950,-10166,533800.0,0,0,3,2,30118,1,602403,0,0.0,0
1048832,0,0,0,0,0,0,0,0,0,0,1,0,1,9969,-10137,533800.0,0,0,3,2,30119,1,602423,0,0.0,0
1048832,0,0,0,0,0,0,0,0,0,0,1,0,1,9942,-10166,533800.0,0,0,3,2,30120,1,602443,0,0.0,0
1048832,0,0,0,0,0,0,0,0,0,0,1,0,1,9921,-10173,533800.0,0,0,3,2,30121,1,602463,0,0.0,0
1048832,0,0,0,0,0,0,0,0,0,0,1,0,1,9962,-10150,533800.0,0,0,3,2,30122,1,602483,0,0.0,0
1048832,0,0,0,0,0,0,0,0,0,0,1,0,1,9969,-10158,533800.0,0,0,3,2,30123,1,602503,0,0.0,0
1048832,0,0,0,0,0,0,0,0,0,0,1,0,1,9952,-10164,533800.0,0,0,3,2,30124,1,602523,0,0.0,0
1048832,0,0,0,0,0,0,0,0,0,0,1,0,1,9931,-10160,533800.0,0,0,3,2,30125,1,602543,0,0.0,0
1048832,0,0,0,0,0,0,0,0,0,0,1,0,1,9954,-10139,533800.0,0,0,3,2,30126,1,602563,0,0.0,0
1048832,0,0,0,0,0,0,0,0,0,0,1,0,1,9950,-10156,533800.0,0,0,3,2,30127,1,602583,0,0.0,0
1048832,0,0,0,0,0,0,0,0,0,0,1,0,1,9956,-10164,533800.0,0,0,3,2,30128,1,602603,0,0.0,0
1048832,0,0,0,0,0,0,0,0,0,0,1,0,1,9935,-10131,533800.0,0,0,3,2,30129,1,602623,0,0.0,0
1048832,0,0,0,0,0,0,0,0,0,0,1,0,1,9935,-10166,533800.0,0,0,3,2,30130,1,602643,0,0.0,0
1048832,0,0,0,0,0,0,0,0,0,0,1,0,1,9975,-10169,533800.0,0,0,3,2,30131,1,602663,0,0.0,0
1048832,0,0,0,0,0,0,0,0,0,0,1,0,1,9962,-10166,533800.0,0,0,3,2,30132,1,602683,0,0.0,0
1048832,0,0,0,0,0,0,0,0,0,0,1,0,1,9933,-10152,533800.0,0,0,3,2,30133,1,602703,0,0.0,0
1048832,0,0,0,0,0,0,0,0,0,0,1,0,1,9933,-10156,533800.0,0,0,3,2,30134,1,602723,0,0.0,0
1048832,0,0,0,0,0,0,0,0,0,0,1,0,1,9958,-10171,533800.0,0,0,3,2,30135,1,602743,0,0.0,0
1048832,0,0,0,0,0,0,0,0,0,0,1,0,1,9958,-10133,533800.0,0,0,3,2,30136,1,602763,0,0.0,0
1048832,0,0,0,0,0,0,0,0,0,0,1,0,1,9946,-10148,533800.0,0,0,3,2,30137,1,602783,0,0.0,0
1048832,0,0,0,0,0,0,0,0,0,0,1,0,1,9939,-10173,533800.0,0,0,3,2,30138,1,602803,0,0.0,0
1048832,0,0,0,0,0,0,0,0,0,0,1,0,1,9939,-10123,533800.0,0,0,3,2,30139,1,602823,0,0.0,0
1048832,0,0,0,0,0,0,0,0,0,0,1,0,1,9956,-10156,533800.0,0,0,3,2,30140,1,602843,0,0.0,0
1048832,0,0,0,0,0,0,0,0,0,0,1,0,1,9973,-10169,533800.0,0,0,3,2,30141,1,602863,0,0.0,0
1048832,0,0,0,0,0,0,0,0,0,0,1,0,1,9919,-10148,533800.0,0,0,3,2,30142,1,602883,0,0.0,0
1049856,0,0,0,0,0,0,0,0,1,0,1,0,1,9948,-10162,533800.0,0,0,3,2,30143,1,602903,0,0.0,0
1049856,0,0,0,0,0,0,0,0,1,0,1,0,1,9965,-10173,533800.0,0,0,3,2,30144,1,602923,0,0.0,0
1049856,0,0,0,0,0,0,0,0,1,0,1,0,1,9960,-10166,533800.0,0,0,3,2,30145,1,602943,0,0.0,0
1049856,0,0,0,0,0,0,0,0,1,0,1,0,1,9935,-10154,533800.0,0,0,3,2,30146,1,602963,0,0.0,0
1049856,0,0,0,0,0,0,0,0,1,0,1,0,1,9946,-10156,533800.0,0,0,3,2,30147,1,602983,0,0.0,0
1049856,0,0,0,0,0,0,0,0,1,0,1,0,1,9950,-10173,533800.0,0,0,3,2,30148,1,603003,0,0.0,0
1049856,0,0,0,0,0,0,0,0,1,0,1,0,1,9960,-10133,533800.0,0,0,3,2,30149,1,603023,0,0.0,0
1049856,0,0,0,0,0,0,0,0,1,0,1,0,1,9958,-10154,533800.0,0,0,3,2,30150,1,603043,0,0.0,0
1049856,0,0,0,0,0,0,0,0,1,0,1,0,1,9919,-10162,533800.0,0,0,3,2,30151,1,603063,0,0.0,0
1049856,0,0,0,0,0,0,0,0,1,0,1,0,1,9942,-10160,533800.0,0,0,3,2,30152,1,603083,0,0.0,0
1049856,0,0,0,0,0,0,0,0,1,0,1,0,1,9967,-10158,533800.0,0,0,3,2,30153,1,603103,0,0.0,0
1049856,0,0,0,0,0,0,0,0,1,0,1,0,1,9960,-10156,533800.0,0,0,3,2,30154,1,603123,0,0.0,0
1049856,0,0,0,0,0,0,0,0,1,0,1,0,1,9939,-10179,533800.0,0,0,3,2,30155,1,603143,0,0.0,0
1049856,0,0,0,0,0,0,0,0,1,0,1,0,1,9937,-10146,533800.0,0,0,3,2,30156,1,603163,0,0.0,0
1049856,0,0,0,0,0,0,0,0,1,0,1,0,1,9954,-10150,533800.0,0,0,3,2,30157,1,603183,0,0.0,0
1049856,0,0,0,0,0,0,0,0,1,0,1,0,1,9954,-10179,533800.0,0,0,3,2,30158,1,603203,0,0.0,0
1049856,0,0,0,0,0,0,0,0,1,0,1,0,1,9948,-10135,533800.0,0,0,3,2,30159,1,603223,0,0.0,0
1049856,0,0,0,0,0,0,0,0,1,0,1,0,1,9921,-10143,533800.0,0,0,3,2,30160,1,603243,0,0.0,0
1049856,0,0,0,0,0,0,0,0,1,0,1,0,1,9948,-10179,533800.0,0,0,3,2,30161,1,603263,0,0.0,0
1049856,0,0,0,0,0,0,0,0,1,0,1,0,1,9969,-10135,533800.0,0,0,3,2,30162,1,603283,0,0.0,0
1049856,0,0,0,0,0,0,0,0,1,0,1,0,1,9948,-10154,533800.0,0,0,3,2,30163,1,603303,0,0.0,0
1049856,0,0,0,0,0,0,0,0,1,0,1,0,1,9935,-10162,533800.0,0,0,3,2,30164,1,603323,0,0.0,0
1049856,0,0,0,0,0,0,0,0,1,0,1,0,1,9939,-10166,533800.0,0,0,3,2,30165,1,603343,0,0.0,0
1049856,0,0,0,0,0,0,0,0,1,0,1,0,1,9958,-10154,533800.0,0,0,3,2,30166,1,603363,0,0.0,0
1049856,0,0,0,0,0,0,0,0,1,0,1,0,1,9952,-10158,533800.0,0,0,3,2,30167,1,603383,0,0.0,0
1049856,0,0,0,0,0,0,0,0,1,0,1,0,1,9956,-10171,533800.0,0,0,3,2,30168,1,603403,0,0.0,0
1049856,0,0,0,0,0,0,0,0,1,0,1,0,1,9937,-10148,533800.0,0,0,3,2,30169,1,603423,0,0.0,0
1049856,0,0,0,0,0,0,0,0,1,0,1,0,1,9937,-10141,533800.0,0,0,3,2,30170,1,603443,0,0.0,0
1049856,0,0,0,0,0,0,0,0,1,0,1,0,1,9973,-10164,533800.0,0,0,3,2,30171,1,603463,0,0.0,0
1049856,0,0,0,0,0,0,0,0,1,0,1,0,1,9931,-10152,533800.0,0,0,3,2,30172,1,603483,0,0.0,0
1049856,0,0,0,0,0,0,0,0,1,0,1,0,1,9929,-10148,533800.0,0,0,3,2,30173,1,603503,0,0.0,0
1049856,0,0,0,0,0,0,0,0,1,0,1,0,1,9948,-10154,533800.0,0,0,3,2,30174,1,603523,0,0.0,0
1049856,0,0,0,0,0,0,0,0,1,0,1,0,1,9960,-10169,533800.0,0,0,3,2,30175,1,603543,0,0.0,0
1049856,0,0,0,0,0,0,0,0,1,0,1,0,1,9948,-10148,533800.0,0,0,3,2,30176,1,603563,0,0.0,0
1049856,0,0,0,0,0,0,0,0,1,0,1,0,1,9944,-10146,533800.0,0,0,3,2,30177,1,603583,0,0.0,0
1049856,0,0,0,0,0,0,0,0,1,0,1,0,1,9942,-10177,533800.0,0,0,3,2,30178,1,603603,0,0.0,0
