event_bits,evt_cmd_shoot_toggle,evt_cmd_vt03_trigger,evt_fn1_cur,evt_s0_not_down,evt_trigger_cur,evt_vt03_online,fric1_rpm,fric2_rpm,fric_set,high_freq,rc_s0,rc_s1,seq,shoot_mode,tick_ms,trigger_cur,trigger_spd_set,vt03_toe
1048832,0,0,0,1,0,1,0,0,0.0,1,3,2,84174,0,1683523,0,0.0,0
1048832,0,0,0,1,0,1,0,0,0.0,1,3,2,84175,0,1683543,0,0.0,0
1048832,0,0,0,1,0,1,-5,0,0.0,1,3,2,84176,0,1683563,0,0.0,0
1048832,0,0,0,1,0,1,0,0,0.0,1,3,2,84177,0,1683583,0,0.0,0
1048832,0,0,0,1,0,1,0,0,0.0,1,3,2,84178,0,1683603,0,0.0,0
1048832,0,0,0,1,0,1,0,0,0.0,1,3,2,84179,0,1683623,0,0.0,0
1048832,0,0,0,1,0,1,0,0,0.0,1,3,2,84180,0,1683643,0,0.0,0
1048832,0,0,0,1,0,1,0,-3,0.0,1,3,2,84181,0,1683663,0,0.0,0
1048832,0,0,0,1,0,1,0,0,0.0,1,3,2,84182,0,1683683,0,0.0,0
1048832,0,0,0,1,0,1,0,-3,0.0,1,3,2,84183,0,1683703,0,0.0,0
1048832,0,0,0,1,0,1,0,0,0.0,1,3,2,84184,0,1683723,0,0.0,0
1048832,0,0,0,1,0,1,-3,-3,0.0,1,3,2,84185,0,1683743,0,0.0,0
1048832,0,0,0,1,0,1,0,0,0.0,1,3,2,84186,0,1683763,0,0.0,0
1048832,0,0,0,1,0,1,0,-3,0.0,1,3,2,84187,0,1683783,0,0.0,0
1048832,0,0,0,1,0,1,0,-3,0.0,1,3,2,84188,0,1683803,0,0.0,0
1048832,0,0,0,1,0,1,0,-3,0.0,1,3,2,84189,0,1683823,0,0.0,0
1048832,0,0,0,1,0,1,-3,0,0.0,1,3,2,84190,0,1683843,0,0.0,0
1048832,0,0,0,1,0,1,0,0,0.0,1,3,2,84191,0,1683863,0,0.0,0
1048832,0,0,0,1,0,1,0,0,0.0,1,3,2,84192,0,1683883,0,0.0,0
1048832,0,0,0,1,0,1,0,0,0.0,1,3,2,84193,0,1683903,0,0.0,0
1048832,0,0,0,1,0,1,0,0,0.0,1,3,2,84194,0,1683923,0,0.0,0
1048832,0,0,0,1,0,1,0,0,0.0,1,3,2,84195,0,1683943,0,0.0,0
1048832,0,0,0,1,0,1,-3,-3,0.0,1,3,2,84196,0,1683963,0,0.0,0
1048832,0,0,0,1,0,1,2,0,0.0,1,3,2,84197,0,1683983,0,0.0,0
1048832,0,0,0,1,0,1,0,0,0.0,1,3,2,84198,0,1684003,0,0.0,0
1048832,0,0,0,1,0,1,-3,0,0.0,1,3,2,84199,0,1684023,0,0.0,0
1048832,0,0,0,1,0,1,0,-3,0.0,1,3,2,84200,0,1684043,0,0.0,0
1048832,0,0,0,1,0,1,0,0,0.0,1,3,2,84201,0,1684063,0,0.0,0
1048832,0,0,0,1,0,1,0,0,0.0,1,3,2,84202,0,1684083,0,0.0,0
1048832,0,0,0,1,0,1,-3,0,0.0,1,3,2,84203,0,1684103,0,0.0,0
1048832,0,0,0,1,0,1,0,0,0.0,1,3,2,84204,0,1684123,0,0.0,0
1048832,0,0,0,1,0,1,0,0,0.0,1,3,2,84205,0,1684143,0,0.0,0
1048832,0,0,0,1,0,1,-7,0,0.0,1,3,2,84206,0,1684163,0,0.0,0
1048832,0,0,0,1,0,1,0,0,0.0,1,3,2,84207,0,1684183,0,0.0,0
1048832,0,0,0,1,0,1,0,0,0.0,1,3,2,84208,0,1684203,0,0.0,0
1048832,0,0,0,1,0,1,0,0,0.0,1,3,2,84209,0,1684223,0,0.0,0
1048832,0,0,0,1,0,1,0,-5,0.0,1,3,2,84210,0,1684243,0,0.0,0
1048832,0,0,0,1,0,1,0,0,0.0,1,3,2,84211,0,1684263,0,0.0,0
1048832,0,0,0,1,0,1,0,-3,0.0,1,3,2,84212,0,1684283,0,0.0,0
1048832,0,0,0,1,0,1,0,0,0.0,1,3,2,84213,0,1684303,0,0.0,0
1048832,0,0,0,1,0,1,0,0,0.0,1,3,2,84214,0,1684323,0,0.0,0
1048832,0,0,0,1,0,1,-7,0,0.0,1,3,2,84215,0,1684343,0,0.0,0
1048832,0,0,0,1,0,1,0,0,0.0,1,3,2,84216,0,1684363,0,0.0,0
1048832,0,0,0,1,0,1,0,0,0.0,1,3,2,84217,0,1684383,0,0.0,0
1048832,0,0,0,1,0,1,0,0,0.0,1,3,2,84218,0,1684403,0,0.0,0
1048832,0,0,0,1,0,1,0,0,0.0,1,3,2,84219,0,1684423,0,0.0,0
1048832,0,0,0,1,0,1,-5,0,0.0,1,3,2,84220,0,1684443,0,0.0,0
1048832,0,0,0,1,0,1,0,0,0.0,1,3,2,84221,0,1684463,0,0.0,0
1048832,0,0,0,1,0,1,0,-3,0.0,1,3,2,84222,0,1684483,0,0.0,0
1048832,0,0,0,1,0,1,0,2,0.0,1,3,2,84223,0,1684503,0,0.0,0
1048832,0,0,0,1,0,1,0,-3,0.0,1,3,2,84224,0,1684523,0,0.0,0
1048832,0,0,0,1,0,1,0,0,0.0,1,3,2,84225,0,1684543,0,0.0,0
1048832,0,0,0,1,0,1,-3,-3,0.0,1,3,2,84226,0,1684563,0,0.0,0
1048832,0,0,0,1,0,1,0,0,0.0,1,3,2,84227,0,1684583,0,0.0,0
1048832,0,0,0,1,0,1,0,0,0.0,1,3,2,84228,0,1684603,0,0.0,0
1048832,0,0,0,1,0,1,0,0,0.0,1,3,2,84229,0,1684623,0,0.0,0
1048832,0,0,0,1,0,1,0,0,0.0,1,3,2,84230,0,1684643,0,0.0,0
1048832,0,0,0,1,0,1,0,2,0.0,1,3,2,84231,0,1684663,0,0.0,0
1048832,0,0,0,1,0,1,0,0,0.0,1,3,2,84232,0,1684683,0,0.0,0
1048832,0,0,0,1,0,1,-3,0,0.0,1,3,2,84233,0,1684703,0,0.0,0
1048832,0,0,0,1,0,1,0,0,0.0,1,3,2,84234,0,1684723,0,0.0,0
1048832,0,0,0,1,0,1,0,2,0.0,1,3,2,84235,0,1684743,0,0.0,0
1048832,0,0,0,1,0,1,0,0,0.0,1,3,2,84236,0,1684763,0,0.0,0
1048832,0,0,0,1,0,1,-3,0,0.0,1,3,2,84237,0,1684783,0,0.0,0
1048832,0,0,0,1,0,1,0,0,0.0,1,3,2,84238,0,1684803,0,0.0,0
1048832,0,0,0,1,0,1,0,-5,0.0,1,3,2,84239,0,1684823,0,0.0,0
1048832,0,0,0,1,0,1,0,0,0.0,1,3,2,84240,0,1684843,0,0.0,0
1048832,0,0,0,1,0,1,0,-3,0.0,1,3,2,84241,0,1684863,0,0.0,0
1048832,0,0,0,1,0,1,-3,2,0.0,1,3,2,84242,0,1684883,0,0.0,0
1048832,0,0,0,1,0,1,0,0,0.0,1,3,2,84243,0,1684903,0,0.0,0
1048832,0,0,0,1,0,1,0,0,0.0,1,3,2,84244,0,1684923,0,0.0,0
1048832,0,0,0,1,0,1,-3,0,0.0,1,3,2,84245,0,1684943,0,0.0,0
1048832,0,0,0,1,0,1,0,0,0.0,1,3,2,84246,0,1684963,0,0.0,0
1048832,0,0,0,1,0,1,0,-3,0.0,1,3,2,84247,0,1684983,0,0.0,0
1048832,0,0,0,1,0,1,0,0,0.0,1,3,2,84248,0,1685003,0,0.0,0
1048832,0,0,0,1,0,1,0,0,0.0,1,3,2,84249,0,1685023,0,0.0,0
1048832,0,0,0,1,0,1,-3,0,0.0,1,3,2,84250,0,1685043,0,0.0,0
1048832,0,0,0,1,0,1,0,-3,0.0,1,3,2,84251,0,1685063,0,0.0,0
1048832,0,0,0,1,0,1,0,2,0.0,1,3,2,84252,0,1685083,0,0.0,0
1048832,0,0,0,1,0,1,0,0,0.0,1,3,2,84253,0,1685103,0,0.0,0
1048832,0,0,0,1,0,1,-3,0,0.0,1,3,2,84254,0,1685123,0,0.0,0
1048832,0,0,0,1,0,1,0,-3,0.0,1,3,2,84255,0,1685143,0,0.0,0
1048832,0,0,0,1,0,1,0,0,0.0,1,3,2,84256,0,1685163,0,0.0,0
1048832,0,0,0,1,0,1,0,-3,0.0,1,3,2,84257,0,1685183,0,0.0,0
1048832,0,0,0,1,0,1,0,2,0.0,1,3,2,84258,0,1685203,0,0.0,0
1048832,0,0,0,1,0,1,0,-3,0.0,1,3,2,84259,0,1685223,0,0.0,0
1048832,0,0,0,1,0,1,0,0,0.0,1,3,2,84260,0,1685243,0,0.0,0
1048832,0,0,0,1,0,1,0,0,0.0,1,3,2,84261,0,1685263,0,0.0,0
1048832,0,0,0,1,0,1,-3,0,0.0,1,3,2,84262,0,1685283,0,0.0,0
1048832,0,0,0,1,0,1,0,0,0.0,1,3,2,84263,0,1685303,0,0.0,0
1048832,0,0,0,1,0,1,0,-3,0.0,1,3,2,84264,0,1685323,0,0.0,0
1048832,0,0,0,1,0,1,2,-3,0.0,1,3,2,84265,0,1685343,0,0.0,0
1048832,0,0,0,1,0,1,-3,0,0.0,1,3,2,84266,0,1685363,0,0.0,0
1048832,0,0,0,1,0,1,0,0,0.0,1,3,2,84267,0,1685383,0,0.0,0
1048832,0,0,0,1,0,1,0,-3,0.0,1,3,2,84268,0,1685403,0,0.0,0
1048832,0,0,0,1,0,1,0,0,0.0,1,3,2,84269,0,1685423,0,0.0,0
1048832,0,0,0,1,0,1,0,0,0.0,1,3,2,84270,0,1685443,0,0.0,0
1048832,0,0,0,1,0,1,0,0,0.0,1,3,2,84271,0,1685463,0,0.0,0
1048832,0,0,0,1,0,1,0,-3,0.0,1,3,2,84272,0,1685483,0,0.0,0
1048832,0,0,0,1,0,1,0,0,0.0,1,3,2,84273,0,1685503,0,0.0,0
1048832,0,0,0,1,0,1,0,0,0.0,1,3,2,84274,0,1685523,0,0.0,0
1048832,0,0,0,1,0,1,0,0,0.0,1,3,2,84275,0,1685543,0,0.0,0
1048832,0,0,0,1,0,1,-3,-3,0.0,1,3,2,84276,0,1685563,0,0.0,0
1048832,0,0,0,1,0,1,0,0,0.0,1,3,2,84277,0,1685583,0,0.0,0
1048832,0,0,0,1,0,1,0,0,0.0,1,3,2,84278,0,1685603,0,0.0,0
1048832,0,0,0,1,0,1,0,0,0.0,1,3,2,84279,0,1685623,0,0.0,0
1048832,0,0,0,1,0,1,0,0,0.0,1,3,2,84280,0,1685643,0,0.0,0
1048832,0,0,0,1,0,1,-5,0,0.0,1,3,2,84281,0,1685663,0,0.0,0
1048832,0,0,0,1,0,1,0,0,0.0,1,3,2,84282,0,1685683,0,0.0,0
1048832,0,0,0,1,0,1,0,0,0.0,1,3,2,84283,0,1685703,0,0.0,0
1048832,0,0,0,1,0,1,0,0,0.0,1,3,2,84284,0,1685723,0,0.0,0
1048832,0,0,0,1,0,1,-3,-3,0.0,1,3,2,84285,0,1685743,0,0.0,0
1048832,0,0,0,1,0,1,0,0,0.0,1,3,2,84286,0,1685763,0,0.0,0
1048832,0,0,0,1,0,1,0,-3,0.0,1,3,2,84287,0,1685783,0,0.0,0
1048832,0,0,0,1,0,1,-3,0,0.0,1,3,2,84288,0,1685803,0,0.0,0
1048832,0,0,0,1,0,1,-5,-5,0.0,1,3,2,84289,0,1685823,0,0.0,0
1048832,0,0,0,1,0,1,0,0,0.0,1,3,2,84290,0,1685843,0,0.0,0
1048832,0,0,0,1,0,1,0,-3,0.0,1,3,2,84291,0,1685863,0,0.0,0
1048832,0,0,0,1,0,1,0,0,0.0,1,3,2,84292,0,1685883,0,0.0,0
1048832,0,0,0,1,0,1,0,0,0.0,1,3,2,84293,0,1685903,0,0.0,0
1048832,0,0,0,1,0,1,0,0,0.0,1,3,2,84294,0,1685923,0,0.0,0
1048832,0,0,0,1,0,1,0,-3,0.0,1,3,2,84295,0,1685943,0,0.0,0
1048832,0,0,0,1,0,1,-3,0,0.0,1,3,2,84296,0,1685963,0,0.0,0
1048832,0,0,0,1,0,1,0,0,0.0,1,3,2,84297,0,1685983,0,0.0,0
1048832,0,0,0,1,0,1,0,0,0.0,1,3,2,84298,0,1686003,0,0.0,0
1048832,0,0,0,1,0,1,0,0,0.0,1,3,2,84299,0,1686023,0,0.0,0
1048832,0,0,0,1,0,1,0,-3,0.0,1,3,2,84300,0,1686043,0,0.0,0
1048832,0,0,0,1,0,1,0,0,0.0,1,3,2,84301,0,1686063,0,0.0,0
1048832,0,0,0,1,0,1,-5,0,0.0,1,3,2,84302,0,1686083,0,0.0,0
1048832,0,0,0,1,0,1,0,0,0.0,1,3,2,84303,0,1686103,0,0.0,0
1048832,0,0,0,1,0,1,0,0,0.0,1,3,2,84304,0,1686123,0,0.0,0
1048832,0,0,0,1,0,1,0,0,0.0,1,3,2,84305,0,1686143,0,0.0,0
1048832,0,0,0,1,0,1,0,0,0.0,1,3,2,84306,0,1686163,0,0.0,0
1048832,0,0,0,1,0,1,-3,0,0.0,1,3,2,84307,0,1686183,0,0.0,0
1048832,0,0,0,1,0,1,0,0,0.0,1,3,2,84308,0,1686203,0,0.0,0
1048832,0,0,0,1,0,1,-3,0,0.0,1,3,2,84309,0,1686223,0,0.0,0
1048832,0,0,0,1,0,1,0,-3,0.0,1,3,2,84310,0,1686243,0,0.0,0
1048832,0,0,0,1,0,1,0,0,0.0,1,3,2,84311,0,1686263,0,0.0,0
1048832,0,0,0,1,0,1,0,0,0.0,1,3,2,84312,0,1686283,0,0.0,0
1048832,0,0,0,1,0,1,-5,2,0.0,1,3,2,84313,0,1686303,0,0.0,0
1048832,0,0,0,1,0,1,0,0,0.0,1,3,2,84314,0,1686323,0,0.0,0
1048832,0,0,0,1,0,1,0,0,0.0,1,3,2,84315,0,1686343,0,0.0,0
1048832,0,0,0,1,0,1,-3,-3,0.0,1,3,2,84316,0,1686363,0,0.0,0
1048832,0,0,0,1,0,1,0,0,0.0,1,3,2,84317,0,1686383,0,0.0,0
1048832,0,0,0,1,0,1,0,-3,0.0,1,3,2,84318,0,1686403,0,0.0,0
1048832,0,0,0,1,0,1,0,0,0.0,1,3,2,84319,0,1686423,0,0.0,0
1048832,0,0,0,1,0,1,0,0,0.0,1,3,2,84320,0,1686443,0,0.0,0
1048832,0,0,0,1,0,1,0,0,0.0,1,3,2,84321,0,1686463,0,0.0,0
1048832,0,0,0,1,0,1,0,0,0.0,1,3,2,84322,0,1686483,0,0.0,0
1048832,0,0,0,1,0,1,-3,-3,0.0,1,3,2,84323,0,1686503,0,0.0,0
1048832,0,0,0,1,0,1,-3,-3,0.0,1,3,2,84324,0,1686523,0,0.0,0
1048832,0,0,0,1,0,1,0,0,0.0,1,3,2,84325,0,1686543,0,0.0,0
1048832,0,0,0,1,0,1,0,0,0.0,1,3,2,84326,0,1686563,0,0.0,0
1048832,0,0,0,1,0,1,0,-3,0.0,1,3,2,84327,0,1686583,0,0.0,0
1048832,0,0,0,1,0,1,0,0,0.0,1,3,2,84328,0,1686603,0,0.0,0
1048832,0,0,0,1,0,1,-3,0,0.0,1,3,2,84329,0,1686623,0,0.0,0
1048832,0,0,0,1,0,1,0,0,0.0,1,3,2,84330,0,1686643,0,0.0,0
1048832,0,0,0,1,0,1,0,-5,0.0,1,3,2,84331,0,1686663,0,0.0,0
1048832,0,0,0,1,0,1,0,0,0.0,1,3,2,84332,0,1686683,0,0.0,0
1048832,0,0,0,1,0,1,0,0,0.0,1,3,2,84333,0,1686703,0,0.0,0
1048832,0,0,0,1,0,1,-3,0,0.0,1,3,2,84334,0,1686723,0,0.0,0
1048832,0,0,0,1,0,1,0,0,0.0,1,3,2,84335,0,1686743,0,0.0,0
1048832,0,0,0,1,0,1,0,0,0.0,1,3,2,84336,0,1686763,0,0.0,0
1048832,0,0,0,1,0,1,0,0,0.0,1,3,2,84337,0,1686783,0,0.0,0
1048832,0,0,0,1,0,1,0,0,0.0,1,3,2,84338,0,1686803,0,0.0,0
1048832,0,0,0,1,0,1,0,-3,0.0,1,3,2,84339,0,1686823,0,0.0,0
1048832,0,0,0,1,0,1,-3,0,0.0,1,3,2,84340,0,1686843,0,0.0,0
1048832,0,0,0,1,0,1,0,0,0.0,1,3,2,84341,0,1686863,0,0.0,0
1048832,0,0,0,1,0,1,0,0,0.0,1,3,2,84342,0,1686883,0,0.0,0
1049344,0,0,1,1,0,1,0,0,0.0,1,3,2,84343,0,1686903,0,0.0,0
1049344,0,0,1,1,0,1,0,0,0.0,1,3,2,84344,0,1686923,0,0.0,0
1049344,0,0,1,1,0,1,-5,0,0.0,1,3,2,84345,0,1686943,0,0.0,0
1049344,0,0,1,1,0,1,0,-3,0.0,1,3,2,84346,0,1686963,0,0.0,0
1049344,0,0,1,1,0,1,0,0,0.0,1,3,2,84347,0,1686983,0,0.0,0
1049344,0,0,1,1,0,1,0,0,0.0,1,3,2,84348,0,1687003,0,0.0,0
1049344,0,0,1,1,0,1,-3,0,0.0,1,3,2,84349,0,1687023,0,0.0,0
1048832,0,0,0,1,0,1,-3,-3,284400.0,1,3,2,84350,1,1687043,0,0.0,0
1048832,0,0,0,1,0,1,721,-750,284400.0,1,3,2,84351,1,1687063,0,0.0,0
1048832,0,0,0,1,0,1,1579,-1553,284400.0,1,3,2,84352,1,1687083,0,0.0,0
1048832,0,0,0,1,0,1,2546,-2359,284400.0,1,3,2,84353,1,1687103,0,0.0,0
1048832,0,0,0,1,0,1,3390,-3292,284400.0,1,3,2,84354,1,1687123,0,0.0,0
1048832,0,0,0,1,0,1,4239,-4054,284400.0,1,3,2,84355,1,1687143,0,0.0,0
1048832,0,0,0,1,0,1,5126,-4878,284400.0,1,3,2,84356,1,1687163,0,0.0,0
1048832,0,0,0,1,0,1,5986,-5764,284400.0,1,3,2,84357,1,1687183,0,0.0,0
1048832,0,0,0,1,0,1,6817,-6590,284400.0,1,3,2,84358,1,1687203,0,0.0,0
1048832,0,0,0,1,0,1,7654,-7457,284400.0,1,3,2,84359,1,1687223,0,0.0,0
1048832,0,0,0,1,0,1,8295,-8128,284400.0,1,3,2,84360,1,1687243,0,0.0,0
1048832,0,0,0,1,0,1,8734,-8662,284400.0,1,3,2,84361,1,1687263,0,0.0,0
1048832,0,0,0,1,0,1,9050,-9057,284400.0,1,3,2,84362,1,1687283,0,0.0,0
1048832,0,0,0,1,0,1,9234,-9296,284400.0,1,3,2,84363,1,1687303,0,0.0,0
1048832,0,0,0,1,0,1,9391,-9476,284400.0,1,3,2,84364,1,1687323,0,0.0,0
1048832,0,0,0,1,0,1,9471,-9633,284400.0,1,3,2,84365,1,1687343,0,0.0,0
1048832,0,0,0,1,0,1,9542,-9683,284400.0,1,3,2,84366,1,1687363,0,0.0,0
1048832,0,0,0,1,0,1,9559,-9765,284400.0,1,3,2,84367,1,1687383,0,0.0,0
1048832,0,0,0,1,0,1,9621,-9786,284400.0,1,3,2,84368,1,1687403,0,0.0,0
1048832,0,0,0,1,0,1,9630,-9838,284400.0,1,3,2,84369,1,1687423,0,0.0,0
1048832,0,0,0,1,0,1,9649,-9834,284400.0,1,3,2,84370,1,1687443,0,0.0,0
1048832,0,0,0,1,0,1,9655,-9836,284400.0,1,3,2,84371,1,1687463,0,0.0,0
1048832,0,0,0,1,0,1,9699,-9869,284400.0,1,3,2,84372,1,1687483,0,0.0,0
1048832,0,0,0,1,0,1,9670,-9873,284400.0,1,3,2,84373,1,1687503,0,0.0,0
1048832,0,0,0,1,0,1,9703,-9880,284400.0,1,3,2,84374,1,1687523,0,0.0,0
1048832,0,0,0,1,0,1,9676,-9903,284400.0,1,3,2,84375,1,1687543,0,0.0,0
1048832,0,0,0,1,0,1,9686,-9922,284400.0,1,3,2,84376,1,1687563,0,0.0,0
1048832,0,0,0,1,0,1,9720,-9915,284400.0,1,3,2,84377,1,1687583,0,0.0,0
1048832,0,0,0,1,0,1,9690,-9909,284400.0,1,3,2,84378,1,1687603,0,0.0,0
1048832,0,0,0,1,0,1,9709,-9907,284400.0,1,3,2,84379,1,1687623,0,0.0,0
1048832,0,0,0,1,0,1,9713,-9899,284400.0,1,3,2,84380,1,1687643,0,0.0,0
1048832,0,0,0,1,0,1,9686,-9871,284400.0,1,3,2,84381,1,1687663,0,0.0,0
1048832,0,0,0,1,0,1,9695,-9876,284400.0,1,3,2,84382,1,1687683,0,0.0,0
1048832,0,0,0,1,0,1,9711,-9886,284400.0,1,3,2,84383,1,1687703,0,0.0,0
1048832,0,0,0,1,0,1,9690,-9880,284400.0,1,3,2,84384,1,1687723,0,0.0,0
1048832,0,0,0,1,0,1,9716,-9903,284400.0,1,3,2,84385,1,1687743,0,0.0,0
1048832,0,0,0,1,0,1,9720,-9926,284400.0,1,3,2,84386,1,1687763,0,0.0,0
1048832,0,0,0,1,0,1,9676,-9915,284400.0,1,3,2,84387,1,1687783,0,0.0,0
1048832,0,0,0,1,0,1,9709,-9897,284400.0,1,3,2,84388,1,1687803,0,0.0,0
1048832,0,0,0,1,0,1,9724,-9901,284400.0,1,3,2,84389,1,1687823,0,0.0,0
1048832,0,0,0,1,0,1,9699,-9882,284400.0,1,3,2,84390,1,1687843,0,0.0,0
1048832,0,0,0,1,0,1,9718,-9878,284400.0,1,3,2,84391,1,1687863,0,0.0,0
1048832,0,0,0,1,0,1,9709,-9890,284400.0,1,3,2,84392,1,1687883,0,0.0,0
1048832,0,0,0,1,0,1,9688,-9892,284400.0,1,3,2,84393,1,1687903,0,0.0,0
1048832,0,0,0,1,0,1,9722,-9897,284400.0,1,3,2,84394,1,1687923,0,0.0,0
1048832,0,0,0,1,0,1,9705,-9930,284400.0,1,3,2,84395,1,1687943,0,0.0,0
1048832,0,0,0,1,0,1,9690,-9930,284400.0,1,3,2,84396,1,1687963,0,0.0,0
1048832,0,0,0,1,0,1,9736,-9920,284400.0,1,3,2,84397,1,1687983,0,0.0,0
1048832,0,0,0,1,0,1,9716,-9903,284400.0,1,3,2,84398,1,1688003,0,0.0,0
1048832,0,0,0,1,0,1,9676,-9907,284400.0,1,3,2,84399,1,1688023,0,0.0,0
1048832,0,0,0,1,0,1,9709,-9886,284400.0,1,3,2,84400,1,1688043,0,0.0,0
1048832,0,0,0,1,0,1,9722,-9876,284400.0,1,3,2,84401,1,1688063,0,0.0,0
1048832,0,0,0,1,0,1,9699,-9911,284400.0,1,3,2,84402,1,1688083,0,0.0,0
1048832,0,0,0,1,0,1,9713,-9920,284400.0,1,3,2,84403,1,1688103,0,0.0,0
1048832,0,0,0,1,0,1,9713,-9922,284400.0,1,3,2,84404,1,1688123,0,0.0,0
1048832,0,0,0,1,0,1,9697,-9922,284400.0,1,3,2,84405,1,1688143,0,0.0,0
1048832,0,0,0,1,0,1,9724,-9905,284400.0,1,3,2,84406,1,1688163,0,0.0,0
1048832,0,0,0,1,0,1,9705,-9890,284400.0,1,3,2,84407,1,1688183,0,0.0,0
1048832,0,0,0,1,0,1,9695,-9901,284400.0,1,3,2,84408,1,1688203,0,0.0,0
1048832,0,0,0,1,0,1,9734,-9888,284400.0,1,3,2,84409,1,1688223,0,0.0,0
1048832,0,0,0,1,0,1,9711,-9882,284400.0,1,3,2,84410,1,1688243,0,0.0,0
1048832,0,0,0,1,0,1,9682,-9913,284400.0,1,3,2,84411,1,1688263,0,0.0,0
1048832,0,0,0,1,0,1,9711,-9926,284400.0,1,3,2,84412,1,1688283,0,0.0,0
1048832,0,0,0,1,0,1,9703,-9930,284400.0,1,3,2,84413,1,1688303,0,0.0,0
1048832,0,0,0,1,0,1,9697,-9915,284400.0,1,3,2,84414,1,1688323,0,0.0,0
1048832,0,0,0,1,0,1,9724,-9911,284400.0,1,3,2,84415,1,1688343,0,0.0,0
1048832,0,0,0,1,0,1,9707,-9890,284400.0,1,3,2,84416,1,1688363,0,0.0,0
1048832,0,0,0,1,0,1,9695,-9880,284400.0,1,3,2,84417,1,1688383,0,0.0,0
1048832,0,0,0,1,0,1,9724,-9892,284400.0,1,3,2,84418,1,1688403,0,0.0,0
1048832,0,0,0,1,0,1,9703,-9899,284400.0,1,3,2,84419,1,1688423,0,0.0,0
1048832,0,0,0,1,0,1,9695,-9924,284400.0,1,3,2,84420,1,1688443,0,0.0,0
1050880,0,0,0,1,1,1,9736,-9930,284400.0,1,3,2,84421,1,1688463,0,0.0,0
1050880,0,0,0,1,1,1,9707,-9917,284400.0,1,3,2,84422,1,1688483,0,0.0,0
1050880,0,0,0,1,1,1,9686,-9901,284400.0,1,3,2,84423,1,1688503,0,0.0,0
1050880,0,0,0,1,1,1,9713,-9903,284400.0,1,3,2,84424,1,1688523,0,0.0,0
1050880,0,0,0,1,1,1,9703,-9901,284400.0,1,3,2,84425,1,1688543,0,0.0,0
1050880,0,0,0,1,1,1,9707,-9869,284400.0,1,3,2,84426,1,1688563,0,0.0,0
1050880,0,0,0,1,1,1,9726,-9884,284400.0,1,3,2,84427,1,1688583,0,0.0,0
1050880,0,0,0,1,1,1,9688,-9903,284400.0,1,3,2,84428,1,1688603,0,0.0,0
1050880,0,0,0,1,1,1,9697,-9907,284400.0,1,3,2,84429,1,1688623,0,0.0,0
1048832,0,0,0,1,0,1,9728,-9924,284400.0,1,3,2,84430,1,1688643,0,0.0,0
1048832,0,0,0,1,0,1,9705,-9924,284400.0,1,3,2,84431,1,1688663,0,0.0,0
1048832,0,0,0,1,0,1,9697,-9915,284400.0,1,3,2,84432,1,1688683,0,0.0,0
1048832,0,0,0,1,0,1,9736,-9899,284400.0,1,3,2,84433,1,1688703,0,0.0,0
1048832,0,0,0,1,0,1,9707,-9901,284400.0,1,3,2,84434,1,1688723,0,0.0,0
1048832,0,0,0,1,0,1,9682,-9886,284400.0,1,3,2,84435,1,1688743,0,0.0,0
1048832,0,0,0,1,0,1,9711,-9905,284400.0,1,3,2,84436,1,1688763,0,0.0,0
1048832,0,0,0,1,0,1,9703,-9930,284400.0,1,3,2,84437,1,1688783,0,0.0,0
1048832,0,0,0,1,0,1,9703,-9926,284400.0,1,3,2,84438,1,1688803,0,0.0,0
1048832,0,0,0,1,0,1,9724,-9915,284400.0,1,3,2,84439,1,1688823,0,0.0,0
1048832,0,0,0,1,0,1,9682,-9917,284400.0,1,3,2,84440,1,1688843,0,0.0,0
1048832,0,0,0,1,0,1,9699,-9903,284400.0,1,3,2,84441,1,1688863,0,0.0,0
1048832,0,0,0,1,0,1,9730,-9876,284400.0,1,3,2,84442,1,1688883,0,0.0,0
1048832,0,0,0,1,0,1,9693,-9878,284400.0,1,3,2,84443,1,1688903,0,0.0,0
1048832,0,0,0,1,0,1,9711,-9888,284400.0,1,3,2,84444,1,1688923,0,0.0,0
1048832,0,0,0,1,0,1,9718,-9882,284400.0,1,3,2,84445,1,1688943,0,0.0,0
1048832,0,0,0,1,0,1,9693,-9903,284400.0,1,3,2,84446,1,1688963,0,0.0,0
1048832,0,0,0,1,0,1,9688,-9926,284400.0,1,3,2,84447,1,1688983,0,0.0,0
1048832,0,0,0,1,0,1,9713,-9924,284400.0,1,3,2,84448,1,1689003,0,0.0,0
1048832,0,0,0,1,0,1,9695,-9915,284400.0,1,3,2,84449,1,1689023,0,0.0,0
1048832,0,0,0,1,0,1,9713,-9915,284400.0,1,3,2,84450,1,1689043,0,0.0,0
1048832,0,0,0,1,0,1,9722,-9882,284400.0,1,3,2,84451,1,1689063,0,0.0,0
1048832,0,0,0,1,0,1,9678,-9878,284400.0,1,3,2,84452,1,1689083,0,0.0,0
1048832,0,0,0,1,0,1,9703,-9892,284400.0,1,3,2,84453,1,1689103,0,0.0,0
1048832,0,0,0,1,0,1,9726,-9894,284400.0,1,3,2,84454,1,1689123,0,0.0,0
1048832,0,0,0,1,0,1,9697,-9899,284400.0,1,3,2,84455,1,1689143,0,0.0,0
1048832,0,0,0,1,0,1,9716,-9928,284400.0,1,3,2,84456,1,1689163,0,0.0,0
1048832,0,0,0,1,0,1,9716,-9924,284400.0,1,3,2,84457,1,1689183,0,0.0,0
1048832,0,0,0,1,0,1,9693,-9920,284400.0,1,3,2,84458,1,1689203,0,0.0,0
1048832,0,0,0,1,0,1,9720,-9901,284400.0,1,3,2,84459,1,1689223,0,0.0,0
1048832,0,0,0,1,0,1,9707,-9909,284400.0,1,3,2,84460,1,1689243,0,0.0,0
1048832,0,0,0,1,0,1,9690,-9884,284400.0,1,3,2,84461,1,1689263,0,0.0,0
1048832,0,0,0,1,0,1,9718,-9884,284400.0,1,3,2,84462,1,1689283,0,0.0,0
1048832,0,0,0,1,0,1,9720,-9903,284400.0,1,3,2,84463,1,1689303,0,0.0,0
1048832,0,0,0,1,0,1,9676,-9905,284400.0,1,3,2,84464,1,1689323,0,0.0,0
1048832,0,0,0,1,0,1,9705,-9915,284400.0,1,3,2,84465,1,1689343,0,0.0,0
1048832,0,0,0,1,0,1,9724,-9932,284400.0,1,3,2,84466,1,1689363,0,0.0,0
1048832,0,0,0,1,0,1,9697,-9899,284400.0,1,3,2,84467,1,1689383,0,0.0,0
1048832,0,0,0,1,0,1,9720,-9886,284400.0,1,3,2,84468,1,1689403,0,0.0,0
1048832,0,0,0,1,0,1,9716,-9894,284400.0,1,3,2,84469,1,1689423,0,0.0,0
1048832,0,0,0,1,0,1,9693,-9888,284400.0,1,3,2,84470,1,1689443,0,0.0,0
1048832,0,0,0,1,0,1,9728,-9886,284400.0,1,3,2,84471,1,1689463,0,0.0,0
1048832,0,0,0,1,0,1,9707,-9922,284400.0,1,3,2,84472,1,1689483,0,0.0,0
1048832,0,0,0,1,0,1,9693,-9932,284400.0,1,3,2,84473,1,1689503,0,0.0,0
1048832,0,0,0,1,0,1,9736,-9926,284400.0,1,3,2,84474,1,1689523,0,0.0,0
1048832,0,0,0,1,0,1,9718,-9909,284400.0,1,3,2,84475,1,1689543,0,0.0,0
1181952,0,1,0,1,1,1,9680,-9915,284400.0,1,3,2,84476,1,1689563,0,0.0,0
1050880,0,0,0,1,1,1,9709,-9886,284400.0,1,3,2,84477,1,1689583,0,0.0,0
1050880,0,0,0,1,1,1,9724,-9882,284400.0,1,3,2,84478,1,1689603,0,0.0,0
1050880,0,0,0,1,1,1,9695,-9890,284400.0,1,3,2,84479,1,1689623,0,0.0,0
1050880,0,0,0,1,1,1,9716,-9892,284400.0,1,3,2,84480,1,1689643,0,0.0,0
1050880,0,0,0,1,1,1,9709,-9894,284400.0,1,3,2,84481,1,1689663,0,0.0,0
1050880,0,0,0,1,1,1,9693,-9930,284400.0,1,3,2,84482,1,1689683,0,0.0,0
1048832,0,0,0,1,0,1,9722,-9932,284400.0,1,3,2,84483,1,1689703,0,0.0,0
1048832,0,0,0,1,0,1,9707,-9922,284400.0,1,3,2,84484,1,1689723,0,0.0,0
1048832,0,0,0,1,0,1,9686,-9901,284400.0,1,3,2,84485,1,1689743,0,0.0,0
1048832,0,0,0,1,0,1,9734,-9897,284400.0,1,3,2,84486,1,1689763,0,0.0,0
1048832,0,0,0,1,0,1,9709,-9876,284400.0,1,3,2,84487,1,1689783,0,0.0,0
1048832,0,0,0,1,0,1,9682,-9909,284400.0,1,3,2,84488,1,1689803,0,0.0,0
1048832,0,0,0,1,0,1,9709,-9917,284400.0,1,3,2,84489,1,1689823,0,0.0,0
1048832,0,0,0,1,0,1,9697,-9928,284400.0,1,3,2,84490,1,1689843,0,0.0,0
1048832,0,0,0,1,0,1,9705,-9913,284400.0,1,3,2,84491,1,1689863,0,0.0,0
1048832,0,0,0,1,0,1,9720,-9915,284400.0,1,3,2,84492,1,1689883,0,0.0,0
1048832,0,0,0,1,0,1,9711,-9901,284400.0,1,3,2,84493,1,1689903,0,0.0,0
1048832,0,0,0,1,0,1,9695,-9884,284400.0,1,3,2,84494,1,1689923,0,0.0,0
1048832,0,0,0,1,0,1,9730,-9899,284400.0,1,3,2,84495,1,1689943,0,0.0,0
1048832,0,0,0,1,0,1,9699,-9886,284400.0,1,3,2,84496,1,1689963,0,0.0,0
1048832,0,0,0,1,0,1,9695,-9882,284400.0,1,3,2,84497,1,1689983,0,0.0,0
1048832,0,0,0,1,0,1,9734,-9911,284400.0,1,3,2,84498,1,1690003,0,0.0,0
1048832,0,0,0,1,0,1,9703,-9928,284400.0,1,3,2,84499,1,1690023,0,0.0,0
1048832,0,0,0,1,0,1,9688,-9930,284400.0,1,3,2,84500,1,1690043,0,0.0,0
1048832,0,0,0,1,0,1,9709,-9911,284400.0,1,3,2,84501,1,1690063,0,0.0,0
1048832,0,0,0,1,0,1,9693,-9913,284400.0,1,3,2,84502,1,1690083,0,0.0,0
1048832,0,0,0,1,0,1,9713,-9873,284400.0,1,3,2,84503,1,1690103,0,0.0,0
1048832,0,0,0,1,0,1,9720,-9876,284400.0,1,3,2,84504,1,1690123,0,0.0,0
1048832,0,0,0,1,0,1,9676,-9892,284400.0,1,3,2,84505,1,1690143,0,0.0,0
1048832,0,0,0,1,0,1,9703,-9897,284400.0,1,3,2,84506,1,1690163,0,0.0,0
1048832,0,0,0,1,0,1,9732,-9917,284400.0,1,3,2,84507,1,1690183,0,0.0,0
1048832,0,0,0,1,0,1,9688,-9932,284400.0,1,3,2,84508,1,1690203,0,0.0,0
1048832,0,0,0,1,0,1,9701,-9917,284400.0,1,3,2,84509,1,1690223,0,0.0,0
1048832,0,0,0,1,0,1,9736,-9909,284400.0,1,3,2,84510,1,1690243,0,0.0,0
1048832,0,0,0,1,0,1,9699,-9905,284400.0,1,3,2,84511,1,1690263,0,0.0,0
1048832,0,0,0,1,0,1,9697,-9901,284400.0,1,3,2,84512,1,1690283,0,0.0,0
1048832,0,0,0,1,0,1,9713,-9876,284400.0,1,3,2,84513,1,1690303,0,0.0,0
1048832,0,0,0,1,0,1,9688,-9884,284400.0,1,3,2,84514,1,1690323,0,0.0,0
1048832,0,0,0,1,0,1,9720,-9901,284400.0,1,3,2,84515,1,1690343,0,0.0,0
1048832,0,0,0,1,0,1,9716,-9899,284400.0,1,3,2,84516,1,1690363,0,0.0,0
1048832,0,0,0,1,0,1,9670,-9920,284400.0,1,3,2,84517,1,1690383,0,0.0,0
1048832,0,0,0,1,0,1,9709,-9915,284400.0,1,3,2,84518,1,1690403,0,0.0,0
1048832,0,0,0,1,0,1,9718,-9894,284400.0,1,3,2,84519,1,1690423,0,0.0,0
1048832,0,0,0,1,0,1,9701,-9886,284400.0,1,3,2,84520,1,1690443,0,0.0,0
1048832,0,0,0,1,0,1,9720,-9905,284400.0,1,3,2,84521,1,1690463,0,0.0,0
1048832,0,0,0,1,0,1,9707,-9876,284400.0,1,3,2,84522,1,1690483,0,0.0,0
1048832,0,0,0,1,0,1,9699,-9892,284400.0,1,3,2,84523,1,1690503,0,0.0,0
1048832,0,0,0,1,0,1,9709,-9911,284400.0,1,3,2,84524,1,1690523,0,0.0,0
1048832,0,0,0,1,0,1,9711,-9913,284400.0,1,3,2,84525,1,1690543,0,0.0,0
1048832,0,0,0,1,0,1,9690,-9917,284400.0,1,3,2,84526,1,1690563,0,0.0,0
1048832,0,0,0,1,0,1,9724,-9924,284400.0,1,3,2,84527,1,1690583,0,0.0,0
1048832,0,0,0,1,0,1,9713,-9917,284400.0,1,3,2,84528,1,1690603,0,0.0,0
1048832,0,0,0,1,0,1,9672,-9888,284400.0,1,3,2,84529,1,1690623,0,0.0,0
1048832,0,0,0,1,0,1,9709,-9886,284400.0,1,3,2,84530,1,1690643,0,0.0,0
1048832,0,0,0,1,0,1,9718,-9897,284400.0,1,3,2,84531,1,1690663,0,0.0,0
1048832,0,0,0,1,0,1,9695,-9876,284400.0,1,3,2,84532,1,1690683,0,0.0,0
1048832,0,0,0,1,0,1,9722,-9926,284400.0,1,3,2,84533,1,1690703,0,0.0,0
1048832,0,0,0,1,0,1,9701,-9932,284400.0,1,3,2,84534,1,1690723,0,0.0,0
1048832,0,0,0,1,0,1,9699,-9924,284400.0,1,3,2,84535,1,1690743,0,0.0,0
1048832,0,0,0,1,0,1,9732,-9905,284400.0,1,3,2,84536,1,1690763,0,0.0,0
1048832,0,0,0,1,0,1,9701,-9909,284400.0,1,3,2,84537,1,1690783,0,0.0,0
1048832,0,0,0,1,0,1,9693,-9888,284400.0,1,3,2,84538,1,1690803,0,0.0,0
1048832,0,0,0,1,0,1,9728,-9880,284400.0,1,3,2,84539,1,1690823,0,0.0,0
1048832,0,0,0,1,0,1,9707,-9894,284400.0,1,3,2,84540,1,1690843,0,0.0,0
1048832,0,0,0,1,0,1,9674,-9901,284400.0,1,3,2,84541,1,1690863,0,0.0,0
1048832,0,0,0,1,0,1,9716,-9899,284400.0,1,3,2,84542,1,1690883,0,0.0,0
1048832,0,0,0,1,0,1,9711,-9934,284400.0,1,3,2,84543,1,1690903,0,0.0,0
1048832,0,0,0,1,0,1,9701,-9926,284400.0,1,3,2,84544,1,1690923,0,0.0,0
1048832,0,0,0,1,0,1,9718,-9917,284400.0,1,3,2,84545,1,1690943,0,0.0,0
1048832,0,0,0,1,0,1,9701,-9899,284400.0,1,3,2,84546,1,1690963,0,0.0,0
1048832,0,0,0,1,0,1,9701,-9907,284400.0,1,3,2,84547,1,1690983,0,0.0,0
1048832,0,0,0,1,0,1,9730,-9882,284400.0,1,3,2,84548,1,1691003,0,0.0,0
1048832,0,0,0,1,0,1,9693,-9882,284400.0,1,3,2,84549,1,1691023,0,0.0,0
1048832,0,0,0,1,0,1,9701,-9905,284400.0,1,3,2,84550,1,1691043,0,0.0,0
1048832,0,0,0,1,0,1,9736,-9905,284400.0,1,3,2,84551,1,1691063,0,0.0,0
1048832,0,0,0,1,0,1,9701,-9913,284400.0,1,3,2,84552,1,1691083,0,0.0,0
1048832,0,0,0,1,0,1,9695,-9917,284400.0,1,3,2,84553,1,1691103,0,0.0,0
1048832,0,0,0,1,0,1,9711,-9897,284400.0,1,3,2,84554,1,1691123,0,0.0,0
1048832,0,0,0,1,0,1,9713,-9882,284400.0,1,3,2,84555,1,1691143,0,0.0,0
1048832,0,0,0,1,0,1,9697,-9888,284400.0,1,3,2,84556,1,1691163,0,0.0,0
1048832,0,0,0,1,0,1,9722,-9884,284400.0,1,3,2,84557,1,1691183,0,0.0,0
1048832,0,0,0,1,0,1,9701,-9886,284400.0,1,3,2,84558,1,1691203,0,0.0,0
1048832,0,0,0,1,0,1,9701,-9922,284400.0,1,3,2,84559,1,1691223,0,0.0,0
1050880,0,0,0,1,1,1,9732,-9932,284400.0,1,3,2,84560,1,1691243,0,0.0,0
1050880,0,0,0,1,1,1,9690,-9926,284400.0,1,3,2,84561,1,1691263,0,0.0,0
1050880,0,0,0,1,1,1,9699,-9907,284400.0,1,3,2,84562,1,1691283,0,0.0,0
1050880,0,0,0,1,1,1,9734,-9913,284400.0,1,3,2,84563,1,1691303,0,0.0,0
1050880,0,0,0,1,1,1,9699,-9888,284400.0,1,3,2,84564,1,1691323,0,0.0,0
1050880,0,0,0,1,1,1,9701,-9884,284400.0,1,3,2,84565,1,1691343,0,0.0,0
1050880,0,0,0,1,1,1,9711,-9890,284400.0,1,3,2,84566,1,1691363,0,0.0,0
1048832,0,0,0,1,0,1,9693,-9890,284400.0,1,3,2,84567,1,1691383,0,0.0,0
1048832,0,0,0,1,0,1,9718,-9890,284400.0,1,3,2,84568,1,1691403,0,0.0,0
1048832,0,0,0,1,0,1,9718,-9928,284400.0,1,3,2,84569,1,1691423,0,0.0,0
1048832,0,0,0,1,0,1,9672,-9915,284400.0,1,3,2,84570,1,1691443,0,0.0,0
1048832,0,0,0,1,0,1,9709,-9899,284400.0,1,3,2,84571,1,1691463,0,0.0,0
1048832,0,0,0,1,0,1,9730,-9899,284400.0,1,3,2,84572,1,1691483,0,0.0,0
