seq,tick_ms,rc_s0,shoot_mode,fric1_rpm,fric2_rpm,fric_set,vt03_toe,evt_vt03_online,evt_s0_not_down,evt_dial_pos,evt_dial_neg
195283,3905703,3,0,0,0,0.0,0,1,1,0,0
195284,3905723,3,0,0,-3,0.0,0,1,1,0,0
195285,3905743,3,0,0,-5,0.0,0,1,1,0,0
195286,3905763,3,0,0,2,0.0,0,1,1,0,0
195287,3905783,3,0,0,-3,0.0,0,1,1,0,0
195288,3905803,3,0,0,0,0.0,0,1,1,0,0
195289,3905823,3,0,-3,2,0.0,0,1,1,0,0
195290,3905843,3,0,0,0,0.0,0,1,1,0,0
195291,3905863,3,0,0,0,0.0,0,1,1,0,0
195292,3905883,3,0,0,0,0.0,0,1,1,0,0
195293,3905903,3,0,0,-3,0.0,0,1,1,0,0
195294,3905923,3,0,0,0,0.0,0,1,1,0,0
195295,3905943,3,0,0,0,0.0,0,1,1,0,0
195296,3905963,3,0,0,0,0.0,0,1,1,0,0
195297,3905983,3,0,2,0,0.0,0,1,1,0,0
195298,3906003,3,0,-3,0,0.0,0,1,1,0,0
195299,3906023,3,0,0,0,0.0,0,1,1,0,0
195300,3906043,3,0,0,2,0.0,0,1,1,0,0
195301,3906063,3,0,0,0,0.0,0,1,1,0,0
195302,3906083,3,0,0,0,0.0,0,1,1,0,0
195303,3906103,3,0,0,0,0.0,0,1,1,0,0
195304,3906123,3,0,0,0,0.0,0,1,1,0,0
195305,3906143,3,0,0,0,0.0,0,1,1,0,0
195306,3906163,3,0,0,-3,0.0,0,1,1,0,0
195307,3906183,3,0,0,0,0.0,0,1,1,0,0
195308,3906203,3,0,0,0,0.0,0,1,1,0,0
195309,3906223,3,0,-3,0,0.0,0,1,1,0,0
195310,3906243,3,0,0,-3,0.0,0,1,1,0,0
195311,3906263,3,0,0,0,0.0,0,1,1,0,0
195312,3906283,3,0,0,0,0.0,0,1,1,0,0
195313,3906303,3,0,-3,0,0.0,0,1,1,0,0
195314,3906323,3,0,-3,0,0.0,0,1,1,0,0
195315,3906343,3,0,0,0,0.0,0,1,1,0,0
195316,3906363,3,0,0,0,0.0,0,1,1,0,0
195317,3906383,3,0,0,0,0.0,0,1,1,0,0
195318,3906403,3,0,0,0,0.0,0,1,1,0,0
195319,3906423,3,0,0,0,0.0,0,1,1,0,0
195320,3906443,3,0,0,0,0.0,0,1,1,0,0
195321,3906463,3,0,0,0,0.0,0,1,1,0,0
195322,3906483,3,0,0,0,0.0,0,1,1,0,0
195323,3906503,3,0,0,0,0.0,0,1,1,0,0
195324,3906523,3,0,0,0,0.0,0,1,1,0,0
195325,3906543,3,0,0,0,0.0,0,1,1,0,0
195326,3906563,3,0,0,0,0.0,0,1,1,0,0
195327,3906583,3,0,0,0,0.0,0,1,1,0,0
195328,3906603,3,0,0,0,0.0,0,1,1,0,0
195329,3906623,3,0,0,0,0.0,0,1,1,0,0
195330,3906643,3,0,0,0,0.0,0,1,1,0,0
195331,3906663,3,0,0,0,0.0,0,1,1,0,0
195332,3906683,3,0,0,0,0.0,0,1,1,0,0
195333,3906703,3,0,0,0,0.0,0,1,1,0,0
195334,3906723,3,0,0,0,0.0,0,1,1,0,0
195335,3906743,3,0,-3,0,0.0,0,1,1,0,0
195336,3906763,3,0,0,-3,0.0,0,1,1,0,0
195337,3906783,3,0,0,0,0.0,0,1,1,0,0
195338,3906803,3,0,0,0,0.0,0,1,1,0,0
195339,3906823,3,0,0,0,0.0,0,1,1,0,0
195340,3906843,3,0,0,-3,0.0,0,1,1,0,0
195341,3906863,3,0,-3,0,0.0,0,1,1,0,0
195342,3906883,3,0,0,-3,0.0,0,1,1,0,0
195343,3906903,3,0,0,0,0.0,0,1,1,0,0
195344,3906923,3,0,0,-3,0.0,0,1,1,0,0
195345,3906943,3,0,0,0,0.0,0,1,1,0,0
195346,3906963,3,0,0,0,0.0,0,1,1,0,0
195347,3906983,3,0,0,0,0.0,0,1,1,0,0
195348,3907003,3,0,0,0,0.0,0,1,1,0,0
195349,3907023,3,0,0,0,0.0,0,1,1,0,0
195350,3907043,3,0,0,0,0.0,0,1,1,0,0
195351,3907063,3,0,0,0,0.0,0,1,1,0,0
195352,3907083,3,0,0,0,0.0,0,1,1,0,0
195353,3907103,3,0,0,0,0.0,0,1,1,0,0
195354,3907123,3,0,0,0,0.0,0,1,1,0,0
195355,3907143,3,0,0,-3,0.0,0,1,1,0,0
195356,3907163,3,0,0,0,0.0,0,1,1,0,0
195357,3907183,3,0,0,-3,0.0,0,1,1,0,0
195358,3907203,3,0,0,0,0.0,0,1,1,0,0
195359,3907223,3,0,0,-3,0.0,0,1,1,0,0
195360,3907243,3,0,0,0,0.0,0,1,1,0,0
195361,3907263,3,0,-3,-3,0.0,0,1,1,0,0
195362,3907283,3,0,0,0,0.0,0,1,1,0,0
195363,3907303,3,0,0,0,0.0,0,1,1,0,0
195364,3907323,3,0,0,0,0.0,0,1,1,0,0
195365,3907343,3,0,0,-3,0.0,0,1,1,0,0
195366,3907363,3,0,0,0,0.0,0,1,1,0,0
195367,3907383,3,0,0,0,0.0,0,1,1,0,0
195368,3907403,3,0,0,0,0.0,0,1,1,0,0
195369,3907423,3,0,0,0,0.0,0,1,1,0,0
195370,3907443,3,0,0,0,0.0,0,1,1,0,0
195371,3907463,3,0,0,0,0.0,0,1,1,0,0
195372,3907483,3,0,0,0,0.0,0,1,1,0,0
195373,3907503,3,0,0,0,0.0,0,1,1,0,0
195374,3907523,3,0,0,0,0.0,0,1,1,0,0
195375,3907543,3,0,0,0,0.0,0,1,1,0,0
195376,3907563,3,0,0,0,0.0,0,1,1,0,0
195377,3907583,3,0,0,-3,0.0,0,1,1,0,0
195378,3907603,3,0,0,0,0.0,0,1,1,0,0
195379,3907623,3,0,0,-3,0.0,0,1,1,0,0
195380,3907643,3,0,0,0,0.0,0,1,1,0,0
195381,3907663,3,0,0,-3,0.0,0,1,1,0,0
195382,3907683,3,0,0,0,0.0,0,1,1,0,0
195383,3907703,3,0,0,0,0.0,0,1,1,0,0
195384,3907723,3,0,0,-5,0.0,0,1,1,0,0
195385,3907743,3,0,0,0,0.0,0,1,1,0,0
195386,3907763,3,0,0,-5,0.0,0,1,1,0,0
195387,3907783,3,0,0,0,0.0,0,1,1,0,0
195388,3907803,3,0,0,0,0.0,0,1,1,0,0
195389,3907823,3,0,0,0,0.0,0,1,1,0,0
195390,3907843,3,0,0,0,0.0,0,1,1,0,0
195391,3907863,3,0,0,0,0.0,0,1,1,0,0
195392,3907883,3,0,0,0,0.0,0,1,1,0,0
195393,3907903,3,0,-3,0,0.0,0,1,1,0,0
195394,3907923,3,0,0,0,0.0,0,1,1,0,0
195395,3907943,3,0,0,0,0.0,0,1,1,0,0
195396,3907963,3,0,0,0,0.0,0,1,1,0,0
195397,3907983,3,0,0,0,0.0,0,1,1,0,0
195398,3908003,3,0,0,0,0.0,0,1,1,0,0
195399,3908023,3,0,0,0,0.0,0,1,1,0,0
195400,3908043,3,0,0,0,0.0,0,1,1,0,0
195401,3908063,3,0,0,0,0.0,0,1,1,0,0
195402,3908083,3,0,0,0,0.0,0,1,1,0,0
195403,3908103,3,0,0,0,0.0,0,1,1,0,0
195404,3908123,3,0,0,0,0.0,0,1,1,0,0
195405,3908143,3,0,0,-3,0.0,0,1,1,0,0
195406,3908163,3,0,0,0,0.0,0,1,1,0,0
195407,3908183,3,0,0,0,0.0,0,1,1,0,0
195408,3908203,3,0,0,0,0.0,0,1,1,0,0
195409,3908223,3,0,0,0,0.0,0,1,1,0,0
195410,3908243,3,0,0,0,0.0,0,1,1,0,0
195411,3908263,3,0,0,0,0.0,0,1,1,0,0
195412,3908283,3,0,0,0,0.0,0,1,1,0,0
195413,3908303,3,0,0,-3,0.0,0,1,1,0,0
195414,3908323,3,0,0,0,0.0,0,1,1,0,0
195415,3908343,3,0,0,0,0.0,0,1,1,0,0
195416,3908363,3,0,0,0,0.0,0,1,1,0,0
195417,3908383,3,0,0,0,0.0,0,1,1,0,0
195418,3908403,3,0,0,0,0.0,0,1,1,0,0
195419,3908423,3,0,0,0,0.0,0,1,1,0,0
195420,3908443,3,0,0,0,0.0,0,1,1,0,0
195421,3908463,3,0,0,-3,0.0,0,1,1,0,0
195422,3908483,3,0,0,0,0.0,0,1,1,0,0
195423,3908503,3,0,0,0,0.0,0,1,1,0,0
195424,3908523,3,1,-95,102,-79000.0,0,1,1,0,0
195425,3908543,3,1,-930,872,-79000.0,0,1,1,0,0
195426,3908563,3,1,-1769,1753,-79000.0,0,1,1,0,0
195427,3908583,3,1,-2658,2632,-79000.0,0,1,1,0,0
195428,3908603,3,1,-3512,3450,-79000.0,0,1,1,0,0
195429,3908623,3,1,-4372,4323,-79000.0,0,1,1,0,0
195430,3908643,3,1,-5245,5204,-79000.0,0,1,1,0,0
195431,3908663,3,1,-6082,6035,-79000.0,0,1,1,0,0
195432,3908683,3,1,-6912,6872,-79000.0,0,1,1,0,0
195433,3908703,3,1,-7605,7667,-79000.0,0,1,1,0,0
195434,3908723,3,1,-8084,8299,-79000.0,0,1,1,0,0
195435,3908743,3,1,-8427,8711,-79000.0,0,1,1,0,0
195436,3908763,3,1,-8689,8943,-79000.0,0,1,1,0,0
195437,3908783,3,1,-8879,9102,-79000.0,0,1,1,0,0
195438,3908803,3,1,-9005,9222,-79000.0,0,1,1,0,0
195439,3908823,3,1,-9093,9276,-79000.0,0,1,1,0,0
195440,3908843,3,1,-9135,9312,-79000.0,0,1,1,0,0
195441,3908863,3,1,-9168,9370,-79000.0,0,1,1,0,0
195442,3908883,3,1,-9216,9402,-79000.0,0,1,1,0,0
195443,3908903,3,1,-9206,9410,-79000.0,0,1,1,0,0
195444,3908923,3,1,-9246,9423,-79000.0,0,1,1,0,0
195445,3908943,3,1,-9231,9433,-79000.0,0,1,1,0,0
195446,3908963,3,1,-9250,9456,-79000.0,0,1,1,0,0
195447,3908983,3,1,-9269,9462,-79000.0,0,1,1,0,0
195448,3909003,3,1,-9254,9446,-79000.0,0,1,1,0,0
195449,3909023,3,1,-9283,9448,-79000.0,0,1,1,0,0
195450,3909043,3,1,-9283,9450,-79000.0,0,1,1,0,0
195451,3909063,3,1,-9262,9446,-79000.0,0,1,1,0,0
195452,3909083,3,1,-9296,9452,-79000.0,0,1,1,0,0
195453,3909103,3,1,-9275,9452,-79000.0,0,1,1,0,0
195454,3909123,3,1,-9271,9446,-79000.0,0,1,1,0,0
195455,3909143,3,1,-9290,9433,-79000.0,0,1,1,0,0
195456,3909163,3,1,-9260,9423,-79000.0,0,1,1,0,0
195457,3909183,3,1,-9262,9427,-79000.0,0,1,1,0,0
195458,3909203,3,1,-9288,9429,-79000.0,0,1,1,0,0
195459,3909223,3,1,-9269,9433,-79000.0,0,1,1,0,0
195460,3909243,3,1,-9288,9427,-79000.0,0,1,1,0,0
195461,3909263,3,1,-9302,9414,-79000.0,0,1,1,0,0
195462,3909283,3,1,-9269,9410,-79000.0,0,1,1,0,0
195463,3909303,3,1,-9275,9425,-79000.0,0,1,1,0,0
195464,3909323,3,1,-9292,9439,-79000.0,0,1,1,0,0
195465,3909343,3,1,-9254,9441,-79000.0,0,1,1,0,0
195466,3909363,3,1,-9273,9448,-79900.0,0,1,1,0,1
195467,3909383,3,1,-9290,9441,-81900.0,0,1,1,0,1
195468,3909403,3,1,-9265,9441,-83900.0,0,1,1,0,1
195469,3909423,3,1,-9292,9443,-85900.0,0,1,1,0,1
195470,3909443,3,1,-9300,9456,-87900.0,0,1,1,0,1
195471,3909463,3,1,-9262,9464,-89900.0,0,1,1,0,1
195472,3909483,3,1,-9294,9469,-91900.0,0,1,1,0,1
195473,3909503,3,1,-9290,9467,-93900.0,0,1,1,0,1
195474,3909523,3,1,-9265,9452,-95900.0,0,1,1,0,1
195475,3909543,3,1,-9285,9452,-97900.0,0,1,1,0,1
195476,3909563,3,1,-9277,9460,-99900.0,0,1,1,0,1
195477,3909583,3,1,-9265,9456,-101900.0,0,1,1,0,1
195478,3909603,3,1,-9294,9460,-103900.0,0,1,1,0,1
195479,3909623,3,1,-9290,9441,-105900.0,0,1,1,0,1
195480,3909643,3,1,-9265,9431,-107900.0,0,1,1,0,1
195481,3909663,3,1,-9298,9418,-109900.0,0,1,1,0,1
195482,3909683,3,1,-9283,9420,-111900.0,0,1,1,0,1
195483,3909703,3,1,-9271,9427,-112000.0,0,1,1,0,0
195484,3909723,3,1,-9288,9431,-112000.0,0,1,1,0,0
195485,3909743,3,1,-9271,9423,-112000.0,0,1,1,0,0
195486,3909763,3,1,-9260,9414,-112000.0,0,1,1,0,0
195487,3909783,3,1,-9283,9418,-112000.0,0,1,1,0,0
195488,3909803,3,1,-9275,9406,-112000.0,0,1,1,0,0
195489,3909823,3,1,-9285,9423,-112000.0,0,1,1,0,0
195490,3909843,3,1,-9306,9437,-112000.0,0,1,1,0,0
195491,3909863,3,1,-9279,9439,-112000.0,0,1,1,0,0
195492,3909883,3,1,-9273,9446,-112500.0,0,1,1,0,1
195493,3909903,3,1,-9292,9437,-114500.0,0,1,1,0,1
195494,3909923,3,1,-9267,9450,-116500.0,0,1,1,0,1
195495,3909943,3,1,-9262,9458,-118500.0,0,1,1,0,1
195496,3909963,3,1,-9283,9467,-120500.0,0,1,1,0,1
195497,3909983,3,1,-9277,9471,-122500.0,0,1,1,0,1
195498,3910003,3,1,-9285,9471,-124500.0,0,1,1,0,1
195499,3910023,3,1,-9306,9456,-126500.0,0,1,1,0,1
195500,3910043,3,1,-9283,9450,-128500.0,0,1,1,0,1
195501,3910063,3,1,-9292,9458,-130500.0,0,1,1,0,1
195502,3910083,3,1,-9300,9452,-132500.0,0,1,1,0,1
195503,3910103,3,1,-9267,9456,-134500.0,0,1,1,0,1
195504,3910123,3,1,-9269,9452,-136500.0,0,1,1,0,1
195505,3910143,3,1,-9294,9446,-138500.0,0,1,1,0,1
195506,3910163,3,1,-9256,9437,-139600.0,0,1,1,0,0
195507,3910183,3,1,-9285,9423,-139600.0,0,1,1,0,0
195508,3910203,3,1,-9308,9427,-139600.0,0,1,1,0,0
195509,3910223,3,1,-9279,9429,-139600.0,0,1,1,0,0
195510,3910243,3,1,-9288,9425,-139600.0,0,1,1,0,0
195511,3910263,3,1,-9296,9420,-139600.0,0,1,1,0,0
195512,3910283,3,1,-9260,9423,-139600.0,0,1,1,0,0
195513,3910303,3,1,-9269,9420,-139600.0,0,1,1,0,0
195514,3910323,3,1,-9290,9429,-139600.0,0,1,1,0,0
195515,3910343,3,1,-9250,9443,-139600.0,0,1,1,0,0
195516,3910363,3,1,-9283,9446,-140800.0,0,1,1,0,1
195517,3910383,3,1,-9300,9452,-142800.0,0,1,1,0,1
195518,3910403,3,1,-9273,9446,-144800.0,0,1,1,0,1
195519,3910423,3,1,-9298,9448,-146800.0,0,1,1,0,1
195520,3910443,3,1,-9304,9454,-148800.0,0,1,1,0,1
195521,3910463,3,1,-9271,9458,-150800.0,0,1,1,0,1
195522,3910483,3,1,-9281,9467,-152800.0,0,1,1,0,1
195523,3910503,3,1,-9290,9467,-154800.0,0,1,1,0,1
195524,3910523,3,1,-9256,9469,-156800.0,0,1,1,0,1
195525,3910543,3,1,-9283,9448,-158800.0,0,1,1,0,1
195526,3910563,3,1,-9298,9450,-160800.0,0,1,1,0,1
195527,3910583,3,1,-9279,9441,-162800.0,0,1,1,0,1
195528,3910603,3,1,-9298,9452,-164800.0,0,1,1,0,1
195529,3910623,3,1,-9300,9441,-165600.0,0,1,1,0,0
195530,3910643,3,1,-9271,9433,-165600.0,0,1,1,0,0
195531,3910663,3,1,-9288,9427,-165600.0,0,1,1,0,0
195532,3910683,3,1,-9271,9410,-165600.0,0,1,1,0,0
195533,3910703,3,1,-9256,9414,-165600.0,0,1,1,0,0
195534,3910723,3,1,-9290,9420,-165600.0,0,1,1,0,0
195535,3910743,3,1,-9273,9425,-165600.0,0,1,1,0,0
195536,3910763,3,1,-9277,9427,-165600.0,0,1,1,0,0
195537,3910783,3,1,-9306,9418,-165600.0,0,1,1,0,0
195538,3910803,3,1,-9298,9425,-167500.0,0,1,1,0,1
195539,3910823,3,1,-9275,9416,-169500.0,0,1,1,0,1
195540,3910843,3,1,-9292,9446,-171500.0,0,1,1,0,1
195541,3910863,3,1,-9267,9450,-173500.0,0,1,1,0,1
195542,3910883,3,1,-9256,9458,-175500.0,0,1,1,0,1
195543,3910903,3,1,-9294,9446,-177500.0,0,1,1,0,1
195544,3910923,3,1,-9271,9450,-179500.0,0,1,1,0,1
195545,3910943,3,1,-9281,9448,-181500.0,0,1,1,0,1
195546,3910963,3,1,-9306,9454,-183500.0,0,1,1,0,1
195547,3910983,3,1,-9275,9467,-185500.0,0,1,1,0,1
195548,3911003,3,1,-9281,9467,-187500.0,0,1,1,0,1
195549,3911023,3,1,-9306,9469,-189500.0,0,1,1,0,1
195550,3911043,3,1,-9267,9454,-189600.0,0,1,1,0,0
195551,3911063,3,1,-9279,9452,-189600.0,0,1,1,0,0
195552,3911083,3,1,-9290,9454,-189600.0,0,1,1,0,0
195553,3911103,3,1,-9262,9450,-189600.0,0,1,1,0,0
195554,3911123,3,1,-9283,9443,-189600.0,0,1,1,0,0
195555,3911143,3,1,-9308,9435,-189600.0,0,1,1,0,0
195556,3911163,3,1,-9273,9427,-189600.0,0,1,1,0,0
195557,3911183,3,1,-9290,9412,-189800.0,0,1,1,0,1
195558,3911203,3,1,-9311,9416,-191800.0,0,1,1,0,1
195559,3911223,3,1,-9265,9423,-193800.0,0,1,1,0,1
195560,3911243,3,1,-9281,9425,-195800.0,0,1,1,0,1
195561,3911263,3,1,-9281,9425,-197800.0,0,1,1,0,1
195562,3911283,3,1,-9248,9414,-199800.0,0,1,1,0,1
195563,3911303,3,1,-9285,9423,-201800.0,0,1,1,0,1
195564,3911323,3,1,-9283,9412,-203800.0,0,1,1,0,1
195565,3911343,3,1,-9273,9425,-205800.0,0,1,1,0,1
195566,3911363,3,1,-9302,9439,-207800.0,0,1,1,0,1
195567,3911383,3,1,-9302,9439,-209800.0,0,1,1,0,1
195568,3911403,3,1,-9267,9446,-211800.0,0,1,1,0,1
195569,3911423,3,1,-9285,9446,-213800.0,0,1,1,0,1
195570,3911443,3,1,-9269,9448,-215800.0,0,1,1,0,1
195571,3911463,3,1,-9254,9454,-216600.0,0,1,1,0,0
195572,3911483,3,1,-9290,9462,-216600.0,0,1,1,0,0
195573,3911503,3,1,-9271,9467,-216600.0,0,1,1,0,0
195574,3911523,3,1,-9275,9467,-216600.0,0,1,1,0,0
195575,3911543,3,1,-9302,9450,-216600.0,0,1,1,0,0
195576,3911563,3,1,-9271,9450,-216600.0,0,1,1,0,0
195577,3911583,3,1,-9279,9454,-216600.0,0,1,1,0,0
195578,3911603,3,1,-9302,9452,-216600.0,0,1,1,0,0
195579,3911623,3,1,-9262,9460,-217800.0,0,1,1,0,1
195580,3911643,3,1,-9277,9460,-219800.0,0,1,1,0,1
195581,3911663,3,1,-9281,9456,-221800.0,0,1,1,0,1
195582,3911683,3,1,-9252,9443,-223800.0,0,1,1,0,1
195583,3911703,3,1,-9281,9433,-225800.0,0,1,1,0,1
195584,3911723,3,1,-9300,9433,-227800.0,0,1,1,0,1
195585,3911743,3,1,-9273,9433,-229800.0,0,1,1,0,1
195586,3911763,3,1,-9294,9427,-231800.0,0,1,1,0,1
195587,3911783,3,1,-9306,9414,-233800.0,0,1,1,0,1
195588,3911803,3,1,-9267,9412,-235800.0,0,1,1,0,1
195589,3911823,3,1,-9288,9400,-237800.0,0,1,1,0,1
195590,3911843,3,1,-9277,9412,-239800.0,0,1,1,0,1
195591,3911863,3,1,-9252,9427,-241800.0,0,1,1,0,1
195592,3911883,3,1,-9292,9435,-243800.0,0,1,1,0,1
195593,3911903,3,1,-9283,9437,-245100.0,0,1,1,0,0
195594,3911923,3,1,-9277,9431,-245100.0,0,1,1,0,0
195595,3911943,3,1,-9304,9435,-245100.0,0,1,1,0,0
195596,3911963,3,1,-9306,9427,-245100.0,0,1,1,0,0
195597,3911983,3,1,-9271,9439,-245100.0,0,1,1,0,0
195598,3912003,3,1,-9288,9464,-245100.0,0,1,1,0,0
195599,3912023,3,1,-9277,9469,-245100.0,0,1,1,0,0
195600,3912043,3,1,-9260,9452,-245600.0,0,1,1,0,1
195601,3912063,3,1,-9292,9446,-247600.0,0,1,1,0,1
195602,3912083,3,1,-9281,9454,-249600.0,0,1,1,0,1
195603,3912103,3,1,-9275,9456,-251600.0,0,1,1,0,1
195604,3912123,3,1,-9302,9464,-253600.0,0,1,1,0,1
195605,3912143,3,1,-9281,9469,-255600.0,0,1,1,0,1
195606,3912163,3,1,-9271,9467,-257600.0,0,1,1,0,1
195607,3912183,3,1,-9306,9452,-259600.0,0,1,1,0,1
195608,3912203,3,1,-9269,9439,-261600.0,0,1,1,0,1
195609,3912223,3,1,-9275,9439,-263600.0,0,1,1,0,1
195610,3912243,3,1,-9292,9433,-265600.0,0,1,1,0,1
195611,3912263,3,1,-9260,9439,-267600.0,0,1,1,0,1
195612,3912283,3,1,-9279,9437,-269600.0,0,1,1,0,1
195613,3912303,3,1,-9304,9425,-271600.0,0,1,1,0,1
195614,3912323,3,1,-9277,9393,-272400.0,0,1,1,0,0
195615,3912343,3,1,-9275,9412,-272400.0,0,1,1,0,0
195616,3912363,3,1,-9304,9429,-272400.0,0,1,1,0,0
195617,3912383,3,1,-9267,9435,-272400.0,0,1,1,0,0
195618,3912403,3,1,-9277,9435,-272400.0,0,1,1,0,0
195619,3912423,3,1,-9292,9427,-272400.0,0,1,1,0,0
195620,3912443,3,1,-9252,9431,-272400.0,0,1,1,0,0
195621,3912463,3,1,-9275,9423,-272400.0,0,1,1,0,0
195622,3912483,3,1,-9285,9435,-274100.0,0,1,1,0,1
195623,3912503,3,1,-9262,9450,-276100.0,0,1,1,0,1
195624,3912523,3,1,-9294,9454,-278100.0,0,1,1,0,1
195625,3912543,3,1,-9294,9460,-280100.0,0,1,1,0,1
195626,3912563,3,1,-9262,9452,-282100.0,0,1,1,0,1
195627,3912583,3,1,-9279,9450,-284100.0,0,1,1,0,1
195628,3912603,3,1,-9281,9450,-286100.0,0,1,1,0,1
195629,3912623,3,1,-9250,9458,-288100.0,0,1,1,0,1
195630,3912643,3,1,-9285,9464,-290100.0,0,1,1,0,1
195631,3912663,3,1,-9288,9469,-292100.0,0,1,1,0,1
195632,3912683,3,1,-9273,9448,-294100.0,0,1,1,0,1
195633,3912703,3,1,-9298,9439,-296100.0,0,1,1,0,1
195634,3912723,3,1,-9283,9439,-297900.0,0,1,1,0,0
195635,3912743,3,1,-9267,9435,-297900.0,0,1,1,0,0
195636,3912763,3,1,-9302,9443,-297900.0,0,1,1,0,0
195637,3912783,3,1,-9275,9443,-297900.0,0,1,1,0,0
195638,3912803,3,1,-9273,9431,-297900.0,0,1,1,0,0
195639,3912823,3,1,-9292,9420,-297900.0,0,1,1,0,0
195640,3912843,3,1,-9262,9404,-297900.0,0,1,1,0,0
195641,3912863,3,1,-9275,9410,-297900.0,0,1,1,0,0
195642,3912883,3,1,-9302,9420,-297900.0,0,1,1,0,0
195643,3912903,3,1,-9279,9429,-299100.0,0,1,1,0,1
195644,3912923,3,1,-9273,9431,-301100.0,0,1,1,0,1
195645,3912943,3,1,-9306,9423,-303100.0,0,1,1,0,1
195646,3912963,3,1,-9267,9429,-305100.0,0,1,1,0,1
195647,3912983,3,1,-9275,9439,-307100.0,0,1,1,0,1
195648,3913003,3,1,-9292,9452,-309100.0,0,1,1,0,1
195649,3913023,3,1,-9254,9460,-311100.0,0,1,1,0,1
195650,3913043,3,1,-9273,9464,-313100.0,0,1,1,0,1
195651,3913063,3,1,-9292,9450,-315100.0,0,1,1,0,1
195652,3913083,3,1,-9267,9446,-317100.0,0,1,1,0,1
195653,3913103,3,1,-9294,9450,-319100.0,0,1,1,0,1
195654,3913123,3,1,-9294,9454,-321100.0,0,1,1,0,1
195655,3913143,3,1,-9265,9467,-323100.0,0,1,1,0,1
195656,3913163,3,1,-9279,9467,-325100.0,0,1,1,0,1
195657,3913183,3,1,-9285,9469,-325400.0,0,1,1,0,0
195658,3913203,3,1,-9248,9458,-325400.0,0,1,1,0,0
195659,3913223,3,1,-9285,9452,-325400.0,0,1,1,0,0
195660,3913243,3,1,-9285,9450,-325900.0,0,1,1,0,1
195661,3913263,3,1,-9269,9443,-327900.0,0,1,1,0,1
195662,3913283,3,1,-9298,9437,-329900.0,0,1,1,0,1
195663,3913303,3,1,-9288,9427,-331900.0,0,1,1,0,1
195664,3913323,3,1,-9267,9418,-333900.0,0,1,1,0,1
195665,3913343,3,1,-9296,9404,-335900.0,0,1,1,0,1
195666,3913363,3,1,-9273,9410,-337900.0,0,1,1,0,1
195667,3913383,3,1,-9271,9425,-339900.0,0,1,1,0,1
195668,3913403,3,1,-9290,9431,-341900.0,0,1,1,0,1
195669,3913423,3,1,-9258,9439,-343900.0,0,1,1,0,1
195670,3913443,3,1,-9269,9431,-345900.0,0,1,1,0,1
195671,3913463,3,1,-9304,9433,-347900.0,0,1,1,0,1
195672,3913483,3,1,-9275,9429,-349900.0,0,1,1,0,1
195673,3913503,3,1,-9273,9441,-351900.0,0,1,1,0,1
195674,3913523,3,1,-9306,9458,-353900.0,0,1,1,0,1
195675,3913543,3,1,-9269,9460,-355900.0,0,1,1,0,1
195676,3913563,3,1,-9275,9469,-357900.0,0,1,1,0,1
195677,3913583,3,1,-9292,9456,-358200.0,0,1,1,0,0
195678,3913603,3,1,-9254,9452,-358200.0,0,1,1,0,0
195679,3913623,3,1,-9277,9458,-358200.0,0,1,1,0,0
195680,3913643,3,1,-9288,9464,-358200.0,0,1,1,0,0
195681,3913663,3,1,-9262,9462,-358200.0,0,1,1,0,0
195682,3913683,3,1,-9292,9454,-359700.0,0,1,1,0,1
195683,3913703,3,1,-9294,9441,-361700.0,0,1,1,0,1
195684,3913723,3,1,-9269,9427,-363700.0,0,1,1,0,1
195685,3913743,3,1,-9296,9431,-365700.0,0,1,1,0,1
195686,3913763,3,1,-9292,9433,-367700.0,0,1,1,0,1
195687,3913783,3,1,-9254,9431,-369700.0,0,1,1,0,1
195688,3913803,3,1,-9281,9425,-371700.0,0,1,1,0,1
195689,3913823,3,1,-9290,9414,-373700.0,0,1,1,0,1
195690,3913843,3,1,-9267,9414,-375700.0,0,1,1,0,1
195691,3913863,3,1,-9294,9404,-377700.0,0,1,1,0,1
195692,3913883,3,1,-9288,9420,-379700.0,0,1,1,0,1
195693,3913903,3,1,-9267,9437,-381700.0,0,1,1,0,1
195694,3913923,3,1,-9296,9439,-383700.0,0,1,1,0,1
195695,3913943,3,1,-9281,9446,-385700.0,0,1,1,0,1
195696,3913963,3,1,-9271,9450,-387700.0,0,1,1,0,1
195697,3913983,3,1,-9290,9452,-388000.0,0,1,1,0,0
195698,3914003,3,1,-9267,9456,-388000.0,0,1,1,0,0
195699,3914023,3,1,-9260,9467,-388000.0,0,1,1,0,0
195700,3914043,3,1,-9298,9469,-388000.0,0,1,1,0,0
195701,3914063,3,1,-9269,9475,-388000.0,0,1,1,0,0
195702,3914083,3,1,-9267,9456,-388000.0,0,1,1,0,0
195703,3914103,3,1,-9300,9454,-388000.0,0,1,1,0,0
195704,3914123,3,1,-9273,9456,-388000.0,0,1,1,0,0
195705,3914143,3,1,-9273,9452,-388500.0,0,1,1,0,1
195706,3914163,3,1,-9292,9454,-390500.0,0,1,1,0,1
195707,3914183,3,1,-9258,9452,-392500.0,0,1,1,0,1
195708,3914203,3,1,-9269,9443,-394500.0,0,1,1,0,1
195709,3914223,3,1,-9285,9435,-396500.0,0,1,1,0,1
195710,3914243,3,1,-9265,9425,-398500.0,0,1,1,0,1
195711,3914263,3,1,-9288,9425,-400500.0,0,1,1,0,1
195712,3914283,3,1,-9302,9429,-402500.0,0,1,1,0,1
195713,3914303,3,1,-9267,9429,-404500.0,0,1,1,0,1
195714,3914323,3,1,-9294,9425,-406500.0,0,1,1,0,1
195715,3914343,3,1,-9290,9429,-408500.0,0,1,1,0,1
195716,3914363,3,1,-9265,9420,-409600.0,0,1,1,0,0
195717,3914383,3,1,-9275,9431,-409600.0,0,1,1,0,0
195718,3914403,3,1,-9288,9446,-409600.0,0,1,1,0,0
195719,3914423,3,1,-9265,9441,-409600.0,0,1,1,0,0
195720,3914443,3,1,-9294,9452,-409600.0,0,1,1,0,0
195721,3914463,3,1,-9290,9441,-409600.0,0,1,1,0,0
195722,3914483,3,1,-9265,9446,-409600.0,0,1,1,0,0
195723,3914503,3,1,-9296,9448,-410300.0,0,1,1,0,1
195724,3914523,3,1,-9281,9454,-412300.0,0,1,1,0,1
195725,3914543,3,1,-9273,9462,-414300.0,0,1,1,0,1
195726,3914563,3,1,-9290,9467,-416300.0,0,1,1,0,1
195727,3914583,3,1,-9269,9469,-418300.0,0,1,1,0,1
195728,3914603,3,1,-9262,9454,-420300.0,0,1,1,0,1
195729,3914623,3,1,-9281,9452,-422300.0,0,1,1,0,1
195730,3914643,3,1,-9269,9443,-424300.0,0,1,1,0,1
195731,3914663,3,1,-9281,9450,-426300.0,0,1,1,0,1
195732,3914683,3,1,-9300,9448,-428300.0,0,1,1,0,1
195733,3914703,3,1,-9271,9441,-430300.0,0,1,1,0,1
195734,3914723,3,1,-9275,9433,-432300.0,0,1,1,0,1
195735,3914743,3,1,-9288,9420,-434300.0,0,1,1,0,1
195736,3914763,3,1,-9256,9418,-436300.0,0,1,1,0,1
195737,3914783,3,1,-9271,9425,-436300.0,0,1,1,0,0
195738,3914803,3,1,-9288,9429,-436300.0,0,1,1,0,0
195739,3914823,3,1,-9260,9427,-436300.0,0,1,1,0,0
195740,3914843,3,1,-9288,9416,-436300.0,0,1,1,0,0
195741,3914863,3,1,-9296,9416,-436300.0,0,1,1,0,0
195742,3914883,3,1,-9262,9406,-436300.0,0,1,1,0,0
195743,3914903,3,1,-9296,9416,-436300.0,0,1,1,0,0
195744,3914923,3,1,-9285,9433,-436300.0,0,1,1,0,0
195745,3914943,3,1,-9265,9450,-436300.0,0,1,1,0,0
195746,3914963,3,1,-9277,9441,-436300.0,0,1,1,0,0
195747,3914983,3,1,-9285,9431,-438200.0,0,1,1,0,1
195748,3915003,3,1,-9267,9441,-440200.0,0,1,1,0,1
195749,3915023,3,1,-9294,9452,-442200.0,0,1,1,0,1
195750,3915043,3,1,-9283,9464,-444200.0,0,1,1,0,1
195751,3915063,3,1,-9265,9464,-446200.0,0,1,1,0,1
195752,3915083,3,1,-9300,9469,-448200.0,0,1,1,0,1
195753,3915103,3,1,-9277,9454,-450200.0,0,1,1,0,1
195754,3915123,3,1,-9273,9450,-452200.0,0,1,1,0,1
195755,3915143,3,1,-9290,9454,-454200.0,0,1,1,0,1
195756,3915163,3,1,-9258,9456,-456200.0,0,1,1,0,1
195757,3915183,3,1,-9269,9464,-456400.0,0,1,1,0,0
195758,3915203,3,1,-9283,9462,-456400.0,0,1,1,0,0
195759,3915223,3,1,-9267,9460,-456400.0,0,1,1,0,0
195760,3915243,3,1,-9288,9425,-456400.0,0,1,1,0,0
195761,3915263,3,1,-9300,9427,-456400.0,0,1,1,0,0
195762,3915283,3,1,-9265,9427,-456400.0,0,1,1,0,0
195763,3915303,3,1,-9277,9433,-456400.0,0,1,1,0,0
195764,3915323,3,1,-9292,9423,-456400.0,0,1,1,0,0
195765,3915343,3,1,-9252,9412,-456400.0,0,1,1,0,0
195766,3915363,3,1,-9273,9410,-456400.0,0,1,1,0,0
195767,3915383,3,1,-9288,9397,-458100.0,0,1,1,0,1
195768,3915403,3,1,-9262,9414,-460100.0,0,1,1,0,1
195769,3915423,3,1,-9290,9427,-462100.0,0,1,1,0,1
195770,3915443,3,1,-9292,9433,-464100.0,0,1,1,0,1
195771,3915463,3,1,-9260,9441,-466100.0,0,1,1,0,1
195772,3915483,3,1,-9296,9435,-468100.0,0,1,1,0,1
195773,3915503,3,1,-9279,9435,-470100.0,0,1,1,0,1
195774,3915523,3,1,-9269,9429,-472100.0,0,1,1,0,1
195775,3915543,3,1,-9283,9446,-474100.0,0,1,1,0,1
195776,3915563,3,1,-9283,9456,-476100.0,0,1,1,0,1
195777,3915583,3,1,-9269,9467,-478100.0,0,1,1,0,1
195778,3915603,3,1,-9298,9448,-480100.0,0,1,1,0,1
195779,3915623,3,1,-9279,9450,-482100.0,0,1,1,0,1
195780,3915643,3,1,-9269,9454,-482400.0,0,1,1,0,0
195781,3915663,3,1,-9302,9454,-482400.0,0,1,1,0,0
195782,3915683,3,1,-9271,9462,-482400.0,0,1,1,0,0
195783,3915703,3,1,-9273,9464,-482400.0,0,1,1,0,0
195784,3915723,3,1,-9290,9462,-482400.0,0,1,1,0,0
195785,3915743,3,1,-9256,9450,-482400.0,0,1,1,0,0
195786,3915763,3,1,-9271,9437,-483300.0,0,1,1,0,1
195787,3915783,3,1,-9288,9437,-485300.0,0,1,1,0,1
195788,3915803,3,1,-9265,9439,-487300.0,0,1,1,0,1
195789,3915823,3,1,-9288,9443,-489300.0,0,1,1,0,1
195790,3915843,3,1,-9304,9443,-491300.0,0,1,1,0,1
195791,3915863,3,1,-9265,9433,-493300.0,0,1,1,0,1
195792,3915883,3,1,-9277,9425,-495300.0,0,1,1,0,1
195793,3915903,3,1,-9292,9408,-497300.0,0,1,1,0,1
195794,3915923,3,1,-9252,9423,-499300.0,0,1,1,0,1
195795,3915943,3,1,-9283,9433,-501300.0,0,1,1,0,1
195796,3915963,3,1,-9288,9435,-503300.0,0,1,1,0,1
195797,3915983,3,1,-9269,9427,-505300.0,0,1,1,0,1
195798,3916003,3,1,-9296,9431,-507300.0,0,1,1,0,1
195799,3916023,3,1,-9285,9423,-509300.0,0,1,1,0,1
195800,3916043,3,1,-9260,9433,-511300.0,0,1,1,0,1
195801,3916063,3,1,-9296,9448,-512400.0,0,1,1,0,0
195802,3916083,3,1,-9277,9452,-512400.0,0,1,1,0,0
195803,3916103,3,1,-9271,9456,-512400.0,0,1,1,0,0
195804,3916123,3,1,-9292,9446,-512400.0,0,1,1,0,0
195805,3916143,3,1,-9265,9448,-512400.0,0,1,1,0,0
195806,3916163,3,1,-9273,9450,-512400.0,0,1,1,0,0
195807,3916183,3,1,-9302,9454,-512600.0,0,1,1,0,1
195808,3916203,3,1,-9283,9462,-514600.0,0,1,1,0,1
195809,3916223,3,1,-9271,9469,-516600.0,0,1,1,0,1
195810,3916243,3,1,-9302,9471,-518600.0,0,1,1,0,1
195811,3916263,3,1,-9269,9456,-520600.0,0,1,1,0,1
195812,3916283,3,1,-9275,9450,-522600.0,0,1,1,0,1
195813,3916303,3,1,-9292,9441,-524600.0,0,1,1,0,1
195814,3916323,3,1,-9258,9448,-526600.0,0,1,1,0,1
195815,3916343,3,1,-9273,9441,-528600.0,0,1,1,0,1
195816,3916363,3,1,-9288,9429,-530600.0,0,1,1,0,1
195817,3916383,3,1,-9265,9427,-532600.0,0,1,1,0,1
195818,3916403,3,1,-9290,9410,-534600.0,0,1,1,0,1
195819,3916423,3,1,-9296,9414,-536600.0,0,1,1,0,1
195820,3916443,3,1,-9262,9420,-537900.032,0,1,1,0,0
195821,3916463,3,1,-9279,9431,-537900.032,0,1,1,0,0
195822,3916483,3,1,-9290,9433,-537900.032,0,1,1,0,0
195823,3916503,3,1,-9256,9429,-537900.032,0,1,1,0,0
195824,3916523,3,1,-9279,9431,-537900.032,0,1,1,0,0
195825,3916543,3,1,-9290,9425,-537900.032,0,1,1,0,0
195826,3916563,3,1,-9267,9435,-537900.032,0,1,1,0,0
195827,3916583,3,1,-9294,9462,-537900.032,0,1,1,0,0
195828,3916603,3,1,-9285,9469,-537900.032,0,1,1,0,0
195829,3916623,3,1,-9262,9456,-537900.032,0,1,1,0,0
195830,3916643,3,1,-9300,9448,-537900.032,0,1,1,0,0
195831,3916663,3,1,-9275,9456,-539299.968,0,1,1,0,1
195832,3916683,3,1,-9269,9456,-541299.968,0,1,1,0,1
195833,3916703,3,1,-9292,9467,-543299.968,0,1,1,0,1
195834,3916723,3,1,-9260,9473,-545299.968,0,1,1,0,1
195835,3916743,3,1,-9265,9469,-547299.968,0,1,1,0,1
195836,3916763,3,1,-9285,9452,-549299.968,0,1,1,0,1
195837,3916783,3,1,-9275,9435,-551299.968,0,1,1,0,1
195838,3916803,3,1,-9271,9439,-553299.968,0,1,1,0,1
195839,3916823,3,1,-9306,9435,-555299.968,0,1,1,0,1
195840,3916843,3,1,-9267,9443,-557299.968,0,1,1,0,1
195841,3916863,3,1,-9277,9435,-559299.968,0,1,1,0,1
195842,3916883,3,1,-9292,9425,-560600.0,0,1,1,0,0
195843,3916903,3,1,-9250,9420,-560600.0,0,1,1,0,0
195844,3916923,3,1,-9275,9408,-560600.0,0,1,1,0,0
195845,3916943,3,1,-9283,9427,-560600.0,0,1,1,0,0
195846,3916963,3,1,-9265,9431,-560600.0,0,1,1,0,0
195847,3916983,3,1,-9292,9435,-560600.0,0,1,1,0,0
195848,3917003,3,1,-9288,9425,-560600.0,0,1,1,0,0
195849,3917023,3,1,-9262,9427,-560600.0,0,1,1,0,0
195850,3917043,3,1,-9298,9423,-560600.0,0,1,1,0,0
195851,3917063,3,1,-9277,9429,-562000.0,0,1,1,0,1
195852,3917083,3,1,-9244,9439,-564000.0,0,1,1,0,1
195853,3917103,3,1,-9279,9443,-566000.0,0,1,1,0,1
195854,3917123,3,1,-9279,9454,-568000.0,0,1,1,0,1
195855,3917143,3,1,-9273,9446,-570000.0,0,1,1,0,1
195856,3917163,3,1,-9300,9446,-572000.0,0,1,1,0,1
195857,3917183,3,1,-9275,9446,-574000.0,0,1,1,0,1
195858,3917203,3,1,-9273,9458,-576000.0,0,1,1,0,1
195859,3917223,3,1,-9304,9464,-578000.0,0,1,1,0,1
195860,3917243,3,1,-9265,9471,-580000.0,0,1,1,0,1
195861,3917263,3,1,-9277,9452,-582000.0,0,1,1,0,1
195862,3917283,3,1,-9292,9446,-583600.0,0,1,1,0,0
195863,3917303,3,1,-9252,9448,-583600.0,0,1,1,0,0
195864,3917323,3,1,-9277,9441,-583600.0,0,1,1,0,0
195865,3917343,3,1,-9290,9450,-583600.0,0,1,1,0,0
195866,3917363,3,1,-9269,9448,-583600.0,0,1,1,0,0
195867,3917383,3,1,-9283,9439,-583600.0,0,1,1,0,0
195868,3917403,3,1,-9306,9433,-583600.0,0,1,1,0,0
195869,3917423,3,1,-9262,9416,-585299.968,0,1,1,0,1
195870,3917443,3,1,-9279,9423,-587299.968,0,1,1,0,1
195871,3917463,3,1,-9279,9425,-589299.968,0,1,1,0,1
195872,3917483,3,1,-9248,9427,-591299.968,0,1,1,0,1
195873,3917503,3,1,-9281,9425,-593299.968,0,1,1,0,1
195874,3917523,3,1,-9283,9414,-595299.968,0,1,1,0,1
195875,3917543,3,1,-9269,9416,-597299.968,0,1,1,0,1
195876,3917563,3,1,-9298,9427,-599299.968,0,1,1,0,1
195877,3917583,3,1,-9279,9439,-601299.968,0,1,1,0,1
195878,3917603,3,1,-9271,9441,-603299.968,0,1,1,0,1
195879,3917623,3,1,-9302,9450,-605299.968,0,1,1,0,1
195880,3917643,3,1,-9269,9439,-607299.968,0,1,1,0,1
195881,3917663,3,1,-9271,9441,-609100.032,0,1,1,0,0
195882,3917683,3,1,-9288,9443,-609100.032,0,1,1,0,0
195883,3917703,3,1,-9271,9454,-609100.032,0,1,1,0,0
195884,3917723,3,1,-9275,9462,-609100.032,0,1,1,0,0
195885,3917743,3,1,-9302,9464,-609100.032,0,1,1,0,0
195886,3917763,3,1,-9275,9469,-609100.032,0,1,1,0,0
195887,3917783,3,1,-9279,9450,-609100.032,0,1,1,0,0
195888,3917803,3,1,-9304,9446,-609100.032,0,1,1,0,0
195889,3917823,3,1,-9262,9450,-611000.0,0,1,1,0,1
195890,3917843,3,1,-9273,9454,-613000.0,0,1,1,0,1
195891,3917863,3,1,-9283,9462,-615000.0,0,1,1,0,1
195892,3917883,3,1,-9248,9448,-617000.0,0,1,1,0,1
195893,3917903,3,1,-9281,9437,-619000.0,0,1,1,0,1
195894,3917923,3,1,-9281,9425,-621000.0,0,1,1,0,1
195895,3917943,3,1,-9267,9429,-623000.0,0,1,1,0,1
195896,3917963,3,1,-9296,9431,-625000.0,0,1,1,0,1
195897,3917983,3,1,-9300,9435,-627000.0,0,1,1,0,1
195898,3918003,3,1,-9267,9429,-629000.0,0,1,1,0,1
195899,3918023,3,1,-9277,9423,-631000.0,0,1,1,0,1
195900,3918043,3,1,-9260,9414,-631800.0,0,1,1,0,0
195901,3918063,3,1,-9250,9397,-631800.0,0,1,1,0,0
195902,3918083,3,1,-9285,9406,-631800.0,0,1,1,0,0
195903,3918103,3,1,-9258,9416,-631800.0,0,1,1,0,0
195904,3918123,3,1,-9279,9423,-631800.0,0,1,1,0,0
195905,3918143,3,1,-9302,9423,-631800.0,0,1,1,0,0
195906,3918163,3,1,-9267,9416,-632000.0,0,1,1,0,1
195907,3918183,3,1,-9288,9420,-634000.0,0,1,1,0,1
195908,3918203,3,1,-9302,9431,-636000.0,0,1,1,0,1
195909,3918223,3,1,-9262,9441,-638000.0,0,1,1,0,1
195910,3918243,3,1,-9281,9443,-640000.0,0,1,1,0,1
195911,3918263,3,1,-9281,9454,-642000.0,0,1,1,0,1
195912,3918283,3,1,-9252,9443,-644000.0,0,1,1,0,1
195913,3918303,3,1,-9277,9446,-646000.0,0,1,1,0,1
195914,3918323,3,1,-9288,9448,-648000.0,0,1,1,0,1
195915,3918343,3,1,-9275,9452,-650000.0,0,1,1,0,1
195916,3918363,3,1,-9302,9462,-652000.0,0,1,1,0,1
195917,3918383,3,1,-9294,9464,-654000.0,0,1,1,0,1
195918,3918403,3,1,-9277,9471,-656000.0,0,1,1,0,1
195919,3918423,3,1,-9288,9452,-656099.968,0,1,1,0,0
195920,3918443,3,1,-9258,9443,-656099.968,0,1,1,0,0
195921,3918463,3,1,-9262,9454,-656099.968,0,1,1,0,0
195922,3918483,3,1,-9290,9454,-656099.968,0,1,1,0,0
195923,3918503,3,1,-9254,9460,-656099.968,0,1,1,0,0
195924,3918523,3,1,-9277,9443,-656099.968,0,1,1,0,0
195925,3918543,3,1,-9302,9433,-656099.968,0,1,1,0,0
195926,3918563,3,1,-9273,9418,-657500.032,0,1,1,0,1
195927,3918583,3,1,-9288,9420,-659500.032,0,1,1,0,1
195928,3918603,3,1,-9294,9425,-661500.032,0,1,1,0,1
195929,3918623,3,1,-9262,9433,-663500.032,0,1,1,0,1
195930,3918643,3,1,-9273,9425,-665500.032,0,1,1,0,1
195931,3918663,3,1,-9285,9412,-667500.032,0,1,1,0,1
195932,3918683,3,1,-9250,9414,-669500.032,0,1,1,0,1
195933,3918703,3,1,-9277,9400,-671500.032,0,1,1,0,1
195934,3918723,3,1,-9285,9410,-673500.032,0,1,1,0,1
195935,3918743,3,1,-9275,9427,-675500.032,0,1,1,0,1
195936,3918763,3,1,-9302,9433,-677500.032,0,1,1,0,1
195937,3918783,3,1,-9290,9437,-679500.032,0,1,1,0,1
195938,3918803,3,1,-9277,9431,-681500.032,0,1,1,0,1
195939,3918823,3,1,-9292,9433,-681600.0,0,1,1,0,0
195940,3918843,3,1,-9258,9450,-681600.0,0,1,1,0,0
195941,3918863,3,1,-9260,9435,-681600.0,0,1,1,0,0
195942,3918883,3,1,-9283,9450,-681600.0,0,1,1,0,0
195943,3918903,3,1,-9269,9467,-681600.0,0,1,1,0,0
195944,3918923,3,1,-9283,9450,-681600.0,0,1,1,0,0
195945,3918943,3,1,-9302,9446,-681600.0,0,1,1,0,0
195946,3918963,3,1,-9273,9448,-683000.0,0,1,1,0,1
195947,3918983,3,1,-9288,9456,-685000.0,0,1,1,0,1
195948,3919003,3,1,-9294,9467,-687000.0,0,1,1,0,1
195949,3919023,3,1,-9258,9473,-689000.0,0,1,1,0,1
195950,3919043,3,1,-9275,9469,-691000.0,0,1,1,0,1
195951,3919063,3,1,-9285,9450,-693000.0,0,1,1,0,1
195952,3919083,3,1,-9250,9441,-695000.0,0,1,1,0,1
195953,3919103,3,1,-9279,9439,-697000.0,0,1,1,0,1
195954,3919123,3,1,-9285,9433,-699000.0,0,1,1,0,1
195955,3919143,3,1,-9260,9441,-701000.0,0,1,1,0,1
195956,3919163,3,1,-9296,9439,-703000.0,0,1,1,0,1
195957,3919183,3,1,-9283,9427,-704600.0,0,1,1,0,0
195958,3919203,3,1,-9265,9395,-704600.0,0,1,1,0,0
195959,3919223,3,1,-9283,9404,-704600.0,0,1,1,0,0
195960,3919243,3,1,-9265,9418,-704600.0,0,1,1,0,0
195961,3919263,3,1,-9256,9429,-704600.0,0,1,1,0,0
195962,3919283,3,1,-9279,9429,-704600.0,0,1,1,0,0
195963,3919303,3,1,-9265,9423,-704600.0,0,1,1,0,0
195964,3919323,3,1,-9279,9427,-704600.0,0,1,1,0,0
195965,3919343,3,1,-9298,9416,-705500.032,0,1,1,0,1
195966,3919363,3,1,-9267,9429,-707500.032,0,1,1,0,1
195967,3919383,3,1,-9288,9437,-709500.032,0,1,1,0,1
195968,3919403,3,1,-9285,9441,-711500.032,0,1,1,0,1
195969,3919423,3,1,-9260,9450,-713500.032,0,1,1,0,1
195970,3919443,3,1,-9277,9441,-715500.032,0,1,1,0,1
195971,3919463,3,1,-9273,9446,-717500.032,0,1,1,0,1
195972,3919483,3,1,-9265,9448,-719500.032,0,1,1,0,1
195973,3919503,3,1,-9292,9454,-721500.032,0,1,1,0,1
195974,3919523,3,1,-9285,9464,-723500.032,0,1,1,0,1
195975,3919543,3,1,-9265,9473,-725500.032,0,1,1,0,1
195976,3919563,3,1,-9296,9456,-727500.032,0,1,1,0,1
195977,3919583,3,1,-9271,9450,-728800.0,0,1,1,0,0
195978,3919603,3,1,-9271,9456,-728800.0,0,1,1,0,0
195979,3919623,3,1,-9285,9450,-728800.0,0,1,1,0,0
195980,3919643,3,1,-9254,9452,-728800.0,0,1,1,0,0
195981,3919663,3,1,-9267,9448,-728800.0,0,1,1,0,0
195982,3919683,3,1,-9285,9439,-728800.0,0,1,1,0,0
195983,3919703,3,1,-9260,9435,-730200.0,0,1,1,0,1
195984,3919723,3,1,-9283,9425,-732200.0,0,1,1,0,1
195985,3919743,3,1,-9290,9425,-734200.0,0,1,1,0,1
195986,3919763,3,1,-9258,9427,-736200.0,0,1,1,0,1
195987,3919783,3,1,-9277,9433,-738200.0,0,1,1,0,1
195988,3919803,3,1,-9277,9427,-740200.0,0,1,1,0,1
195989,3919823,3,1,-9248,9412,-742200.0,0,1,1,0,1
195990,3919843,3,1,-9283,9410,-744200.0,0,1,1,0,1
195991,3919863,3,1,-9277,9395,-746200.0,0,1,1,0,1
195992,3919883,3,1,-9271,9429,-748200.0,0,1,1,0,1
195993,3919903,3,1,-9296,9431,-750200.0,0,1,1,0,1
195994,3919923,3,1,-9271,9437,-752200.0,0,1,1,0,1
195995,3919943,3,1,-9271,9427,-754200.0,0,1,1,0,1
195996,3919963,3,1,-9300,9433,-754400.0,0,1,1,0,0
195997,3919983,3,1,-9260,9429,-754400.0,0,1,1,0,0
195998,3920003,3,1,-9275,9441,-754400.0,0,1,1,0,0
195999,3920023,3,1,-9285,9450,-754400.0,0,1,1,0,0
196000,3920043,3,1,-9248,9456,-754400.0,0,1,1,0,0
196001,3920063,3,1,-9277,9460,-754400.0,0,1,1,0,0
196002,3920083,3,1,-9300,9452,-754400.0,0,1,1,0,0
196003,3920103,3,1,-9271,9450,-754600.0,0,1,1,0,1
196004,3920123,3,1,-9292,9450,-756600.0,0,1,1,0,1
196005,3920143,3,1,-9302,9456,-758600.0,0,1,1,0,1
196006,3920163,3,1,-9267,9467,-760600.0,0,1,1,0,1
196007,3920183,3,1,-9283,9464,-762600.0,0,1,1,0,1
196008,3920203,3,1,-9269,9448,-764600.0,0,1,1,0,1
196009,3920223,3,1,-9250,9437,-766600.0,0,1,1,0,1
196010,3920243,3,1,-9290,9437,-768600.0,0,1,1,0,1
196011,3920263,3,1,-9267,9435,-770600.0,0,1,1,0,1
196012,3920283,3,1,-9275,9441,-772600.0,0,1,1,0,1
196013,3920303,3,1,-9302,9439,-774600.0,0,1,1,0,1
196014,3920323,3,1,-9269,9423,-776600.0,0,1,1,0,1
196015,3920343,3,1,-9279,9420,-777400.0,0,1,1,0,0
196016,3920363,3,1,-9292,9406,-777400.0,0,1,1,0,0
196017,3920383,3,1,-9254,9408,-777400.0,0,1,1,0,0
196018,3920403,3,1,-9262,9416,-777400.0,0,1,1,0,0
196019,3920423,3,1,-9288,9423,-777400.0,0,1,1,0,0
196020,3920443,3,1,-9250,9425,-777400.0,0,1,1,0,0
196021,3920463,3,1,-9277,9416,-777800.0,0,1,1,0,1
196022,3920483,3,1,-9294,9418,-779800.0,0,1,1,0,1
196023,3920503,3,1,-9269,9410,-781800.0,0,1,1,0,1
196024,3920523,3,1,-9296,9420,-783800.0,0,1,1,0,1
196025,3920543,3,1,-9296,9435,-785800.0,0,1,1,0,1
196026,3920563,3,1,-9271,9448,-787800.0,0,1,1,0,1
196027,3920583,3,1,-9285,9439,-789800.0,0,1,1,0,1
196028,3920603,3,1,-9258,9439,-791800.0,0,1,1,0,1
196029,3920623,3,1,-9256,9439,-793800.0,0,1,1,0,1
196030,3920643,3,1,-9288,9448,-795800.0,0,1,1,0,1
196031,3920663,3,1,-9269,9460,-797800.0,0,1,1,0,1
196032,3920683,3,1,-9279,9462,-799800.0,0,1,1,0,1
196033,3920703,3,1,-9300,9464,-801400.0,0,1,1,0,0
196034,3920723,3,1,-9273,9448,-801400.0,0,1,1,0,0
196035,3920743,3,1,-9285,9448,-801400.0,0,1,1,0,0
196036,3920763,3,1,-9290,9450,-801400.0,0,1,1,0,0
196037,3920783,3,1,-9258,9454,-801400.0,0,1,1,0,0
196038,3920803,3,1,-9275,9464,-801400.0,0,1,1,0,0
196039,3920823,3,1,-9279,9469,-802099.968,0,1,1,0,1
196040,3920843,3,1,-9248,9469,-804099.968,0,1,1,0,1
196041,3920863,3,1,-9275,9452,-806099.968,0,1,1,0,1
196042,3920883,3,1,-9275,9433,-808099.968,0,1,1,0,1
196043,3920903,3,1,-9275,9431,-810099.968,0,1,1,0,1
196044,3920923,3,1,-9300,9439,-812099.968,0,1,1,0,1
196045,3920943,3,1,-9275,9435,-814099.968,0,1,1,0,1
196046,3920963,3,1,-9269,9416,-816099.968,0,1,1,0,1
196047,3920983,3,1,-9285,9414,-818099.968,0,1,1,0,1
196048,3921003,3,1,-9256,9400,-820099.968,0,1,1,0,1
196049,3921023,3,1,-9265,9408,-822099.968,0,1,1,0,1
196050,3921043,3,1,-9281,9425,-824099.968,0,1,1,0,1
196051,3921063,3,1,-9262,9427,-826099.968,0,1,1,0,1
196052,3921083,3,1,-9283,9435,-828099.968,0,1,1,0,1
196053,3921103,3,1,-9296,9429,-830099.968,0,1,1,0,1
196054,3921123,3,1,-9265,9433,-832099.968,0,1,1,0,1
196055,3921143,3,1,-9296,9425,-832700.032,0,1,1,0,0
196056,3921163,3,1,-9285,9437,-832700.032,0,1,1,0,0
196057,3921183,3,1,-9267,9443,-832700.032,0,1,1,0,0
196058,3921203,3,1,-9279,9448,-832700.032,0,1,1,0,0
196059,3921223,3,1,-9269,9448,-833600.0,0,1,1,0,1
196060,3921243,3,1,-9254,9446,-835600.0,0,1,1,0,1
196061,3921263,3,1,-9290,9448,-837600.0,0,1,1,0,1
196062,3921283,3,1,-9275,9454,-839600.0,0,1,1,0,1
196063,3921303,3,1,-9265,9464,-841600.0,0,1,1,0,1
196064,3921323,3,1,-9298,9469,-843600.0,0,1,1,0,1
196065,3921343,3,1,-9262,9469,-845600.0,0,1,1,0,1
196066,3921363,3,1,-9271,9454,-847600.0,0,1,1,0,1
196067,3921383,3,1,-9288,9448,-849600.0,0,1,1,0,1
196068,3921403,3,1,-9246,9450,-851600.0,0,1,1,0,1
196069,3921423,3,1,-9273,9446,-853600.0,0,1,1,0,1
196070,3921443,3,1,-9281,9452,-855400.0,0,1,1,0,0
196071,3921463,3,1,-9262,9448,-855400.0,0,1,1,0,0
196072,3921483,3,1,-9292,9443,-855400.0,0,1,1,0,0
196073,3921503,3,1,-9281,9433,-855400.0,0,1,1,0,0
196074,3921523,3,1,-9262,9420,-855400.0,0,1,1,0,0
196075,3921543,3,1,-9279,9425,-855400.0,0,1,1,0,0
196076,3921563,3,1,-9262,9423,-856099.968,0,1,1,0,1
196077,3921583,3,1,-9250,9420,-858099.968,0,1,1,0,1
196078,3921603,3,1,-9283,9410,-860099.968,0,1,1,0,1
196079,3921623,3,1,-9262,9408,-862099.968,0,1,1,0,1
196080,3921643,3,1,-9275,9402,-864099.968,0,1,1,0,1
196081,3921663,3,1,-9300,9414,-866099.968,0,1,1,0,1
196082,3921683,3,1,-9265,9429,-868099.968,0,1,1,0,1
196083,3921703,3,1,-9285,9435,-870099.968,0,1,1,0,1
196084,3921723,3,1,-9302,9439,-872099.968,0,1,1,0,1
196085,3921743,3,1,-9260,9433,-874099.968,0,1,1,0,1
196086,3921763,3,1,-9279,9435,-876099.968,0,1,1,0,1
196087,3921783,3,1,-9273,9427,-878099.968,0,1,1,0,1
196088,3921803,3,1,-9248,9437,-879900.032,0,1,1,0,0
196089,3921823,3,1,-9277,9450,-879900.032,0,1,1,0,0
196090,3921843,3,1,-9285,9452,-879900.032,0,1,1,0,0
196091,3921863,3,1,-9273,9458,-879900.032,0,1,1,0,0
196092,3921883,3,1,-9298,9441,-879900.032,0,1,1,0,0
196093,3921903,3,1,-9292,9443,-879900.032,0,1,1,0,0
196094,3921923,3,1,-9275,9450,-879900.032,0,1,1,0,0
196095,3921943,3,1,-9285,9460,-881100.032,0,1,1,0,1
196096,3921963,3,1,-9260,9467,-883100.032,0,1,1,0,1
196097,3921983,3,1,-9260,9471,-885100.032,0,1,1,0,1
196098,3922003,3,1,-9290,9454,-887100.032,0,1,1,0,1
196099,3922023,3,1,-9252,9448,-889100.032,0,1,1,0,1
196100,3922043,3,1,-9275,9450,-891100.032,0,1,1,0,1
196101,3922063,3,1,-9298,9443,-893100.032,0,1,1,0,1
196102,3922083,3,1,-9269,9452,-895100.032,0,1,1,0,1
196103,3922103,3,1,-9292,9450,-897100.032,0,1,1,0,1
196104,3922123,3,1,-9298,9443,-899100.032,0,1,1,0,1
196105,3922143,3,1,-9260,9435,-901100.032,0,1,1,0,1
196106,3922163,3,1,-9277,9423,-903100.032,0,1,1,0,1
196107,3922183,3,1,-9273,9425,-904200.0,0,1,1,0,0
196108,3922203,3,1,-9250,9427,-904200.0,0,1,1,0,0
196109,3922223,3,1,-9277,9420,-904200.0,0,1,1,0,0
196110,3922243,3,1,-9277,9416,-904200.0,0,1,1,0,0
196111,3922263,3,1,-9277,9418,-904200.0,0,1,1,0,0
196112,3922283,3,1,-9302,9412,-904200.0,0,1,1,0,0
196113,3922303,3,1,-9281,9423,-904400.0,0,1,1,0,1
196114,3922323,3,1,-9281,9435,-906400.0,0,1,1,0,1
196115,3922343,3,1,-9292,9439,-908400.0,0,1,1,0,1
196116,3922363,3,1,-9258,9446,-910400.0,0,1,1,0,1
196117,3922383,3,1,-9271,9435,-912400.0,0,1,1,0,1
196118,3922403,3,1,-9290,9437,-914400.0,0,1,1,0,1
196119,3922423,3,1,-9250,9437,-916400.0,0,1,1,0,1
196120,3922443,3,1,-9283,9450,-918400.0,0,1,1,0,1
196121,3922463,3,1,-9294,9458,-920400.0,0,1,1,0,1
196122,3922483,3,1,-9262,9462,-922400.0,0,1,1,0,1
196123,3922503,3,1,-9290,9467,-924400.0,0,1,1,0,1
196124,3922523,3,1,-9281,9448,-926400.0,0,1,1,0,1
196125,3922543,3,1,-9262,9446,-928200.0,0,1,1,0,0
196126,3922563,3,1,-9279,9450,-928200.0,0,1,1,0,0
196127,3922583,3,1,-9267,9462,-928200.0,0,1,1,0,0
196128,3922603,3,1,-9258,9464,-928200.0,0,1,1,0,0
196129,3922623,3,1,-9279,9458,-928200.0,0,1,1,0,0
196130,3922643,3,1,-9267,9446,-928200.0,0,1,1,0,0
196131,3922663,3,1,-9281,9435,-928899.968,0,1,1,0,1
196132,3922683,3,1,-9298,9437,-930899.968,0,1,1,0,1
196133,3922703,3,1,-9265,9431,-932899.968,0,1,1,0,1
196134,3922723,3,1,-9285,9441,-934899.968,0,1,1,0,1
196135,3922743,3,1,-9285,9437,-936899.968,0,1,1,0,1
196136,3922763,3,1,-9248,9427,-938899.968,0,1,1,0,1
196137,3922783,3,1,-9275,9420,-940899.968,0,1,1,0,1
196138,3922803,3,1,-9288,9408,-942899.968,0,1,1,0,1
196139,3922823,3,1,-9260,9414,-944899.968,0,1,1,0,1
196140,3922843,3,1,-9290,9418,-946899.968,0,1,1,0,1
196141,3922863,3,1,-9279,9427,-948200.0,0,1,1,0,0
196142,3922883,3,1,-9260,9423,-948200.0,0,1,1,0,0
196143,3922903,3,1,-9296,9425,-948200.0,0,1,1,0,0
196144,3922923,3,1,-9267,9414,-948200.0,0,1,1,0,0
196145,3922943,3,1,-9269,9425,-948200.0,0,1,1,0,0
196146,3922963,3,1,-9288,9433,-948200.0,0,1,1,0,0
196147,3922983,3,1,-9248,9437,-949400.0,0,1,1,0,1
196148,3923003,3,1,-9275,9443,-951400.0,0,1,1,0,1
196149,3923023,3,1,-9306,9437,-953400.0,0,1,1,0,1
196150,3923043,3,1,-9267,9437,-955400.0,0,1,1,0,1
196151,3923063,3,1,-9285,9437,-957400.0,0,1,1,0,1
196152,3923083,3,1,-9300,9448,-959400.0,0,1,1,0,1
196153,3923103,3,1,-9262,9460,-961400.0,0,1,1,0,1
196154,3923123,3,1,-9277,9462,-963400.0,0,1,1,0,1
196155,3923143,3,1,-9269,9467,-965400.0,0,1,1,0,1
196156,3923163,3,1,-9246,9448,-967400.0,0,1,1,0,1
196157,3923183,3,1,-9283,9441,-969400.0,0,1,1,0,1
196158,3923203,3,1,-9267,9448,-969600.0,0,1,1,0,0
196159,3923223,3,1,-9273,9460,-969600.0,0,1,1,0,0
196160,3923243,3,1,-9298,9462,-969600.0,0,1,1,0,0
196161,3923263,3,1,-9267,9458,-969600.0,0,1,1,0,0
196162,3923283,3,1,-9283,9443,-969600.0,0,1,1,0,0
196163,3923303,3,1,-9302,9439,-969600.0,0,1,1,0,0
196164,3923323,3,1,-9252,9437,-969600.0,0,1,1,0,0
196165,3923343,3,1,-9265,9433,-969600.0,0,1,1,0,0
196166,3923363,3,1,-9281,9441,-969600.0,0,1,1,0,0
196167,3923383,3,1,-9248,9441,-969600.0,0,1,1,0,0
196168,3923403,3,1,-9275,9429,-971400.0,0,1,1,0,1
196169,3923423,3,1,-9285,9427,-973400.0,0,1,1,0,1
196170,3923443,3,1,-9273,9412,-975400.0,0,1,1,0,1
196171,3923463,3,1,-9298,9418,-977400.0,0,1,1,0,1
196172,3923483,3,1,-9285,9423,-979400.0,0,1,1,0,1
196173,3923503,3,1,-9279,9427,-981400.0,0,1,1,0,1
196174,3923523,3,1,-9288,9423,-983400.0,0,1,1,0,1
196175,3923543,3,1,-9256,9410,-985400.0,0,1,1,0,1
196176,3923563,3,1,-9267,9408,-986700.032,0,1,1,0,0
196177,3923583,3,1,-9283,9425,-986700.032,0,1,1,0,0
196178,3923603,3,1,-9242,9435,-986700.032,0,1,1,0,0
196179,3923623,3,1,-9285,9437,-986700.032,0,1,1,0,0
196180,3923643,3,1,-9296,9441,-986700.032,0,1,1,0,0
196181,3923663,3,1,-9258,9433,-986700.032,0,1,1,0,0
196182,3923683,3,1,-9290,9437,-986700.032,0,1,1,0,0
196183,3923703,3,1,-9279,9433,-988499.968,0,1,1,0,1
196184,3923723,3,1,-9267,9441,-990499.968,0,1,1,0,1
196185,3923743,3,1,-9283,9454,-992499.968,0,1,1,0,1
196186,3923763,3,1,-9258,9450,-994499.968,0,1,1,0,1
196187,3923783,3,1,-9260,9458,-996499.968,0,1,1,0,1
196188,3923803,3,1,-9281,9446,-998499.968,0,1,1,0,1
196189,3923823,3,1,-9260,9446,-1000499.968,0,1,1,0,1
196190,3923843,3,1,-9283,9443,-1002499.968,0,1,1,0,1
196191,3923863,3,1,-9292,9450,-1004499.968,0,1,1,0,1
196192,3923883,3,1,-9258,9460,-1006499.968,0,1,1,0,1
196193,3923903,3,1,-9290,9464,-1008499.968,0,1,1,0,1
196194,3923923,3,1,-9279,9462,-1010499.968,0,1,1,0,1
196195,3923943,3,1,-9244,9448,-1012499.968,0,1,1,0,1
196196,3923963,3,1,-9279,9448,-1014499.968,0,1,1,0,1
196197,3923983,3,1,-9279,9446,-1016499.968,0,1,1,0,1
196198,3924003,3,1,-9267,9454,-1018499.968,0,1,1,0,1
196199,3924023,3,1,-9296,9454,-1020499.968,0,1,1,0,1
196200,3924043,3,1,-9269,9448,-1022499.968,0,1,1,0,1
196201,3924063,3,1,-9273,9437,-1024499.968,0,1,1,0,1
196202,3924083,3,1,-9300,9429,-1026499.968,0,1,1,0,1
196203,3924103,3,1,-9260,9431,-1028499.968,0,1,1,0,1
196204,3924123,3,1,-9273,9429,-1030499.968,0,1,1,0,1
196205,3924143,3,1,-9283,9439,-1032499.968,0,1,1,0,1
196206,3924163,3,1,-9244,9435,-1034499.968,0,1,1,0,1
196207,3924183,3,1,-9279,9429,-1036499.968,0,1,1,0,1
196208,3924203,3,1,-9279,9418,-1037100.032,0,1,1,0,0
196209,3924223,3,1,-9269,9400,-1037100.032,0,1,1,0,0
196210,3924243,3,1,-9294,9414,-1037100.032,0,1,1,0,0
196211,3924263,3,1,-9294,9418,-1037100.032,0,1,1,0,0
196212,3924283,3,1,-9267,9425,-1037100.032,0,1,1,0,0
196213,3924303,3,1,-9285,9416,-1037100.032,0,1,1,0,0
196214,3924323,3,1,-9258,9418,-1037100.032,0,1,1,0,0
196215,3924343,3,1,-9256,9408,-1037100.032,0,1,1,0,0
196216,3924363,3,1,-9288,9418,-1037100.032,0,1,1,0,0
196217,3924383,3,1,-9252,9431,-1037100.032,0,1,1,0,0
196218,3924403,3,1,-9275,9431,-1037100.032,0,1,1,0,0
196219,3924423,3,1,-9300,9435,-1037100.032,0,1,1,0,0
196220,3924443,3,1,-9265,9429,-1037100.032,0,1,1,0,0
196221,3924463,3,1,-9294,9429,-1037100.032,0,1,1,0,0
196222,3924483,3,1,-9296,9427,-1037100.032,0,1,1,0,0
196223,3924503,3,1,-9260,9439,-1037100.032,0,1,1,0,0
196224,3924523,3,1,-9277,9448,-1037100.032,0,1,1,0,0
196225,3924543,3,1,-9269,9448,-1037100.032,0,1,1,0,0
196226,3924563,3,1,-9250,9448,-1037100.032,0,1,1,0,0
196227,3924583,3,1,-9275,9443,-1037100.032,0,1,1,0,0
196228,3924603,3,1,-9262,9448,-1037100.032,0,1,1,0,0
196229,3924623,3,1,-9277,9450,-1037100.032,0,1,1,0,0
196230,3924643,3,1,-9296,9458,-1037100.032,0,1,1,0,0
196231,3924663,3,1,-9262,9467,-1037100.032,0,1,1,0,0
196232,3924683,3,1,-9290,9469,-1037100.032,0,1,1,0,0
196233,3924703,3,1,-9285,9452,-1037100.032,0,1,1,0,0
196234,3924723,3,1,-9258,9446,-1037100.032,0,1,1,0,0
196235,3924743,3,1,-9277,9450,-1037100.032,0,1,1,0,0
196236,3924763,3,1,-9267,9450,-1037100.032,0,1,1,0,0
196237,3924783,3,1,-9254,9458,-1037100.032,0,1,1,0,0
196238,3924803,3,1,-9292,9456,-1037100.032,0,1,1,0,0
196239,3924823,3,1,-9275,9450,-1035699.968,0,1,1,1,0
196240,3924843,3,1,-9262,9439,-1033699.968,0,1,1,1,0
196241,3924863,3,1,-9298,9427,-1031699.968,0,1,1,1,0
196242,3924883,3,1,-9260,9427,-1029699.968,0,1,1,1,0
196243,3924903,3,1,-9273,9425,-1027699.968,0,1,1,1,0
196244,3924923,3,1,-9285,9425,-1025699.968,0,1,1,1,0
196245,3924943,3,1,-9244,9412,-1023699.968,0,1,1,1,0
196246,3924963,3,1,-9275,9410,-1021699.968,0,1,1,1,0
196247,3924983,3,1,-9279,9397,-1019699.968,0,1,1,1,0
196248,3925003,3,1,-9267,9412,-1017699.968,0,1,1,1,0
196249,3925023,3,1,-9294,9427,-1017500.032,0,1,1,0,0
196250,3925043,3,1,-9273,9433,-1018300.032,0,1,1,0,1
196251,3925063,3,1,-9267,9433,-1018899.968,0,1,1,0,0
196252,3925083,3,1,-9281,9429,-1018899.968,0,1,1,0,0
196253,3925103,3,1,-9260,9429,-1018899.968,0,1,1,0,0
196254,3925123,3,1,-9252,9420,-1018899.968,0,1,1,0,0
196255,3925143,3,1,-9283,9429,-1018899.968,0,1,1,0,0
196256,3925163,3,1,-9252,9441,-1017500.032,0,1,1,1,0
196257,3925183,3,1,-9273,9448,-1015500.032,0,1,1,1,0
196258,3925203,3,1,-9296,9454,-1013500.032,0,1,1,1,0
196259,3925223,3,1,-9265,9441,-1011500.032,0,1,1,1,0
196260,3925243,3,1,-9288,9446,-1009500.032,0,1,1,1,0
196261,3925263,3,1,-9296,9450,-1007500.032,0,1,1,1,0
196262,3925283,3,1,-9267,9458,-1005500.032,0,1,1,1,0
196263,3925303,3,1,-9283,9462,-1003500.032,0,1,1,1,0
196264,3925323,3,1,-9254,9464,-1001500.032,0,1,1,1,0
196265,3925343,3,1,-9254,9450,-999500.032,0,1,1,1,0
196266,3925363,3,1,-9288,9448,-997500.032,0,1,1,1,0
196267,3925383,3,1,-9265,9452,-995500.032,0,1,1,1,0
196268,3925403,3,1,-9277,9450,-993500.032,0,1,1,1,0
196269,3925423,3,1,-9296,9458,-991500.032,0,1,1,1,0
196270,3925443,3,1,-9267,9458,-989500.032,0,1,1,1,0
196271,3925463,3,1,-9285,9456,-987500.032,0,1,1,1,0
196272,3925483,3,1,-9290,9441,-985500.032,0,1,1,1,0
196273,3925503,3,1,-9258,9429,-983500.032,0,1,1,1,0
196274,3925523,3,1,-9279,9433,-981500.032,0,1,1,1,0
196275,3925543,3,1,-9271,9427,-979500.032,0,1,1,1,0
196276,3925563,3,1,-9250,9439,-977699.968,0,1,1,0,0
196277,3925583,3,1,-9275,9435,-977699.968,0,1,1,0,0
196278,3925603,3,1,-9267,9414,-977699.968,0,1,1,0,0
196279,3925623,3,1,-9275,9402,-977699.968,0,1,1,0,0
196280,3925643,3,1,-9296,9408,-977699.968,0,1,1,0,0
196281,3925663,3,1,-9262,9414,-976300.032,0,1,1,1,0
196282,3925683,3,1,-9267,9418,-974300.032,0,1,1,1,0
196283,3925703,3,1,-9285,9416,-972300.032,0,1,1,1,0
196284,3925723,3,1,-9248,9406,-970300.032,0,1,1,1,0
196285,3925743,3,1,-9271,9404,-968300.032,0,1,1,1,0
196286,3925763,3,1,-9281,9397,-966300.032,0,1,1,1,0
196287,3925783,3,1,-9260,9406,-964300.032,0,1,1,1,0
196288,3925803,3,1,-9292,9420,-962300.032,0,1,1,1,0
196289,3925823,3,1,-9277,9425,-960300.032,0,1,1,1,0
196290,3925843,3,1,-9260,9427,-959000.0,0,1,1,0,0
196291,3925863,3,1,-9294,9418,-959000.0,0,1,1,0,0
196292,3925883,3,1,-9262,9423,-959000.0,0,1,1,0,0
196293,3925903,3,1,-9267,9410,-959800.0,0,1,1,0,1
196294,3925923,3,1,-9283,9420,-961600.0,0,1,1,0,0
196295,3925943,3,1,-9246,9443,-961600.0,0,1,1,0,0
196296,3925963,3,1,-9275,9448,-961600.0,0,1,1,0,0
196297,3925983,3,1,-9279,9439,-959900.032,0,1,1,1,0
196298,3926003,3,1,-9267,9437,-957900.032,0,1,1,1,0
196299,3926023,3,1,-9288,9435,-955900.032,0,1,1,1,0
196300,3926043,3,1,-9298,9446,-953900.032,0,1,1,1,0
196301,3926063,3,1,-9265,9456,-951900.032,0,1,1,1,0
196302,3926083,3,1,-9281,9458,-949900.032,0,1,1,1,0
196303,3926103,3,1,-9260,9462,-947900.032,0,1,1,1,0
196304,3926123,3,1,-9252,9443,-945900.032,0,1,1,1,0
196305,3926143,3,1,-9283,9443,-943900.032,0,1,1,1,0
196306,3926163,3,1,-9252,9446,-941900.032,0,1,1,1,0
196307,3926183,3,1,-9273,9450,-941699.968,0,1,1,0,0
196308,3926203,3,1,-9298,9460,-941699.968,0,1,1,0,0
196309,3926223,3,1,-9262,9467,-941699.968,0,1,1,0,0
196310,3926243,3,1,-9290,9450,-941699.968,0,1,1,0,0
196311,3926263,3,1,-9296,9439,-941699.968,0,1,1,0,0
196312,3926283,3,1,-9267,9441,-939900.032,0,1,1,1,0
196313,3926303,3,1,-9275,9435,-937900.032,0,1,1,1,0
196314,3926323,3,1,-9269,9441,-935900.032,0,1,1,1,0
196315,3926343,3,1,-9246,9439,-933900.032,0,1,1,1,0
196316,3926363,3,1,-9277,9437,-931900.032,0,1,1,1,0
196317,3926383,3,1,-9271,9433,-929900.032,0,1,1,1,0
196318,3926403,3,1,-9275,9418,-927900.032,0,1,1,1,0
196319,3926423,3,1,-9296,9425,-925900.032,0,1,1,1,0
196320,3926443,3,1,-9265,9425,-923900.032,0,1,1,1,0
196321,3926463,3,1,-9283,9433,-923100.032,0,1,1,0,0
196322,3926483,3,1,-9283,9429,-923100.032,0,1,1,0,0
196323,3926503,3,1,-9258,9420,-923100.032,0,1,1,0,0
196324,3926523,3,1,-9275,9416,-923100.032,0,1,1,0,0
196325,3926543,3,1,-9269,9406,-923100.032,0,1,1,0,0
196326,3926563,3,1,-9252,9414,-923100.032,0,1,1,0,0
196327,3926583,3,1,-9275,9420,-922700.032,0,1,1,1,0
196328,3926603,3,1,-9277,9420,-920700.032,0,1,1,1,0
196329,3926623,3,1,-9260,9416,-918700.032,0,1,1,1,0
196330,3926643,3,1,-9296,9410,-916700.032,0,1,1,1,0
196331,3926663,3,1,-9265,9400,-914700.032,0,1,1,1,0
196332,3926683,3,1,-9269,9410,-912700.032,0,1,1,1,0
196333,3926703,3,1,-9285,9425,-910700.032,0,1,1,1,0
196334,3926723,3,1,-9246,9429,-908700.032,0,1,1,1,0
196335,3926743,3,1,-9275,9429,-906700.032,0,1,1,1,0
196336,3926763,3,1,-9281,9420,-905900.032,0,1,1,0,0
196337,3926783,3,1,-9265,9425,-907600.0,0,1,1,0,1
196338,3926803,3,1,-9292,9416,-909600.0,0,1,1,0,1
196339,3926823,3,1,-9277,9429,-910200.0,0,1,1,0,0
196340,3926843,3,1,-9262,9439,-910200.0,0,1,1,0,0
196341,3926863,3,1,-9298,9441,-910200.0,0,1,1,0,0
196342,3926883,3,1,-9262,9450,-908600.0,0,1,1,1,0
196343,3926903,3,1,-9252,9439,-906600.0,0,1,1,1,0
196344,3926923,3,1,-9285,9439,-904600.0,0,1,1,1,0
196345,3926943,3,1,-9258,9452,-902600.0,0,1,1,1,0
196346,3926963,3,1,-9275,9458,-900600.0,0,1,1,1,0
196347,3926983,3,1,-9300,9460,-898600.0,0,1,1,1,0
196348,3927003,3,1,-9262,9467,-896600.0,0,1,1,1,0
196349,3927023,3,1,-9290,9450,-894600.0,0,1,1,1,0
196350,3927043,3,1,-9300,9441,-893299.968,0,1,1,0,0
196351,3927063,3,1,-9267,9450,-893299.968,0,1,1,0,0
196352,3927083,3,1,-9279,9450,-893299.968,0,1,1,0,0
196353,3927103,3,1,-9258,9458,-893299.968,0,1,1,0,0
196354,3927123,3,1,-9250,9462,-893299.968,0,1,1,0,0
196355,3927143,3,1,-9285,9464,-892899.968,0,1,1,1,0
196356,3927163,3,1,-9252,9448,-890899.968,0,1,1,1,0
196357,3927183,3,1,-9273,9441,-888899.968,0,1,1,1,0
196358,3927203,3,1,-9294,9441,-886899.968,0,1,1,1,0
196359,3927223,3,1,-9267,9437,-884899.968,0,1,1,1,0
196360,3927243,3,1,-9285,9431,-882899.968,0,1,1,1,0
196361,3927263,3,1,-9285,9423,-880899.968,0,1,1,1,0
196362,3927283,3,1,-9258,9416,-878899.968,0,1,1,1,0
196363,3927303,3,1,-9273,9402,-877699.968,0,1,1,0,0
196364,3927323,3,1,-9273,9406,-877699.968,0,1,1,0,0
196365,3927343,3,1,-9248,9416,-877699.968,0,1,1,0,0
196366,3927363,3,1,-9275,9418,-877699.968,0,1,1,0,0
196367,3927383,3,1,-9269,9420,-877699.968,0,1,1,0,0
196368,3927403,3,1,-9277,9408,-877699.968,0,1,1,0,0
196369,3927423,3,1,-9300,9408,-876300.032,0,1,1,1,0
196370,3927443,3,1,-9269,9400,-874300.032,0,1,1,1,0
196371,3927463,3,1,-9283,9410,-872300.032,0,1,1,1,0
196372,3927483,3,1,-9288,9423,-870300.032,0,1,1,1,0
196373,3927503,3,1,-9254,9427,-868300.032,0,1,1,1,0
196374,3927523,3,1,-9271,9429,-866300.032,0,1,1,1,0
196375,3927543,3,1,-9281,9420,-864300.032,0,1,1,1,0
196376,3927563,3,1,-9260,9420,-862300.032,0,1,1,1,0
196377,3927583,3,1,-9288,9431,-860300.032,0,1,1,1,0
196378,3927603,3,1,-9279,9441,-858300.032,0,1,1,1,0
196379,3927623,3,1,-9262,9441,-856300.032,0,1,1,1,0
196380,3927643,3,1,-9298,9446,-854899.968,0,1,1,0,0
196381,3927663,3,1,-9260,9439,-854899.968,0,1,1,0,0
196382,3927683,3,1,-9269,9439,-854899.968,0,1,1,0,0
196383,3927703,3,1,-9283,9439,-854899.968,0,1,1,0,0
196384,3927723,3,1,-9246,9448,-854899.968,0,1,1,0,0
196385,3927743,3,1,-9275,9458,-854899.968,0,1,1,0,0
196386,3927763,3,1,-9279,9460,-854899.968,0,1,1,0,0
196387,3927783,3,1,-9267,9462,-854899.968,0,1,1,0,0
196388,3927803,3,1,-9290,9443,-854899.968,0,1,1,0,0
196389,3927823,3,1,-9300,9439,-854899.968,0,1,1,0,0
196390,3927843,3,1,-9265,9443,-854899.968,0,1,1,0,0
196391,3927863,3,1,-9279,9448,-854899.968,0,1,1,0,0
196392,3927883,3,1,-9258,9458,-854899.968,0,1,1,0,0
196393,3927903,3,1,-9250,9462,-854899.968,0,1,1,0,0
196394,3927923,3,1,-9285,9462,-853800.0,0,1,1,1,0
196395,3927943,3,1,-9254,9439,-851800.0,0,1,1,1,0
196396,3927963,3,1,-9275,9446,-849800.0,0,1,1,1,0
196397,3927983,3,1,-9296,9441,-847800.0,0,1,1,1,0
196398,3928003,3,1,-9267,9450,-845800.0,0,1,1,1,0
196399,3928023,3,1,-9292,9443,-843800.0,0,1,1,1,0
196400,3928043,3,1,-9298,9441,-841800.0,0,1,1,1,0
196401,3928063,3,1,-9269,9433,-839800.0,0,1,1,1,0
196402,3928083,3,1,-9279,9420,-837800.0,0,1,1,1,0
196403,3928103,3,1,-9271,9427,-836700.032,0,1,1,0,0
196404,3928123,3,1,-9250,9425,-836700.032,0,1,1,0,0
196405,3928143,3,1,-9275,9433,-836700.032,0,1,1,0,0
196406,3928163,3,1,-9271,9431,-836700.032,0,1,1,0,0
196407,3928183,3,1,-9275,9427,-836700.032,0,1,1,0,0
196408,3928203,3,1,-9298,9420,-836700.032,0,1,1,0,0
196409,3928223,3,1,-9271,9408,-836700.032,0,1,1,0,0
196410,3928243,3,1,-9283,9412,-836700.032,0,1,1,0,0
196411,3928263,3,1,-9290,9418,-836700.032,0,1,1,0,0
196412,3928283,3,1,-9256,9414,-835299.968,0,1,1,1,0
196413,3928303,3,1,-9273,9408,-833299.968,0,1,1,1,0
196414,3928323,3,1,-9271,9408,-831299.968,0,1,1,1,0
196415,3928343,3,1,-9248,9397,-829299.968,0,1,1,1,0
196416,3928363,3,1,-9273,9408,-827299.968,0,1,1,1,0
196417,3928383,3,1,-9271,9423,-825299.968,0,1,1,1,0
196418,3928403,3,1,-9260,9429,-823299.968,0,1,1,1,0
196419,3928423,3,1,-9294,9433,-821299.968,0,1,1,1,0
196420,3928443,3,1,-9269,9427,-819299.968,0,1,1,1,0
196421,3928463,3,1,-9271,9429,-817299.968,0,1,1,1,0
196422,3928483,3,1,-9285,9420,-815299.968,0,1,1,1,0
196423,3928503,3,1,-9252,9427,-813299.968,0,1,1,1,0
196424,3928523,3,1,-9269,9439,-811299.968,0,1,1,1,0
196425,3928543,3,1,-9283,9439,-811100.032,0,1,1,0,0
196426,3928563,3,1,-9254,9446,-811100.032,0,1,1,0,0
196427,3928583,3,1,-9288,9443,-811100.032,0,1,1,0,0
196428,3928603,3,1,-9277,9441,-811100.032,0,1,1,0,0
196429,3928623,3,1,-9258,9450,-811100.032,0,1,1,0,0
196430,3928643,3,1,-9294,9458,-809299.968,0,1,1,1,0
196431,3928663,3,1,-9260,9460,-807299.968,0,1,1,1,0
196432,3928683,3,1,-9267,9462,-805299.968,0,1,1,1,0
196433,3928703,3,1,-9285,9446,-803299.968,0,1,1,1,0
196434,3928723,3,1,-9258,9446,-801299.968,0,1,1,1,0
196435,3928743,3,1,-9271,9452,-799299.968,0,1,1,1,0
196436,3928763,3,1,-9296,9452,-797299.968,0,1,1,1,0
196437,3928783,3,1,-9262,9462,-795299.968,0,1,1,1,0
196438,3928803,3,1,-9290,9464,-793299.968,0,1,1,1,0
196439,3928823,3,1,-9300,9467,-791299.968,0,1,1,1,0
196440,3928843,3,1,-9265,9450,-789299.968,0,1,1,1,0
196441,3928863,3,1,-9281,9439,-787299.968,0,1,1,1,0
196442,3928883,3,1,-9258,9441,-786899.968,0,1,1,0,0
196443,3928903,3,1,-9252,9435,-786899.968,0,1,1,0,0
196444,3928923,3,1,-9285,9443,-786899.968,0,1,1,0,0
196445,3928943,3,1,-9254,9425,-786899.968,0,1,1,0,0
196446,3928963,3,1,-9273,9437,-786899.968,0,1,1,0,0
196447,3928983,3,1,-9300,9404,-786899.968,0,1,1,0,0
196448,3929003,3,1,-9269,9412,-786899.968,0,1,1,0,0
196449,3929023,3,1,-9283,9416,-785500.032,0,1,1,1,0
196450,3929043,3,1,-9298,9423,-783500.032,0,1,1,1,0
196451,3929063,3,1,-9258,9420,-781500.032,0,1,1,1,0
196452,3929083,3,1,-9273,9410,-779500.032,0,1,1,1,0
196453,3929103,3,1,-9271,9408,-777500.032,0,1,1,1,0
196454,3929123,3,1,-9248,9397,-775500.032,0,1,1,1,0
196455,3929143,3,1,-9277,9406,-773500.032,0,1,1,1,0
196456,3929163,3,1,-9269,9418,-771500.032,0,1,1,1,0
196457,3929183,3,1,-9275,9425,-769900.032,0,1,1,0,0
196458,3929203,3,1,-9298,9433,-769900.032,0,1,1,0,0
196459,3929223,3,1,-9267,9425,-769900.032,0,1,1,0,0
196460,3929243,3,1,-9285,9429,-769900.032,0,1,1,0,0
196461,3929263,3,1,-9290,9420,-769900.032,0,1,1,0,0
196462,3929283,3,1,-9256,9429,-769900.032,0,1,1,0,0
196463,3929303,3,1,-9275,9435,-769900.032,0,1,1,0,0
196464,3929323,3,1,-9275,9439,-769900.032,0,1,1,0,0
196465,3929343,3,1,-9258,9443,-769299.968,0,1,1,1,0
196466,3929363,3,1,-9275,9443,-767299.968,0,1,1,1,0
196467,3929383,3,1,-9277,9443,-765299.968,0,1,1,1,0
196468,3929403,3,1,-9262,9452,-763299.968,0,1,1,1,0
196469,3929423,3,1,-9294,9462,-761299.968,0,1,1,1,0
196470,3929443,3,1,-9265,9464,-759299.968,0,1,1,1,0
196471,3929463,3,1,-9271,9460,-757299.968,0,1,1,1,0
196472,3929483,3,1,-9288,9446,-755299.968,0,1,1,1,0
196473,3929503,3,1,-9244,9443,-754099.968,0,1,1,0,0
196474,3929523,3,1,-9273,9452,-754099.968,0,1,1,0,0
196475,3929543,3,1,-9277,9454,-754099.968,0,1,1,0,0
196476,3929563,3,1,-9260,9464,-754099.968,0,1,1,0,0
196477,3929583,3,1,-9290,9462,-754099.968,0,1,1,0,0
196478,3929603,3,1,-9275,9458,-754099.968,0,1,1,0,0
196479,3929623,3,1,-9262,9443,-754099.968,0,1,1,0,0
196480,3929643,3,1,-9296,9433,-754099.968,0,1,1,0,0
196481,3929663,3,1,-9260,9435,-753000.0,0,1,1,1,0
196482,3929683,3,1,-9246,9435,-751000.0,0,1,1,1,0
196483,3929703,3,1,-9283,9439,-749000.0,0,1,1,1,0
196484,3929723,3,1,-9254,9418,-747000.0,0,1,1,1,0
196485,3929743,3,1,-9275,9410,-745000.0,0,1,1,1,0
196486,3929763,3,1,-9298,9395,-743000.0,0,1,1,1,0
196487,3929783,3,1,-9265,9404,-741000.0,0,1,1,1,0
196488,3929803,3,1,-9290,9416,-739000.0,0,1,1,1,0
196489,3929823,3,1,-9296,9418,-737000.0,0,1,1,1,0
196490,3929843,3,1,-9262,9420,-735000.0,0,1,1,1,0
196491,3929863,3,1,-9281,9412,-733000.0,0,1,1,1,0
196492,3929883,3,1,-9256,9412,-731100.032,0,1,1,0,0
196493,3929903,3,1,-9252,9402,-731100.032,0,1,1,0,0
196494,3929923,3,1,-9285,9418,-731100.032,0,1,1,0,0
196495,3929943,3,1,-9250,9431,-731100.032,0,1,1,0,0
196496,3929963,3,1,-9277,9435,-731100.032,0,1,1,0,0
196497,3929983,3,1,-9298,9439,-731100.032,0,1,1,0,0
196498,3930003,3,1,-9260,9431,-731100.032,0,1,1,0,0
196499,3930023,3,1,-9281,9437,-729699.968,0,1,1,1,0
196500,3930043,3,1,-9283,9446,-727699.968,0,1,1,1,0
196501,3930063,3,1,-9256,9458,-725699.968,0,1,1,1,0
196502,3930083,3,1,-9277,9456,-723699.968,0,1,1,1,0
196503,3930103,3,1,-9265,9460,-721699.968,0,1,1,1,0
196504,3930123,3,1,-9252,9448,-719699.968,0,1,1,1,0
196505,3930143,3,1,-9279,9441,-717699.968,0,1,1,1,0
196506,3930163,3,1,-9258,9446,-715699.968,0,1,1,1,0
196507,3930183,3,1,-9279,9452,-713699.968,0,1,1,1,0
196508,3930203,3,1,-9292,9460,-711699.968,0,1,1,1,0
196509,3930223,3,1,-9260,9467,-709699.968,0,1,1,1,0
196510,3930243,3,1,-9285,9467,-709500.032,0,1,1,0,0
196511,3930263,3,1,-9273,9452,-709500.032,0,1,1,0,0
196512,3930283,3,1,-9260,9448,-709500.032,0,1,1,0,0
196513,3930303,3,1,-9277,9452,-709500.032,0,1,1,0,0
196514,3930323,3,1,-9271,9450,-709500.032,0,1,1,0,0
196515,3930343,3,1,-9269,9456,-709500.032,0,1,1,0,0
196516,3930363,3,1,-9298,9454,-709500.032,0,1,1,0,0
196517,3930383,3,1,-9265,9450,-709500.032,0,1,1,0,0
196518,3930403,3,1,-9273,9439,-707699.968,0,1,1,1,0
196519,3930423,3,1,-9298,9427,-705699.968,0,1,1,1,0
196520,3930443,3,1,-9256,9425,-703699.968,0,1,1,1,0
196521,3930463,3,1,-9275,9429,-701699.968,0,1,1,1,0
196522,3930483,3,1,-9271,9427,-699699.968,0,1,1,1,0
196523,3930503,3,1,-9244,9414,-697699.968,0,1,1,1,0
196524,3930523,3,1,-9281,9412,-695699.968,0,1,1,1,0
196525,3930543,3,1,-9262,9393,-693699.968,0,1,1,1,0
196526,3930563,3,1,-9269,9402,-691699.968,0,1,1,1,0
196527,3930583,3,1,-9298,9412,-689699.968,0,1,1,1,0
196528,3930603,3,1,-9275,9418,-687699.968,0,1,1,1,0
196529,3930623,3,1,-9279,9420,-686800.0,0,1,1,0,0
196530,3930643,3,1,-9288,9410,-686800.0,0,1,1,0,0
196531,3930663,3,1,-9252,9414,-686800.0,0,1,1,0,0
196532,3930683,3,1,-9271,9404,-686800.0,0,1,1,0,0
196533,3930703,3,1,-9277,9410,-686800.0,0,1,1,0,0
196534,3930723,3,1,-9244,9425,-686800.0,0,1,1,0,0
196535,3930743,3,1,-9275,9429,-685200.0,0,1,1,1,0
196536,3930763,3,1,-9271,9431,-683200.0,0,1,1,1,0
196537,3930783,3,1,-9275,9431,-681200.0,0,1,1,1,0
196538,3930803,3,1,-9294,9429,-679200.0,0,1,1,1,0
196539,3930823,3,1,-9267,9437,-677200.0,0,1,1,1,0
196540,3930843,3,1,-9283,9448,-675200.0,0,1,1,1,0
196541,3930863,3,1,-9283,9448,-673200.0,0,1,1,1,0
196542,3930883,3,1,-9246,9452,-671200.0,0,1,1,1,0
196543,3930903,3,1,-9269,9439,-669200.0,0,1,1,1,0
196544,3930923,3,1,-9279,9441,-667200.0,0,1,1,1,0
196545,3930943,3,1,-9260,9439,-665600.0,0,1,1,0,0
196546,3930963,3,1,-9288,9448,-665600.0,0,1,1,0,0
196547,3930983,3,1,-9273,9458,-665600.0,0,1,1,0,0
196548,3931003,3,1,-9260,9460,-665600.0,0,1,1,0,0
196549,3931023,3,1,-9294,9460,-665600.0,0,1,1,0,0
196550,3931043,3,1,-9258,9446,-665600.0,0,1,1,0,0
196551,3931063,3,1,-9271,9437,-665600.0,0,1,1,0,0
196552,3931083,3,1,-9283,9443,-665600.0,0,1,1,0,0
196553,3931103,3,1,-9244,9458,-665200.0,0,1,1,1,0
196554,3931123,3,1,-9273,9462,-663200.0,0,1,1,1,0
196555,3931143,3,1,-9277,9458,-661200.0,0,1,1,1,0
196556,3931163,3,1,-9262,9446,-659200.0,0,1,1,1,0
196557,3931183,3,1,-9290,9435,-657200.0,0,1,1,1,0
196558,3931203,3,1,-9290,9441,-655200.0,0,1,1,1,0
196559,3931223,3,1,-9269,9441,-653200.0,0,1,1,1,0
196560,3931243,3,1,-9283,9452,-651200.0,0,1,1,1,0
196561,3931263,3,1,-9254,9450,-649200.0,0,1,1,1,0
196562,3931283,3,1,-9254,9443,-647200.0,0,1,1,1,0
196563,3931303,3,1,-9283,9433,-645200.0,0,1,1,1,0
196564,3931323,3,1,-9244,9423,-644300.032,0,1,1,0,0
196565,3931343,3,1,-9271,9429,-644300.032,0,1,1,0,0
196566,3931363,3,1,-9285,9429,-644300.032,0,1,1,0,0
196567,3931383,3,1,-9267,9435,-644300.032,0,1,1,0,0
196568,3931403,3,1,-9292,9435,-644300.032,0,1,1,0,0
196569,3931423,3,1,-9283,9423,-644300.032,0,1,1,0,0
196570,3931443,3,1,-9273,9416,-644300.032,0,1,1,0,0
196571,3931463,3,1,-9283,9400,-644300.032,0,1,1,0,0
196572,3931483,3,1,-9258,9420,-644300.032,0,1,1,0,0
196573,3931503,3,1,-9256,9423,-642400.0,0,1,1,1,0
196574,3931523,3,1,-9279,9425,-640400.0,0,1,1,1,0
196575,3931543,3,1,-9256,9416,-638400.0,0,1,1,1,0
196576,3931563,3,1,-9283,9420,-636400.0,0,1,1,1,0
196577,3931583,3,1,-9288,9408,-634400.0,0,1,1,1,0
196578,3931603,3,1,-9252,9418,-632400.0,0,1,1,1,0
196579,3931623,3,1,-9288,9431,-630400.0,0,1,1,1,0
196580,3931643,3,1,-9267,9433,-628499.968,0,1,1,0,0
196581,3931663,3,1,-9265,9439,-628499.968,0,1,1,0,0
196582,3931683,3,1,-9283,9429,-628499.968,0,1,1,0,0
196583,3931703,3,1,-9248,9435,-628499.968,0,1,1,0,0
196584,3931723,3,1,-9265,9431,-628499.968,0,1,1,0,0
196585,3931743,3,1,-9298,9437,-628499.968,0,1,1,0,0
196586,3931763,3,1,-9262,9448,-628499.968,0,1,1,0,0
196587,3931783,3,1,-9285,9450,-628499.968,0,1,1,0,0
196588,3931803,3,1,-9296,9446,-628499.968,0,1,1,0,0
196589,3931823,3,1,-9258,9443,-628499.968,0,1,1,0,0
196590,3931843,3,1,-9277,9441,-628400.0,0,1,1,1,0
196591,3931863,3,1,-9256,9448,-626400.0,0,1,1,1,0
196592,3931883,3,1,-9252,9458,-624400.0,0,1,1,1,0
196593,3931903,3,1,-9281,9462,-622400.0,0,1,1,1,0
196594,3931923,3,1,-9250,9467,-620400.0,0,1,1,1,0
196595,3931943,3,1,-9271,9450,-618400.0,0,1,1,1,0
196596,3931963,3,1,-9290,9443,-616400.0,0,1,1,1,0
196597,3931983,3,1,-9265,9454,-614400.0,0,1,1,1,0
196598,3932003,3,1,-9292,9450,-612400.0,0,1,1,1,0
196599,3932023,3,1,-9279,9454,-610400.0,0,1,1,1,0
196600,3932043,3,1,-9256,9458,-608400.0,0,1,1,1,0
196601,3932063,3,1,-9277,9450,-606400.0,0,1,1,1,0
196602,3932083,3,1,-9256,9441,-604400.0,0,1,1,1,0
196603,3932103,3,1,-9252,9431,-602800.0,0,1,1,0,0
196604,3932123,3,1,-9277,9433,-602800.0,0,1,1,0,0
196605,3932143,3,1,-9252,9431,-602800.0,0,1,1,0,0
196606,3932163,3,1,-9279,9435,-602800.0,0,1,1,0,0
196607,3932183,3,1,-9281,9416,-602800.0,0,1,1,0,0
196608,3932203,3,1,-9254,9416,-602800.0,0,1,1,0,0
196609,3932223,3,1,-9290,9400,-602800.0,0,1,1,0,0
196610,3932243,3,1,-9262,9406,-602800.0,0,1,1,0,0
196611,3932263,3,1,-9265,9416,-602800.0,0,1,1,0,0
196612,3932283,3,1,-9281,9418,-602700.032,0,1,1,1,0
196613,3932303,3,1,-9244,9416,-600700.032,0,1,1,1,0
196614,3932323,3,1,-9269,9406,-598700.032,0,1,1,1,0
196615,3932343,3,1,-9298,9404,-596700.032,0,1,1,1,0
196616,3932363,3,1,-9262,9391,-594700.032,0,1,1,1,0
196617,3932383,3,1,-9285,9402,-592700.032,0,1,1,1,0
196618,3932403,3,1,-9294,9416,-590700.032,0,1,1,1,0
196619,3932423,3,1,-9262,9420,-588700.032,0,1,1,1,0
196620,3932443,3,1,-9283,9420,-586700.032,0,1,1,1,0
196621,3932463,3,1,-9256,9414,-585800.0,0,1,1,0,0
196622,3932483,3,1,-9254,9416,-585800.0,0,1,1,0,0
196623,3932503,3,1,-9281,9427,-585800.0,0,1,1,0,0
196624,3932523,3,1,-9244,9437,-585800.0,0,1,1,0,0
196625,3932543,3,1,-9273,9441,-585800.0,0,1,1,0,0
196626,3932563,3,1,-9288,9448,-585800.0,0,1,1,0,0
196627,3932583,3,1,-9267,9433,-585800.0,0,1,1,0,0
196628,3932603,3,1,-9294,9437,-585800.0,0,1,1,0,0
196629,3932623,3,1,-9275,9437,-585800.0,0,1,1,0,0
196630,3932643,3,1,-9258,9448,-585800.0,0,1,1,0,0
196631,3932663,3,1,-9277,9456,-585800.0,0,1,1,0,0
196632,3932683,3,1,-9256,9456,-585800.0,0,1,1,0,0
196633,3932703,3,1,-9258,9458,-585200.0,0,1,1,1,0
196634,3932723,3,1,-9277,9446,-583200.0,0,1,1,1,0
196635,3932743,3,1,-9252,9443,-581200.0,0,1,1,1,0
196636,3932763,3,1,-9283,9448,-579200.0,0,1,1,1,0
196637,3932783,3,1,-9281,9450,-577200.0,0,1,1,1,0
196638,3932803,3,1,-9254,9460,-575200.0,0,1,1,1,0
196639,3932823,3,1,-9290,9462,-573200.0,0,1,1,1,0
196640,3932843,3,1,-9265,9469,-573000.0,0,1,1,0,0
196641,3932863,3,1,-9262,9452,-573000.0,0,1,1,0,0
196642,3932883,3,1,-9281,9441,-573000.0,0,1,1,0,0
196643,3932903,3,1,-9239,9437,-573000.0,0,1,1,0,0
196644,3932923,3,1,-9271,9448,-573000.0,0,1,1,0,0
196645,3932943,3,1,-9294,9448,-573000.0,0,1,1,0,0
196646,3932963,3,1,-9262,9439,-573000.0,0,1,1,0,0
196647,3932983,3,1,-9285,9431,-573000.0,0,1,1,0,0
196648,3933003,3,1,-9292,9423,-573000.0,0,1,1,0,0
196649,3933023,3,1,-9262,9425,-572899.968,0,1,1,1,0
196650,3933043,3,1,-9281,9429,-570899.968,0,1,1,1,0
196651,3933063,3,1,-9252,9437,-568899.968,0,1,1,1,0
196652,3933083,3,1,-9252,9431,-566899.968,0,1,1,1,0
196653,3933103,3,1,-9283,9423,-564899.968,0,1,1,1,0
196654,3933123,3,1,-9244,9414,-562899.968,0,1,1,1,0
196655,3933143,3,1,-9271,9400,-560899.968,0,1,1,1,0
196656,3933163,3,1,-9283,9410,-558899.968,0,1,1,1,0
196657,3933183,3,1,-9267,9416,-556899.968,0,1,1,1,0
196658,3933203,3,1,-9292,9425,-555699.968,0,1,1,0,0
196659,3933223,3,1,-9273,9425,-555699.968,0,1,1,0,0
196660,3933243,3,1,-9262,9427,-555699.968,0,1,1,0,0
196661,3933263,3,1,-9279,9418,-555699.968,0,1,1,0,0
196662,3933283,3,1,-9250,9427,-555699.968,0,1,1,0,0
196663,3933303,3,1,-9258,9441,-555699.968,0,1,1,0,0
196664,3933323,3,1,-9281,9441,-555699.968,0,1,1,0,0
196665,3933343,3,1,-9260,9446,-555699.968,0,1,1,0,0
196666,3933363,3,1,-9281,9433,-555699.968,0,1,1,0,0
196667,3933383,3,1,-9281,9433,-555699.968,0,1,1,0,0
196668,3933403,3,1,-9256,9431,-555699.968,0,1,1,0,0
196669,3933423,3,1,-9294,9435,-554300.032,0,1,1,1,0
196670,3933443,3,1,-9260,9446,-552300.032,0,1,1,1,0
196671,3933463,3,1,-9265,9448,-550300.032,0,1,1,1,0
196672,3933483,3,1,-9281,9450,-548300.032,0,1,1,1,0
196673,3933503,3,1,-9256,9437,-546300.032,0,1,1,1,0
196674,3933523,3,1,-9269,9437,-544300.032,0,1,1,1,0
196675,3933543,3,1,-9296,9439,-542300.032,0,1,1,1,0
196676,3933563,3,1,-9260,9448,-540300.032,0,1,1,1,0
196677,3933583,3,1,-9285,9458,-539900.032,0,1,1,0,0
196678,3933603,3,1,-9290,9462,-539900.032,0,1,1,0,0
196679,3933623,3,1,-9260,9446,-539900.032,0,1,1,0,0
196680,3933643,3,1,-9279,9439,-539900.032,0,1,1,0,0
196681,3933663,3,1,-9250,9443,-539900.032,0,1,1,0,0
196682,3933683,3,1,-9254,9448,-539900.032,0,1,1,0,0
196683,3933703,3,1,-9279,9456,-539900.032,0,1,1,0,0
196684,3933723,3,1,-9242,9460,-539900.032,0,1,1,0,0
196685,3933743,3,1,-9269,9464,-539900.032,0,1,1,0,0
196686,3933763,3,1,-9279,9452,-539900.032,0,1,1,0,0
196687,3933783,3,1,-9254,9443,-539900.032,0,1,1,0,0
196688,3933803,3,1,-9290,9446,-539900.032,0,1,1,0,0
196689,3933823,3,1,-9271,9443,-539800.0,0,1,1,1,0
196690,3933843,3,1,-9262,9450,-537800.0,0,1,1,1,0
196691,3933863,3,1,-9281,9456,-535800.0,0,1,1,1,0
196692,3933883,3,1,-9246,9450,-533800.0,0,1,1,1,0
196693,3933903,3,1,-9265,9439,-531800.0,0,1,1,1,0
196694,3933923,3,1,-9275,9431,-529800.0,0,1,1,1,0
196695,3933943,3,1,-9256,9423,-527800.0,0,1,1,1,0
196696,3933963,3,1,-9285,9433,-527200.0,0,1,1,0,0
196697,3933983,3,1,-9275,9427,-527200.0,0,1,1,0,0
196698,3934003,3,1,-9258,9416,-527200.0,0,1,1,0,0
196699,3934023,3,1,-9290,9410,-527200.0,0,1,1,0,0
196700,3934043,3,1,-9258,9393,-527200.0,0,1,1,0,0
196701,3934063,3,1,-9269,9402,-527200.0,0,1,1,0,0
196702,3934083,3,1,-9283,9414,-527200.0,0,1,1,0,0
196703,3934103,3,1,-9248,9420,-527200.0,0,1,1,0,0
196704,3934123,3,1,-9271,9416,-527200.0,0,1,1,0,0
196705,3934143,3,1,-9290,9408,-527200.0,0,1,1,0,0
196706,3934163,3,1,-9267,9406,-527200.0,0,1,1,0,0
196707,3934183,3,1,-9290,9395,-527200.0,0,1,1,0,0
196708,3934203,3,1,-9285,9408,-527200.0,0,1,1,0,0
196709,3934223,3,1,-9271,9420,-525400.0,0,1,1,1,0
196710,3934243,3,1,-9283,9427,-523400.0,0,1,1,1,0
196711,3934263,3,1,-9250,9431,-521400.0,0,1,1,1,0
196712,3934283,3,1,-9262,9431,-519400.0,0,1,1,1,0
196713,3934303,3,1,-9279,9425,-518500.0,0,1,1,0,0
196714,3934323,3,1,-9242,9433,-518500.0,0,1,1,0,0
196715,3934343,3,1,-9271,9446,-518500.0,0,1,1,0,0
196716,3934363,3,1,-9283,9446,-518500.0,0,1,1,0,0
196717,3934383,3,1,-9254,9450,-518500.0,0,1,1,0,0
196718,3934403,3,1,-9290,9441,-518500.0,0,1,1,0,0
196719,3934423,3,1,-9262,9439,-518500.0,0,1,1,0,0
196720,3934443,3,1,-9265,9439,-518500.0,0,1,1,0,0
196721,3934463,3,1,-9281,9452,-518500.0,0,1,1,0,0
196722,3934483,3,1,-9242,9458,-518500.0,0,1,1,0,0
196723,3934503,3,1,-9269,9456,-518500.0,0,1,1,0,0
196724,3934523,3,1,-9279,9462,-518500.0,0,1,1,0,0
196725,3934543,3,1,-9258,9443,-518500.0,0,1,1,0,0
196726,3934563,3,1,-9290,9441,-518500.0,0,1,1,0,0
196727,3934583,3,1,-9267,9448,-518500.0,0,1,1,0,0
196728,3934603,3,1,-9262,9448,-518400.0,0,1,1,1,0
196729,3934623,3,1,-9294,9456,-516400.0,0,1,1,1,0
196730,3934643,3,1,-9258,9460,-514400.0,0,1,1,1,0
196731,3934663,3,1,-9269,9446,-512400.0,0,1,1,1,0
196732,3934683,3,1,-9281,9437,-510400.0,0,1,1,1,0
196733,3934703,3,1,-9246,9443,-508400.0,0,1,1,1,0
196734,3934723,3,1,-9271,9441,-506400.0,0,1,1,1,0
196735,3934743,3,1,-9283,9450,-504400.0,0,1,1,1,0
196736,3934763,3,1,-9262,9450,-502400.0,0,1,1,1,0
196737,3934783,3,1,-9294,9443,-500400.0,0,1,1,1,0
196738,3934803,3,1,-9281,9433,-498400.0,0,1,1,1,0
196739,3934823,3,1,-9273,9423,-497200.0,0,1,1,0,0
196740,3934843,3,1,-9283,9423,-497200.0,0,1,1,0,0
196741,3934863,3,1,-9248,9425,-497200.0,0,1,1,0,0
196742,3934883,3,1,-9265,9433,-497200.0,0,1,1,0,0
196743,3934903,3,1,-9269,9433,-497200.0,0,1,1,0,0
196744,3934923,3,1,-9256,9425,-497200.0,0,1,1,0,0
196745,3934943,3,1,-9281,9420,-497200.0,0,1,1,0,0
196746,3934963,3,1,-9273,9400,-497200.0,0,1,1,0,0
196747,3934983,3,1,-9256,9410,-497200.0,0,1,1,0,0
196748,3935003,3,1,-9294,9416,-496800.0,0,1,1,1,0
196749,3935023,3,1,-9258,9414,-494800.0,0,1,1,1,0
196750,3935043,3,1,-9269,9404,-492800.0,0,1,1,1,0
196751,3935063,3,1,-9277,9404,-490800.0,0,1,1,1,0
196752,3935083,3,1,-9242,9389,-488800.0,0,1,1,1,0
196753,3935103,3,1,-9271,9402,-486800.0,0,1,1,1,0
196754,3935123,3,1,-9271,9414,-484800.0,0,1,1,1,0
196755,3935143,3,1,-9262,9418,-482800.0,0,1,1,1,0
196756,3935163,3,1,-9294,9423,-480800.0,0,1,1,1,0
196757,3935183,3,1,-9262,9414,-479900.0,0,1,1,0,0
196758,3935203,3,1,-9273,9414,-479900.0,0,1,1,0,0
196759,3935223,3,1,-9283,9404,-479900.0,0,1,1,0,0
196760,3935243,3,1,-9250,9414,-479900.0,0,1,1,0,0
196761,3935263,3,1,-9262,9427,-479900.0,0,1,1,0,0
196762,3935283,3,1,-9273,9429,-479900.0,0,1,1,0,0
196763,3935303,3,1,-9244,9431,-479900.0,0,1,1,0,0
196764,3935323,3,1,-9271,9429,-479900.0,0,1,1,0,0
196765,3935343,3,1,-9265,9423,-479900.0,0,1,1,0,0
196766,3935363,3,1,-9271,9427,-479900.0,0,1,1,0,0
196767,3935383,3,1,-9294,9439,-479900.0,0,1,1,0,0
196768,3935403,3,1,-9260,9443,-479900.0,0,1,1,0,0
196769,3935423,3,1,-9283,9450,-478800.0,0,1,1,1,0
196770,3935443,3,1,-9281,9435,-476800.0,0,1,1,1,0
196771,3935463,3,1,-9254,9439,-474800.0,0,1,1,1,0
196772,3935483,3,1,-9277,9437,-472800.0,0,1,1,1,0
196773,3935503,3,1,-9273,9446,-470800.0,0,1,1,1,0
196774,3935523,3,1,-9262,9456,-468800.0,0,1,1,1,0
196775,3935543,3,1,-9294,9458,-466800.0,0,1,1,1,0
196776,3935563,3,1,-9267,9462,-464800.0,0,1,1,1,0
196777,3935583,3,1,-9269,9446,-462800.0,0,1,1,1,0
196778,3935603,3,1,-9296,9439,-460800.0,0,1,1,1,0
196779,3935623,3,1,-9254,9443,-458800.0,0,1,1,1,0
196780,3935643,3,1,-9271,9448,-457200.0,0,1,1,0,0
196781,3935663,3,1,-9267,9454,-457200.0,0,1,1,0,0
