evt_dial_neg,evt_dial_pos,evt_s0_not_down,evt_vt03_online,fric1_rpm,fric2_rpm,fric_set,rc_s0,rc_s1,seq,tick_ms,trigger_cur,trigger_spd_set,vt03_toe
0,0,1,1,9446,-9637,69400.0,3,2,165060,3301243,0,0.0,0
0,0,1,1,9443,-9587,69400.0,3,2,165061,3301263,0,0.0,0
0,0,1,1,9423,-9624,69400.0,3,2,165062,3301283,0,0.0,0
0,0,1,1,9423,-9616,69400.0,3,2,165063,3301303,0,0.0,0
0,0,1,1,9437,-9620,69400.0,3,2,165064,3301323,0,0.0,0
0,0,1,1,9446,-9614,69400.0,3,2,165065,3301343,0,0.0,0
0,0,1,1,9446,-9608,69400.0,3,2,165066,3301363,0,0.0,0
0,0,1,1,9448,-9643,69400.0,3,2,165067,3301383,0,0.0,0
0,0,1,1,9425,-9604,69400.0,3,2,165068,3301403,0,0.0,0
0,0,1,1,9423,-9635,69400.0,3,2,165069,3301423,0,0.0,0
0,0,1,1,9427,-9583,69400.0,3,2,165070,3301443,0,0.0,0
0,0,1,1,9427,-9622,69400.0,3,2,165071,3301463,0,0.0,0
0,0,1,1,9429,-9620,69400.0,3,2,165072,3301483,0,0.0,0
0,0,1,1,9437,-9612,69400.0,3,2,165073,3301503,0,0.0,0
0,0,1,1,9435,-9631,69400.0,3,2,165074,3301523,0,0.0,0
0,0,1,1,9418,-9583,69400.0,3,2,165075,3301543,0,0.0,0
0,0,1,1,9418,-9631,69400.0,3,2,165076,3301563,0,0.0,0
0,0,1,1,9418,-9601,69400.0,3,2,165077,3301583,0,0.0,0
0,0,1,1,9437,-9633,69400.0,3,2,165078,3301603,0,0.0,0
0,0,1,1,9441,-9601,69400.0,3,2,165079,3301623,0,0.0,0
0,0,1,1,9437,-9622,69400.0,3,2,165080,3301643,0,0.0,0
0,0,1,1,9420,-9624,69400.0,3,2,165081,3301663,0,0.0,0
0,0,1,1,9423,-9610,69400.0,3,2,165082,3301683,0,0.0,0
0,0,1,1,9420,-9629,69400.0,3,2,165083,3301703,0,0.0,0
0,0,1,1,9420,-9585,69400.0,3,2,165084,3301723,0,0.0,0
0,0,1,1,9425,-9633,69400.0,3,2,165085,3301743,0,0.0,0
0,0,1,1,9429,-9601,69400.0,3,2,165086,3301763,0,0.0,0
0,0,1,1,9425,-9633,69400.0,3,2,165087,3301783,0,0.0,0
0,0,1,1,9412,-9604,69400.0,3,2,165088,3301803,0,0.0,0
0,0,1,1,9410,-9597,69400.0,3,2,165089,3301823,0,0.0,0
0,0,1,1,9402,-9624,69400.0,3,2,165090,3301843,0,0.0,0
0,0,1,1,9410,-9601,69400.0,3,2,165091,3301863,0,0.0,0
0,0,1,1,9410,-9643,69400.0,3,2,165092,3301883,0,0.0,0
0,0,1,1,9414,-9585,69400.0,3,2,165093,3301903,0,0.0,0
0,0,1,1,9414,-9616,69400.0,3,2,165094,3301923,0,0.0,0
0,0,1,1,9412,-9604,69400.0,3,2,165095,3301943,0,0.0,0
0,0,1,1,9408,-9633,69400.0,3,2,165096,3301963,0,0.0,0
0,0,1,1,9408,-9604,69400.0,3,2,165097,3301983,0,0.0,0
0,0,1,1,9418,-9601,69400.0,3,2,165098,3302003,0,0.0,0
0,0,1,1,9416,-9627,69400.0,3,2,165099,3302023,0,0.0,0
0,0,1,1,9414,-9604,69400.0,3,2,165100,3302043,0,0.0,0
0,0,1,1,9412,-9641,69400.0,3,2,165101,3302063,0,0.0,0
0,0,1,1,9397,-9587,69400.0,3,2,165102,3302083,0,0.0,0
0,0,1,1,9393,-9612,69400.0,3,2,165103,3302103,0,0.0,0
0,0,1,1,9402,-9608,69400.0,3,2,165104,3302123,0,0.0,0
0,0,1,1,9408,-9620,69400.0,3,2,165105,3302143,0,0.0,0
0,0,1,1,9406,-9633,69400.0,3,2,165106,3302163,0,0.0,0
0,0,1,1,9412,-9591,69400.0,3,2,165107,3302183,0,0.0,0
0,0,1,1,9400,-9629,69400.0,3,2,165108,3302203,0,0.0,0
0,0,1,1,9395,-9604,69400.0,3,2,165109,3302223,0,0.0,0
0,0,1,1,9402,-9643,69400.0,3,2,165110,3302243,0,0.0,0
0,0,1,1,9410,-9587,69400.0,3,2,165111,3302263,0,0.0,0
0,0,1,1,9406,-9622,69400.0,3,2,165112,3302283,0,0.0,0
0,0,1,1,9408,-9604,69400.0,3,2,165113,3302303,0,0.0,0
0,0,1,1,9408,-9629,69400.0,3,2,165114,3302323,0,0.0,0
0,0,1,1,9391,-9627,69400.0,3,2,165115,3302343,0,0.0,0
0,0,1,1,9389,-9595,69400.0,3,2,165116,3302363,0,0.0,0
0,0,1,1,9402,-9631,69400.0,3,2,165117,3302383,0,0.0,0
0,0,1,1,9406,-9589,69400.0,3,2,165118,3302403,0,0.0,0
0,0,1,1,9408,-9643,69400.0,3,2,165119,3302423,0,0.0,0
0,0,1,1,9412,-9608,69400.0,3,2,165120,3302443,0,0.0,0
0,0,1,1,9414,-9612,69400.0,3,2,165121,3302463,0,0.0,0
0,0,1,1,9389,-9616,69400.0,3,2,165122,3302483,0,0.0,0
0,0,1,1,9404,-9599,69400.0,3,2,165123,3302503,0,0.0,0
0,0,1,1,9406,-9635,69400.0,3,2,165124,3302523,0,0.0,0
0,0,1,1,9408,-9591,69400.0,3,2,165125,3302543,0,0.0,0
0,0,1,1,9414,-9629,69400.0,3,2,165126,3302563,0,0.0,0
0,0,1,1,9414,-9585,69400.0,3,2,165127,3302583,0,0.0,0
0,0,1,1,9393,-9641,69400.0,3,2,165128,3302603,0,0.0,0
0,0,1,1,9400,-9612,69400.0,3,2,165129,3302623,0,0.0,0
0,0,1,1,9410,-9610,69400.0,3,2,165130,3302643,0,0.0,0
0,0,1,1,9406,-9622,69400.0,3,2,165131,3302663,0,0.0,0
0,0,1,1,9420,-9599,69400.0,3,2,165132,3302683,0,0.0,0
0,0,1,1,9418,-9641,69400.0,3,2,165133,3302703,0,0.0,0
0,0,1,1,9416,-9601,69400.0,3,2,165134,3302723,0,0.0,0
0,0,1,1,9408,-9633,69400.0,3,2,165135,3302743,0,0.0,0
0,0,1,1,9408,-9597,69400.0,3,2,165136,3302763,0,0.0,0
0,0,1,1,9406,-9629,69400.0,3,2,165137,3302783,0,0.0,0
0,0,1,1,9420,-9624,69400.0,3,2,165138,3302803,0,0.0,0
0,0,1,1,9418,-9606,69400.0,3,2,165139,3302823,0,0.0,0
0,0,1,1,9418,-9637,69400.0,3,2,165140,3302843,0,0.0,0
0,0,1,1,9408,-9593,69400.0,3,2,165141,3302863,0,0.0,0
0,0,1,1,9412,-9641,69400.0,3,2,165142,3302883,0,0.0,0
0,0,1,1,9414,-9601,69400.0,3,2,165143,3302903,0,0.0,0
0,0,1,1,9414,-9637,69400.0,3,2,165144,3302923,0,0.0,0
0,0,1,1,9433,-9595,69400.0,3,2,165145,3302943,0,0.0,0
0,0,1,1,9425,-9637,69400.0,3,2,165146,3302963,0,0.0,0
0,0,1,1,9423,-9618,69400.0,3,2,165147,3302983,0,0.0,0
0,0,1,1,9423,-9606,69400.0,3,2,165148,3303003,0,0.0,0
0,0,1,1,9425,-9629,69400.0,3,2,165149,3303023,0,0.0,0
0,0,1,1,9414,-9597,69400.0,3,2,165150,3303043,0,0.0,0
0,0,1,1,9433,-9643,69400.0,3,2,165151,3303063,0,0.0,0
0,0,1,1,9431,-9604,69400.0,3,2,165152,3303083,0,0.0,0
0,0,1,1,9427,-9624,69400.0,3,2,165153,3303103,0,0.0,0
0,0,1,1,9420,-9595,69400.0,3,2,165154,3303123,0,0.0,0
0,0,1,1,9427,-9612,69400.0,3,2,165155,3303143,0,0.0,0
0,0,1,1,9414,-9631,69400.0,3,2,165156,3303163,0,0.0,0
0,0,1,1,9423,-9601,69400.0,3,2,165157,3303183,0,0.0,0
0,0,1,1,9446,-9627,69400.0,3,2,165158,3303203,0,0.0,0
0,0,1,1,9437,-9591,69400.0,3,2,165159,3303223,0,0.0,0
0,0,1,1,9431,-9641,69400.0,3,2,165160,3303243,0,0.0,0
0,0,1,1,9433,-9606,69400.0,3,2,165161,3303263,0,0.0,0
0,0,1,1,9431,-9622,69400.0,3,2,165162,3303283,0,0.0,0
0,0,1,1,9420,-9599,69400.0,3,2,165163,3303303,0,0.0,0
0,0,1,1,9443,-9610,69400.0,3,2,165164,3303323,0,0.0,0
0,0,1,1,9435,-9633,69400.0,3,2,165165,3303343,0,0.0,0
0,0,1,1,9439,-9604,69400.0,3,2,165166,3303363,0,0.0,0
0,0,1,1,9437,-9635,69400.0,3,2,165167,3303383,0,0.0,0
0,0,1,1,9431,-9578,69400.0,3,2,165168,3303403,0,0.0,0
0,0,1,1,9425,-9624,69400.0,3,2,165169,3303423,0,0.0,0
0,0,1,1,9435,-9616,69400.0,3,2,165170,3303443,0,0.0,0
0,0,1,1,9454,-9608,69400.0,3,2,165171,3303463,0,0.0,0
0,0,1,1,9443,-9629,69400.0,3,2,165172,3303483,0,0.0,0
0,0,1,1,9448,-9601,69400.0,3,2,165173,3303503,0,0.0,0
0,0,1,1,9437,-9639,69400.0,3,2,165174,3303523,0,0.0,0
0,0,1,1,9433,-9601,69400.0,3,2,165175,3303543,0,0.0,0
0,0,1,1,9431,-9633,69400.0,3,2,165176,3303563,0,0.0,0
0,0,1,1,9437,-9583,69400.0,3,2,165177,3303583,0,0.0,0
0,0,1,1,9443,-9618,69400.0,3,2,165178,3303603,0,0.0,0
0,0,1,1,9446,-9622,69400.0,3,2,165179,3303623,0,0.0,0
0,0,1,1,9437,-9604,69400.0,3,2,165180,3303643,0,0.0,0
0,0,1,1,9433,-9633,69400.0,3,2,165181,3303663,0,0.0,0
0,0,1,1,9431,-9581,69400.0,3,2,165182,3303683,0,0.0,0
0,0,1,1,9433,-9631,69400.0,3,2,165183,3303703,0,0.0,0
0,0,1,1,9443,-9606,69400.0,3,2,165184,3303723,0,0.0,0
0,0,1,1,9446,-9627,69400.0,3,2,165185,3303743,0,0.0,0
0,0,1,1,9443,-9612,69400.0,3,2,165186,3303763,0,0.0,0
0,0,1,1,9427,-9593,69400.0,3,2,165187,3303783,0,0.0,0
0,0,1,1,9429,-9624,69400.0,3,2,165188,3303803,0,0.0,0
0,0,1,1,9423,-9604,69400.0,3,2,165189,3303823,0,0.0,0
0,0,1,1,9427,-9635,69400.0,3,2,165190,3303843,0,0.0,0
0,0,1,1,9429,-9581,69400.0,3,2,165191,3303863,0,0.0,0
0,0,1,1,9433,-9629,69400.0,3,2,165192,3303883,0,0.0,0
0,0,1,1,9429,-9608,69400.0,3,2,165193,3303903,0,0.0,0
0,0,1,1,9427,-9624,69400.0,3,2,165194,3303923,0,0.0,0
0,0,1,1,9427,-9614,69400.0,3,2,165195,3303943,0,0.0,0
0,0,1,1,9427,-9589,69400.0,3,2,165196,3303963,0,0.0,0
0,0,1,1,9431,-9627,69400.0,3,2,165197,3303983,0,0.0,0
0,0,1,1,9431,-9599,69400.0,3,2,165198,3304003,0,0.0,0
0,0,1,1,9427,-9637,69400.0,3,2,165199,3304023,0,0.0,0
0,0,1,1,9412,-9593,69400.0,3,2,165200,3304043,0,0.0,0
0,0,1,1,9408,-9608,69400.0,3,2,165201,3304063,0,0.0,0
0,0,1,1,9410,-9620,69400.0,3,2,165202,3304083,0,0.0,0
0,0,1,1,9404,-9610,69400.0,3,2,165203,3304103,0,0.0,0
0,0,1,1,9412,-9618,69400.0,3,2,165204,3304123,0,0.0,0
0,0,1,1,9412,-9593,69400.0,3,2,165205,3304143,0,0.0,0
0,0,1,1,9410,-9629,69400.0,3,2,165206,3304163,0,0.0,0
0,0,1,1,9408,-9599,69400.0,3,2,165207,3304183,0,0.0,0
0,0,1,1,9404,-9641,69400.0,3,2,165208,3304203,0,0.0,0
0,0,1,1,9408,-9595,69400.0,3,2,165209,3304223,0,0.0,0
0,0,1,1,9410,-9608,69400.0,3,2,165210,3304243,0,0.0,0
0,0,1,1,9410,-9614,69400.0,3,2,165211,3304263,0,0.0,0
0,0,1,1,9410,-9610,69400.0,3,2,165212,3304283,0,0.0,0
0,0,1,1,9412,-9637,69400.0,3,2,165213,3304303,0,0.0,0
0,0,1,1,9395,-9587,69400.0,3,2,165214,3304323,0,0.0,0
0,0,1,1,9389,-9622,69400.0,3,2,165215,3304343,0,0.0,0
0,0,1,1,9400,-9591,69400.0,3,2,165216,3304363,0,0.0,0
0,0,1,1,9406,-9629,69400.0,3,2,165217,3304383,0,0.0,0
0,0,1,1,9404,-9622,69400.0,3,2,165218,3304403,0,0.0,0
0,0,1,1,9412,-9593,69400.0,3,2,165219,3304423,0,0.0,0
0,0,1,1,9412,-9627,69400.0,3,2,165220,3304443,0,0.0,0
0,0,1,1,9387,-9583,69400.0,3,2,165221,3304463,0,0.0,0
0,0,1,1,9402,-9643,69400.0,3,2,165222,3304483,0,0.0,0
0,0,1,1,9406,-9585,69400.0,3,2,165223,3304503,0,0.0,0
0,0,1,1,9404,-9618,69400.0,3,2,165224,3304523,0,0.0,0
0,0,1,1,9410,-9599,69400.0,3,2,165225,3304543,0,0.0,0
0,0,1,1,9412,-9622,69400.0,3,2,165226,3304563,0,0.0,0
0,0,1,1,9391,-9627,69400.0,3,2,165227,3304583,0,0.0,0
0,0,1,1,9395,-9587,69400.0,3,2,165228,3304603,0,0.0,0
0,0,1,1,9408,-9627,69400.0,3,2,165229,3304623,0,0.0,0
0,0,1,1,9406,-9585,69400.0,3,2,165230,3304643,0,0.0,0
0,0,1,1,9418,-9635,69400.0,3,2,165231,3304663,0,0.0,0
0,0,1,1,9420,-9614,69400.0,3,2,165232,3304683,0,0.0,0
0,0,1,1,9391,-9606,69400.0,3,2,165233,3304703,0,0.0,0
0,0,1,1,9395,-9624,69400.0,3,2,165234,3304723,0,0.0,0
0,0,1,1,9406,-9616,69400.0,3,2,165235,3304743,0,0.0,0
0,0,1,1,9408,-9633,69400.0,3,2,165236,3304763,0,0.0,0
0,0,1,1,9423,-9589,69400.0,3,2,165237,3304783,0,0.0,0
0,0,1,1,9423,-9624,69400.0,3,2,165238,3304803,0,0.0,0
0,0,1,1,9418,-9585,69400.0,3,2,165239,3304823,0,0.0,0
0,0,1,1,9414,-9635,69400.0,3,2,165240,3304843,0,0.0,0
0,0,1,1,9423,-9618,69400.0,3,2,165241,3304863,0,0.0,0
0,0,1,1,9412,-9597,69400.0,3,2,165242,3304883,0,0.0,0
0,0,1,1,9420,-9627,69400.0,3,2,165243,3304903,0,0.0,0
0,0,1,1,9443,-9587,69400.0,3,2,165244,3304923,0,0.0,0
0,0,1,1,9435,-9639,69400.0,3,2,165245,3304943,0,0.0,0
0,0,1,1,9435,-9604,69400.0,3,2,165246,3304963,0,0.0,0
0,0,1,1,9429,-9612,69400.0,3,2,165247,3304983,0,0.0,0
0,0,1,1,9412,-9610,69400.0,3,2,165248,3305003,0,0.0,0
0,0,1,1,9425,-9597,69400.0,3,2,165249,3305023,0,0.0,0
0,0,1,1,9450,-9627,69400.0,3,2,165250,3305043,0,0.0,0
0,0,1,1,9437,-9591,69400.0,3,2,165251,3305063,0,0.0,0
0,0,1,1,9437,-9627,69400.0,3,2,165252,3305083,0,0.0,0
0,0,1,1,9433,-9585,69400.0,3,2,165253,3305103,0,0.0,0
0,0,1,1,9433,-9639,69400.0,3,2,165254,3305123,0,0.0,0
0,0,1,1,9423,-9614,69400.0,3,2,165255,3305143,0,0.0,0
0,0,1,1,9437,-9608,69400.0,3,2,165256,3305163,0,0.0,0
0,0,1,1,9446,-9627,69400.0,3,2,165257,3305183,0,0.0,0
0,0,1,1,9441,-9595,69400.0,3,2,165258,3305203,0,0.0,0
0,0,1,1,9443,-9641,69400.0,3,2,165259,3305223,0,0.0,0
0,0,1,1,9427,-9604,69400.0,3,2,165260,3305243,0,0.0,0
0,0,1,1,9425,-9627,69400.0,3,2,165261,3305263,0,0.0,0
0,0,1,1,9439,-9597,69400.0,3,2,165262,3305283,0,0.0,0
0,0,1,1,9443,-9624,69400.0,3,2,165263,3305303,0,0.0,0
0,0,1,1,9443,-9627,69400.0,3,2,165264,3305323,0,0.0,0
0,0,1,1,9446,-9612,69400.0,3,2,165265,3305343,0,0.0,0
0,0,1,1,9427,-9620,69400.0,3,2,165266,3305363,0,0.0,0
0,0,1,1,9425,-9597,69400.0,3,2,165267,3305383,0,0.0,0
0,0,1,1,9423,-9641,69400.0,3,2,165268,3305403,0,0.0,0
0,0,1,1,9425,-9599,69400.0,3,2,165269,3305423,0,0.0,0
0,0,1,1,9427,-9633,69400.0,3,2,165270,3305443,0,0.0,0
0,0,1,1,9429,-9595,69400.0,3,2,165271,3305463,0,0.0,0
0,0,1,1,9423,-9627,69400.0,3,2,165272,3305483,0,0.0,0
0,0,1,1,9408,-9627,69400.0,3,2,165273,3305503,0,0.0,0
0,0,1,1,9406,-9599,69400.0,3,2,165274,3305523,0,0.0,0
0,0,1,1,9416,-9637,69400.0,3,2,165275,3305543,0,0.0,0
0,0,1,1,9420,-9587,69400.0,3,2,165276,3305563,0,0.0,0
0,0,1,1,9418,-9637,69400.0,3,2,165277,3305583,0,0.0,0
1,0,1,1,9416,-9610,69100.0,3,2,165278,3305603,0,0.0,0
1,0,1,1,9410,-9614,67100.0,3,2,165279,3305623,0,0.0,0
1,0,1,1,9400,-9614,65100.0,3,2,165280,3305643,0,0.0,0
1,0,1,1,9389,-9616,63100.0,3,2,165281,3305663,0,0.0,0
1,0,1,1,9400,-9627,61100.0,3,2,165282,3305683,0,0.0,0
1,0,1,1,9406,-9597,59100.0,3,2,165283,3305703,0,0.0,0
1,0,1,1,9408,-9637,57100.0,3,2,165284,3305723,0,0.0,0
1,0,1,1,9410,-9589,55100.0,3,2,165285,3305743,0,0.0,0
1,0,1,1,9410,-9639,53100.0,3,2,165286,3305763,0,0.0,0
1,0,1,1,9393,-9616,51100.0,3,2,165287,3305783,0,0.0,0
1,0,1,1,9389,-9608,49100.0,3,2,165288,3305803,0,0.0,0
1,0,1,1,9408,-9622,47100.0,3,2,165289,3305823,0,0.0,0
1,0,1,1,9404,-9593,45100.0,3,2,165290,3305843,0,0.0,0
1,0,1,1,9406,-9639,43100.0,3,2,165291,3305863,0,0.0,0
1,0,1,1,9408,-9604,41100.0,3,2,165292,3305883,0,0.0,0
1,0,1,1,9391,-9624,39100.0,3,2,165293,3305903,0,0.0,0
1,0,1,1,9389,-9595,37100.0,3,2,165294,3305923,0,0.0,0
1,0,1,1,9402,-9608,35100.0,3,2,165295,3305943,0,0.0,0
1,0,1,1,9404,-9616,33100.0,3,2,165296,3305963,0,0.0,0
1,0,1,1,9408,-9601,31100.0,3,2,165297,3305983,0,0.0,0
0,0,1,1,9412,-9631,30900.0,3,2,165298,3306003,0,0.0,0
0,0,1,1,9414,-9589,30900.0,3,2,165299,3306023,0,0.0,0
0,0,1,1,9402,-9641,30900.0,3,2,165300,3306043,0,0.0,0
0,0,1,1,9408,-9608,30900.0,3,2,165301,3306063,0,0.0,0
0,0,1,1,9406,-9620,30900.0,3,2,165302,3306083,0,0.0,0
0,0,1,1,9414,-9606,30900.0,3,2,165303,3306103,0,0.0,0
0,0,1,1,9414,-9606,30900.0,3,2,165304,3306123,0,0.0,0
0,0,1,1,9412,-9637,30900.0,3,2,165305,3306143,0,0.0,0
0,0,1,1,9406,-9597,30900.0,3,2,165306,3306163,0,0.0,0
0,0,1,1,9412,-9631,30900.0,3,2,165307,3306183,0,0.0,0
0,0,1,1,9410,-9581,30900.0,3,2,165308,3306203,0,0.0,0
0,0,1,1,9412,-9618,30900.0,3,2,165309,3306223,0,0.0,0
0,0,1,1,9435,-9622,30900.0,3,2,165310,3306243,0,0.0,0
0,0,1,1,9427,-9608,30900.0,3,2,165311,3306263,0,0.0,0
0,0,1,1,9429,-9612,30900.0,3,2,165312,3306283,0,0.0,0
0,0,1,1,9425,-9595,30900.0,3,2,165313,3306303,0,0.0,0
0,0,1,1,9431,-9639,30900.0,3,2,165314,3306323,0,0.0,0
0,0,1,1,9420,-9601,30900.0,3,2,165315,3306343,0,0.0,0
0,0,1,1,9441,-9631,30900.0,3,2,165316,3306363,0,0.0,0
0,0,1,1,9431,-9589,30900.0,3,2,165317,3306383,0,0.0,0
0,0,1,1,9431,-9620,30900.0,3,2,165318,3306403,0,0.0,0
0,0,1,1,9427,-9629,30900.0,3,2,165319,3306423,0,0.0,0
0,0,1,1,9429,-9604,30900.0,3,2,165320,3306443,0,0.0,0
0,0,1,1,9420,-9635,30900.0,3,2,165321,3306463,0,0.0,0
0,0,1,1,9433,-9578,30900.0,3,2,165322,3306483,0,0.0,0
0,0,1,1,9448,-9627,30900.0,3,2,165323,3306503,0,0.0,0
0,0,1,1,9446,-9608,30900.0,3,2,165324,3306523,0,0.0,0
0,0,1,1,9443,-9622,30900.0,3,2,165325,3306543,0,0.0,0
1,0,1,1,9429,-9614,29600.0,3,2,165326,3306563,0,0.0,0
1,0,1,1,9427,-9614,27600.0,3,2,165327,3306583,0,0.0,0
1,0,1,1,9429,-9629,25600.0,3,2,165328,3306603,0,0.0,0
1,0,1,1,9431,-9604,23600.0,3,2,165329,3306623,0,0.0,0
1,0,1,1,9441,-9635,21600.0,3,2,165330,3306643,0,0.0,0
1,0,1,1,9446,-9578,19600.0,3,2,165331,3306663,0,0.0,0
1,0,1,1,9429,-9629,17600.0,3,2,165332,3306683,0,0.0,0
1,0,1,1,9425,-9614,15600.0,3,2,165333,3306703,0,0.0,0
1,0,1,1,9427,-9620,13600.0,3,2,165334,3306723,0,0.0,0
1,0,1,1,9425,-9620,11600.0,3,2,165335,3306743,0,0.0,0
1,0,1,1,9431,-9589,9600.0,3,2,165336,3306763,0,0.0,0
1,0,1,1,9058,-9175,7600.0,3,2,165337,3306783,3651,15.0,0
1,0,1,1,8293,-8369,5600.0,3,2,165338,3306803,3835,15.0,0
1,0,1,1,7527,-7530,3600.0,3,2,165339,3306823,3658,15.0,0
1,0,1,1,6723,-6720,1600.0,3,2,165340,3306843,3260,15.0,0
1,0,1,1,5947,-5870,-400.0,3,2,165341,3306863,2768,15.0,0
1,0,1,1,5095,-5021,-2400.0,3,2,165342,3306883,2258,15.0,0
1,0,1,1,4229,-4173,-4400.0,3,2,165343,3306903,1787,15.0,0
1,0,1,1,3329,-3227,-6400.0,3,2,165344,3306923,1425,15.0,0
1,0,1,1,2534,-2365,-8400.0,3,2,165345,3306943,1161,15.0,0
1,0,1,1,1661,-1543,-10400.0,3,2,165346,3306963,1077,15.0,0
1,0,1,1,814,-538,-12400.0,3,2,165347,3306983,1089,15.0,0
1,0,1,1,-70,286,-14400.0,3,2,165348,3307003,1106,15.0,0
1,0,1,1,-894,1144,-16400.0,3,2,165349,3307023,1116,15.0,0
1,0,1,1,-1756,1977,-18400.0,3,2,165350,3307043,1162,15.0,0
1,0,1,1,-2629,2789,-20400.0,3,2,165351,3307063,1195,15.0,0
0,0,1,1,-3504,3718,-20600.0,3,2,165352,3307083,1284,15.0,0
0,0,1,1,-4339,4532,-20600.0,3,2,165353,3307103,1392,15.0,0
0,0,1,1,-5215,5373,-20600.0,3,2,165354,3307123,1412,15.0,0
0,0,1,1,-6069,6206,-20600.0,3,2,165355,3307143,1411,15.0,0
0,0,1,1,-6866,7022,-20600.0,3,2,165356,3307163,1397,15.0,0
0,0,1,1,-7576,7818,-20600.0,3,2,165357,3307183,1391,15.0,0
0,0,1,1,-8153,8378,-20600.0,3,2,165358,3307203,1277,15.0,0
0,0,1,1,-8522,8809,-20600.0,3,2,165359,3307223,1159,15.0,0
0,0,1,1,-8810,9048,-20600.0,3,2,165360,3307243,-2517,0.0,0
0,0,1,1,-9018,9228,-20600.0,3,2,165361,3307263,-2533,0.0,0
0,0,1,1,-9141,9349,-20600.0,3,2,165362,3307283,-2138,0.0,0
0,0,1,1,-9208,9423,-20600.0,3,2,165363,3307303,-1453,0.0,0
0,0,1,1,-9285,9475,-20600.0,3,2,165364,3307323,-896,0.0,0
0,0,1,1,-9294,9538,-20600.0,3,2,165365,3307343,-673,0.0,0
0,0,1,1,-9321,9548,-20600.0,3,2,165366,3307363,-478,0.0,0
0,0,1,1,-9367,9517,-20600.0,3,2,165367,3307383,-379,0.0,0
0,0,1,1,-9384,9559,-20600.0,3,2,165368,3307403,-282,0.0,0
0,0,1,1,-9411,9598,-20600.0,3,2,165369,3307423,-234,0.0,0
0,0,1,1,-9409,9569,-20600.0,3,2,165370,3307443,-225,0.0,0
0,0,1,1,-9415,9582,-20600.0,3,2,165371,3307463,-247,0.0,0
0,0,1,1,-9407,9594,-20600.0,3,2,165372,3307483,-278,0.0,0
0,0,1,1,-9407,9559,-20600.0,3,2,165373,3307503,-330,0.0,0
0,0,1,1,-9413,9619,-20600.0,3,2,165374,3307523,-351,0.0,0
0,0,1,1,-9413,9577,-20600.0,3,2,165375,3307543,-350,0.0,0
0,0,1,1,-9415,9600,-20600.0,3,2,165376,3307563,-350,0.0,0
0,0,1,1,-9417,9598,-20600.0,3,2,165377,3307583,-350,0.0,0
0,0,1,1,-9405,9582,-20600.0,3,2,165378,3307603,-350,0.0,0
0,0,1,1,-9403,9628,-20600.0,3,2,165379,3307623,-350,0.0,0
0,0,1,1,-9390,9582,-20600.0,3,2,165380,3307643,-350,0.0,0
0,0,1,1,-9390,9598,-20600.0,3,2,165381,3307663,-350,0.0,0
0,0,1,1,-9405,9605,-20600.0,3,2,165382,3307683,-350,0.0,0
0,0,1,1,-9413,9584,-20600.0,3,2,165383,3307703,2717,15.0,0
0,0,1,1,-9407,9626,-20600.0,3,2,165384,3307723,3505,15.0,0
0,0,1,1,-9411,9580,-20600.0,3,2,165385,3307743,3532,15.0,0
0,0,1,1,-9394,9582,-20600.0,3,2,165386,3307763,3349,15.0,0
0,0,1,1,-9382,9592,-20600.0,3,2,165387,3307783,3016,15.0,0
0,0,1,1,-9392,9559,-20600.0,3,2,165388,3307803,2614,15.0,0
0,0,1,1,-9405,9592,-20600.0,3,2,165389,3307823,-1341,0.0,0
0,0,1,1,-9398,9603,-20600.0,3,2,165390,3307843,-1601,0.0,0
0,0,1,1,-9409,9573,-20600.0,3,2,165391,3307863,-1347,0.0,0
0,0,1,1,-9409,9607,-20600.0,3,2,165392,3307883,-788,0.0,0
0,0,1,1,-9403,9584,-20600.0,3,2,165393,3307903,-117,0.0,0
0,0,1,1,-9413,9613,-20600.0,3,2,165394,3307923,-152,0.0,0
0,0,1,1,-9421,9600,-20600.0,3,2,165395,3307943,-159,0.0,0
0,0,1,1,-9432,9575,-20600.0,3,2,165396,3307963,-158,0.0,0
0,0,1,1,-9436,9617,-20600.0,3,2,165397,3307983,-158,0.0,0
0,0,1,1,-9438,9590,-20600.0,3,2,165398,3308003,-158,0.0,0
0,0,1,1,-9428,9619,-20600.0,3,2,165399,3308023,-158,0.0,0
0,0,1,1,-9417,9596,-20600.0,3,2,165400,3308043,-158,0.0,0
0,0,1,1,-9426,9577,-20600.0,3,2,165401,3308063,-157,0.0,0
0,0,1,1,-9434,9615,-20600.0,3,2,165402,3308083,-158,0.0,0
0,0,1,1,-9432,9588,-20600.0,3,2,165403,3308103,-156,0.0,0
0,0,1,1,-9436,9619,-20600.0,3,2,165404,3308123,-157,0.0,0
0,0,1,1,-9426,9596,-20600.0,3,2,165405,3308143,-158,0.0,0
0,0,1,1,-9419,9577,-20600.0,3,2,165406,3308163,-156,0.0,0
0,0,1,1,-9428,9615,-20600.0,3,2,165407,3308183,-157,0.0,0
0,0,1,1,-9426,9590,-20600.0,3,2,165408,3308203,-157,0.0,0
0,0,1,1,-9440,9613,-20600.0,3,2,165409,3308223,-155,0.0,0
0,0,1,1,-9444,9565,-20600.0,3,2,165410,3308243,-157,0.0,0
0,0,1,1,-9444,9598,-20600.0,3,2,165411,3308263,-157,0.0,0
0,0,1,1,-9430,9609,-20600.0,3,2,165412,3308283,-156,0.0,0
0,0,1,1,-9428,9592,-20600.0,3,2,165413,3308303,-148,0.0,0
0,0,1,1,-9434,9615,-20600.0,3,2,165414,3308323,-136,0.0,0
0,0,1,1,-9428,9567,-20600.0,3,2,165415,3308343,-150,0.0,0
0,0,1,1,-9440,9603,-20600.0,3,2,165416,3308363,-150,0.0,0
0,0,1,1,-9438,9611,-20600.0,3,2,165417,3308383,-150,0.0,0
0,0,1,1,-9430,9592,-20600.0,3,2,165418,3308403,-149,0.0,0
0,0,1,1,-9426,9613,-20600.0,3,2,165419,3308423,-150,0.0,0
0,0,1,1,-9430,9565,-20600.0,3,2,165420,3308443,-148,0.0,0
0,0,1,1,-9428,9598,-20600.0,3,2,165421,3308463,-148,0.0,0
0,0,1,1,-9440,9613,-20600.0,3,2,165422,3308483,-147,0.0,0
0,0,1,1,-9447,9590,-20600.0,3,2,165423,3308503,-132,0.0,0
0,0,1,1,-9447,9607,-20600.0,3,2,165424,3308523,-98,0.0,0
0,0,1,1,-9432,9569,-20600.0,3,2,165425,3308543,3340,15.0,0
0,0,1,1,-9434,9626,-20600.0,3,2,165426,3308563,3797,15.0,0
0,0,1,1,-9430,9594,-20600.0,3,2,165427,3308583,3968,15.0,0
0,0,1,1,-9434,9573,-20600.0,3,2,165428,3308603,3838,15.0,0
0,0,1,1,-9430,9586,-20600.0,3,2,165429,3308623,3473,15.0,0
0,0,1,1,-9430,9548,-20600.0,3,2,165430,3308643,3002,15.0,0
0,0,1,1,-9417,9571,-20600.0,3,2,165431,3308663,-1029,0.0,0
0,0,1,1,-9419,9609,-20600.0,3,2,165432,3308683,-1288,0.0,0
0,0,1,1,-9421,9565,-20600.0,3,2,165433,3308703,-1181,0.0,0
0,0,1,1,-9424,9592,-20600.0,3,2,165434,3308723,-741,0.0,0
0,0,1,1,-9434,9594,-20600.0,3,2,165435,3308743,-109,0.0,0
0,0,1,1,-9432,9575,-20600.0,3,2,165436,3308763,21,0.0,0
0,0,1,1,-9444,9621,-20600.0,3,2,165437,3308783,8,0.0,0
0,0,1,1,-9426,9586,-20600.0,3,2,165438,3308803,12,0.0,0
0,0,1,1,-9415,9592,-20600.0,3,2,165439,3308823,12,0.0,0
0,0,1,1,-9417,9592,-20600.0,3,2,165440,3308843,11,0.0,0
0,0,1,1,-9424,9592,-20600.0,3,2,165441,3308863,13,0.0,0
1,0,1,1,-9426,9626,-22400.0,3,2,165442,3308883,12,0.0,0
1,0,1,1,-9449,9573,-24400.0,3,2,165443,3308903,12,0.0,0
1,0,1,1,-9436,9596,-26400.0,3,2,165444,3308923,13,0.0,0
1,0,1,1,-9426,9594,-28400.0,3,2,165445,3308943,12,0.0,0
1,0,1,1,-9428,9588,-30400.0,3,2,165446,3308963,12,0.0,0
1,0,1,1,-9432,9630,-32400.0,3,2,165447,3308983,13,0.0,0
1,0,1,1,-9434,9582,-34400.0,3,2,165448,3309003,12,0.0,0
1,0,1,1,-9434,9603,-36400.0,3,2,165449,3309023,12,0.0,0
1,0,1,1,-9442,9600,-38400.0,3,2,165450,3309043,14,0.0,0
1,0,1,1,-9426,9592,-40400.0,3,2,165451,3309063,12,0.0,0
1,0,1,1,-9417,9628,-42400.0,3,2,165452,3309083,12,0.0,0
1,0,1,1,-9417,9575,-44400.0,3,2,165453,3309103,12,0.0,0
1,0,1,1,-9421,9598,-46400.0,3,2,165454,3309123,14,0.0,0
1,0,1,1,-9426,9596,-48400.0,3,2,165455,3309143,13,0.0,0
1,0,1,1,-9430,9603,-50400.0,3,2,165456,3309163,13,0.0,0
1,0,1,1,-9436,9613,-52400.0,3,2,165457,3309183,13,0.0,0
1,0,1,1,-9428,9556,-54400.0,3,2,165458,3309203,13,0.0,0
1,0,1,1,-9424,9619,-56400.0,3,2,165459,3309223,13,0.0,0
1,0,1,1,-9432,9598,-58400.0,3,2,165460,3309243,13,0.0,0
1,0,1,1,-9434,9603,-60400.0,3,2,165461,3309263,13,0.0,0
0,0,1,1,-9434,9613,-60700.0,3,2,165462,3309283,13,0.0,0
0,0,1,1,-9447,9561,-60700.0,3,2,165463,3309303,13,0.0,0
0,0,1,1,-9430,9613,-60700.0,3,2,165464,3309323,13,0.0,0
0,0,1,1,-9419,9596,-60700.0,3,2,165465,3309343,13,0.0,0
0,0,1,1,-9419,9603,-60700.0,3,2,165466,3309363,13,0.0,0
0,0,1,1,-9421,9613,-60700.0,3,2,165467,3309383,3655,15.0,0
0,0,1,1,-9426,9554,-60700.0,3,2,165468,3309403,3999,15.0,0
0,0,1,1,-9419,9603,-60700.0,3,2,165469,3309423,3849,15.0,0
0,0,1,1,-9417,9573,-60700.0,3,2,165470,3309443,3497,15.0,0
0,0,1,1,-9392,9563,-60700.0,3,2,165471,3309463,3052,15.0,0
0,0,1,1,-9386,9577,-60700.0,3,2,165472,3309483,-844,0.0,0
0,0,1,1,-9382,9552,-60700.0,3,2,165473,3309503,-1377,0.0,0
0,0,1,1,-9392,9590,-60700.0,3,2,165474,3309523,-1432,0.0,0
0,0,1,1,-9401,9613,-60700.0,3,2,165475,3309543,-1174,0.0,0
0,0,1,1,-9398,9565,-60700.0,3,2,165476,3309563,-610,0.0,0
0,0,1,1,-9411,9598,-60700.0,3,2,165477,3309583,-133,0.0,0
0,0,1,1,-9409,9588,-60700.0,3,2,165478,3309603,-165,0.0,0
0,0,1,1,-9392,9592,-60700.0,3,2,165479,3309623,-167,0.0,0
0,0,1,1,-9403,9628,-60700.0,3,2,165480,3309643,-159,0.0,0
0,0,1,1,-9419,9573,-60700.0,3,2,165481,3309663,-130,0.0,0
0,0,1,1,-9424,9603,-60700.0,3,2,165482,3309683,-48,0.0,0
0,0,1,1,-9415,9594,-60700.0,3,2,165483,3309703,-111,0.0,0
0,0,1,1,-9426,9605,-60700.0,3,2,165484,3309723,-126,0.0,0
0,0,1,1,-9419,9617,-60700.0,3,2,165485,3309743,-125,0.0,0
0,0,1,1,-9405,9575,-60700.0,3,2,165486,3309763,-125,0.0,0
0,0,1,1,-9415,9615,-60700.0,3,2,165487,3309783,-125,0.0,0
0,0,1,1,-9424,9584,-60700.0,3,2,165488,3309803,-125,0.0,0
0,0,1,1,-9415,9605,-60700.0,3,2,165489,3309823,-124,0.0,0
0,0,1,1,-9424,9619,-60700.0,3,2,165490,3309843,-125,0.0,0
0,0,1,1,-9419,9575,-60700.0,3,2,165491,3309863,-125,0.0,0
0,0,1,1,-9398,9613,-60700.0,3,2,165492,3309883,-123,0.0,0
0,0,1,1,-9407,9588,-60700.0,3,2,165493,3309903,-125,0.0,0
0,0,1,1,-9424,9603,-60700.0,3,2,165494,3309923,-125,0.0,0
0,0,1,1,-9428,9623,-60700.0,3,2,165495,3309943,-125,0.0,0
0,0,1,1,-9424,9580,-60700.0,3,2,165496,3309963,-125,0.0,0
1,0,1,1,-9432,9615,-61700.0,3,2,165497,3309983,-125,0.0,0
1,0,1,1,-9421,9590,-63700.0,3,2,165498,3310003,-125,0.0,0
1,0,1,1,-9411,9609,-65700.0,3,2,165499,3310023,-125,0.0,0
1,0,1,1,-9421,9594,-67700.0,3,2,165500,3310043,-125,0.0,0
1,0,1,1,-9428,9588,-69700.0,3,2,165501,3310063,-125,0.0,0
1,0,1,1,-9432,9611,-71700.0,3,2,165502,3310083,-125,0.0,0
1,0,1,1,-9426,9592,-73700.0,3,2,165503,3310103,-125,0.0,0
1,0,1,1,-9421,9628,-75700.0,3,2,165504,3310123,-123,0.0,0
1,0,1,1,-9403,9586,-77700.0,3,2,165505,3310143,-124,0.0,0
1,0,1,1,-9409,9590,-79700.0,3,2,165506,3310163,-124,0.0,0
1,0,1,1,-9426,9605,-81700.0,3,2,165507,3310183,-124,0.0,0
1,0,1,1,-9430,9588,-83700.0,3,2,165508,3310203,2942,15.0,0
1,0,1,1,-9419,9628,-85700.0,3,2,165509,3310223,3669,15.0,0
1,0,1,1,-9428,9580,-87700.0,3,2,165510,3310243,3824,15.0,0
1,0,1,1,-9417,9573,-89700.0,3,2,165511,3310263,3594,15.0,0
1,0,1,1,-9398,9592,-91700.0,3,2,165512,3310283,3224,15.0,0
1,0,1,1,-9409,9567,-93700.0,3,2,165513,3310303,2734,15.0,0
1,0,1,1,-9413,9584,-95700.0,3,2,165514,3310323,-1261,0.0,0
1,0,1,1,-9428,9598,-97700.0,3,2,165515,3310343,-1503,0.0,0
1,0,1,1,-9438,9565,-99700.0,3,2,165516,3310363,-1413,0.0,0
1,0,1,1,-9419,9609,-101700.0,3,2,165517,3310383,-1100,0.0,0
1,0,1,1,-9421,9584,-103700.0,3,2,165518,3310403,-636,0.0,0
0,0,1,1,-9434,9594,-103700.0,3,2,165519,3310423,-281,0.0,0
0,0,1,1,-9428,9598,-103700.0,3,2,165520,3310443,-289,0.0,0
0,0,1,1,-9447,9569,-103700.0,3,2,165521,3310463,-269,0.0,0
0,0,1,1,-9447,9623,-103700.0,3,2,165522,3310483,-197,0.0,0
0,0,1,1,-9449,9592,-103700.0,3,2,165523,3310503,-181,0.0,0
0,0,1,1,-9436,9592,-103700.0,3,2,165524,3310523,-146,0.0,0
0,0,1,1,-9438,9605,-103700.0,3,2,165525,3310543,-128,0.0,0
0,0,1,1,-9438,9571,-103700.0,3,2,165526,3310563,-118,0.0,0
0,0,1,1,-9430,9630,-103700.0,3,2,165527,3310583,-95,0.0,0
0,0,1,1,-9453,9596,-103700.0,3,2,165528,3310603,-166,0.0,0
0,0,1,1,-9453,9596,-103700.0,3,2,165529,3310623,-156,0.0,0
0,0,1,1,-9453,9600,-103700.0,3,2,165530,3310643,-158,0.0,0
0,0,1,1,-9442,9573,-103700.0,3,2,165531,3310663,-158,0.0,0
0,0,1,1,-9440,9623,-103700.0,3,2,165532,3310683,-158,0.0,0
0,0,1,1,-9430,9575,-103700.0,3,2,165533,3310703,-158,0.0,0
0,0,1,1,-9451,9605,-103700.0,3,2,165534,3310723,-158,0.0,0
0,0,1,1,-9453,9592,-103700.0,3,2,165535,3310743,-158,0.0,0
0,0,1,1,-9457,9594,-103700.0,3,2,165536,3310763,-158,0.0,0
0,0,1,1,-9434,9628,-103700.0,3,2,165537,3310783,-158,0.0,0
0,0,1,1,-9440,9575,-103700.0,3,2,165538,3310803,-158,0.0,0
0,0,1,1,-9442,9605,-103700.0,3,2,165539,3310823,-158,0.0,0
0,0,1,1,-9432,9590,-103700.0,3,2,165540,3310843,-158,0.0,0
0,0,1,1,-9453,9596,-103700.0,3,2,165541,3310863,-157,0.0,0
0,0,1,1,-9455,9628,-103700.0,3,2,165542,3310883,-158,0.0,0
0,0,1,1,-9455,9575,-103700.0,3,2,165543,3310903,-157,0.0,0
0,0,1,1,-9442,9607,-103700.0,3,2,165544,3310923,-157,0.0,0
0,0,1,1,-9438,9590,-103700.0,3,2,165545,3310943,-157,0.0,0
0,0,1,1,-9438,9594,-103700.0,3,2,165546,3310963,-157,0.0,0
0,0,1,1,-9447,9626,-103700.0,3,2,165547,3310983,-157,0.0,0
0,0,1,1,-9451,9582,-103700.0,3,2,165548,3311003,-157,0.0,0
0,0,1,1,-9449,9613,-103700.0,3,2,165549,3311023,-157,0.0,0
0,0,1,1,-9434,9588,-103700.0,3,2,165550,3311043,3220,15.0,0
0,0,1,1,-9438,9607,-103700.0,3,2,165551,3311063,3685,15.0,0
0,0,1,1,-9434,9609,-103700.0,3,2,165552,3311083,3597,15.0,0
0,0,1,1,-9424,9563,-103700.0,3,2,165553,3311103,3292,15.0,0
0,0,1,1,-9438,9590,-103700.0,3,2,165554,3311123,2888,15.0,0
0,0,1,1,-9436,9573,-103700.0,3,2,165555,3311143,-1026,0.0,0
0,0,1,1,-9440,9580,-103700.0,3,2,165556,3311163,-1185,0.0,0
0,1,1,1,-9430,9623,-101700.0,3,2,165557,3311183,-932,0.0,0
0,1,1,1,-9424,9571,-99700.0,3,2,165558,3311203,-299,0.0,0
0,1,1,1,-9419,9592,-97700.0,3,2,165559,3311223,152,0.0,0
0,1,1,1,-9428,9603,-95700.0,3,2,165560,3311243,136,0.0,0
0,1,1,1,-9434,9590,-93700.0,3,2,165561,3311263,148,0.0,0
0,1,1,1,-9453,9615,-91700.0,3,2,165562,3311283,134,0.0,0
0,1,1,1,-9442,9556,-89700.0,3,2,165563,3311303,134,0.0,0
0,1,1,1,-9432,9609,-87700.0,3,2,165564,3311323,134,0.0,0
0,1,1,1,-9434,9600,-85700.0,3,2,165565,3311343,134,0.0,0
0,1,1,1,-9436,9596,-83700.0,3,2,165566,3311363,134,0.0,0
0,1,1,1,-9442,9615,-81700.0,3,2,165567,3311383,134,0.0,0
0,1,1,1,-9440,9556,-79700.0,3,2,165568,3311403,134,0.0,0
0,1,1,1,-9451,9609,-77700.0,3,2,165569,3311423,135,0.0,0
0,1,1,1,-9434,9600,-75700.0,3,2,165570,3311443,134,0.0,0
0,1,1,1,-9426,9592,-73700.0,3,2,165571,3311463,134,0.0,0
0,0,1,1,-9426,9615,-72200.0,3,2,165572,3311483,134,0.0,0
0,0,1,1,-9432,9559,-72200.0,3,2,165573,3311503,134,0.0,0
0,0,1,1,-9436,9609,-72200.0,3,2,165574,3311523,134,0.0,0
0,0,1,1,-9438,9607,-72200.0,3,2,165575,3311543,134,0.0,0
0,0,1,1,-9447,9592,-72200.0,3,2,165576,3311563,134,0.0,0
0,0,1,1,-9432,9603,-72200.0,3,2,165577,3311583,136,0.0,0
0,0,1,1,-9432,9571,-72200.0,3,2,165578,3311603,135,0.0,0
0,0,1,1,-9436,9626,-72200.0,3,2,165579,3311623,135,0.0,0
0,0,1,1,-9442,9592,-72200.0,3,2,165580,3311643,135,0.0,0
0,0,1,1,-9440,9594,-72200.0,3,2,165581,3311663,135,0.0,0
0,0,1,1,-9451,9603,-72200.0,3,2,165582,3311683,135,0.0,0
0,0,1,1,-9436,9571,-72200.0,3,2,165583,3311703,135,0.0,0
0,0,1,1,-9421,9623,-72200.0,3,2,165584,3311723,135,0.0,0
0,0,1,1,-9426,9590,-72200.0,3,2,165585,3311743,135,0.0,0
0,0,1,1,-9430,9588,-72200.0,3,2,165586,3311763,135,0.0,0
0,0,1,1,-9434,9603,-72200.0,3,2,165587,3311783,135,0.0,0
0,0,1,1,-9432,9571,-72200.0,3,2,165588,3311803,135,0.0,0
0,0,1,1,-9442,9630,-72200.0,3,2,165589,3311823,135,0.0,0
0,0,1,1,-9426,9598,-72200.0,3,2,165590,3311843,135,0.0,0
0,0,1,1,-9430,9609,-72200.0,3,2,165591,3311863,135,0.0,0
0,0,1,1,-9434,9590,-72200.0,3,2,165592,3311883,3786,15.0,0
0,0,1,1,-9442,9590,-72200.0,3,2,165593,3311903,4233,15.0,0
0,0,1,1,-9434,9617,-72200.0,3,2,165594,3311923,4118,15.0,0
0,0,1,1,-9436,9556,-72200.0,3,2,165595,3311943,3768,15.0,0
0,1,1,1,-9407,9569,-71700.0,3,2,165596,3311963,212,0.0,0
0,1,1,1,-9392,9590,-69700.0,3,2,165597,3311983,-732,0.0,0
0,1,1,1,-9388,9563,-67700.0,3,2,165598,3312003,-905,0.0,0
0,1,1,1,-9386,9605,-65700.0,3,2,165599,3312023,-790,0.0,0
0,1,1,1,-9401,9605,-63700.0,3,2,165600,3312043,-310,0.0,0
0,1,1,1,-9407,9573,-61700.0,3,2,165601,3312063,266,0.0,0
0,1,1,1,-9403,9611,-59700.0,3,2,165602,3312083,327,0.0,0
0,1,1,1,-9409,9582,-57700.0,3,2,165603,3312103,314,0.0,0
0,1,1,1,-9411,9600,-55700.0,3,2,165604,3312123,311,0.0,0
0,1,1,1,-9394,9617,-53700.0,3,2,165605,3312143,313,0.0,0
0,1,1,1,-9407,9571,-51700.0,3,2,165606,3312163,311,0.0,0
0,1,1,1,-9413,9613,-49700.0,3,2,165607,3312183,313,0.0,0
0,1,1,1,-9411,9588,-47700.0,3,2,165608,3312203,312,0.0,0
0,1,1,1,-9409,9615,-45700.0,3,2,165609,3312223,312,0.0,0
0,1,1,1,-9413,9594,-43700.0,3,2,165610,3312243,313,0.0,0
0,0,1,1,-9392,9571,-42200.0,3,2,165611,3312263,312,0.0,0
0,0,1,1,-9396,9613,-42200.0,3,2,165612,3312283,312,0.0,0
0,0,1,1,-9413,9592,-42200.0,3,2,165613,3312303,312,0.0,0
0,0,1,1,-9419,9621,-42200.0,3,2,165614,3312323,312,0.0,0
0,0,1,1,-9411,9594,-42200.0,3,2,165615,3312343,314,0.0,0
0,0,1,1,-9415,9575,-42200.0,3,2,165616,3312363,312,0.0,0
0,0,1,1,-9415,9613,-42200.0,3,2,165617,3312383,312,0.0,0
0,0,1,1,-9398,9586,-42200.0,3,2,165618,3312403,312,0.0,0
0,0,1,1,-9401,9619,-42200.0,3,2,165619,3312423,312,0.0,0
0,0,1,1,-9417,9598,-42200.0,3,2,165620,3312443,314,0.0,0
0,0,1,1,-9409,9580,-42200.0,3,2,165621,3312463,313,0.0,0
0,0,1,1,-9411,9613,-42200.0,3,2,165622,3312483,313,0.0,0
0,0,1,1,-9411,9590,-42200.0,3,2,165623,3312503,313,0.0,0
0,0,1,1,-9396,9615,-42200.0,3,2,165624,3312523,313,0.0,0
0,0,1,1,-9401,9567,-42200.0,3,2,165625,3312543,313,0.0,0
0,0,1,1,-9415,9600,-42200.0,3,2,165626,3312563,314,0.0,0
0,0,1,1,-9419,9611,-42200.0,3,2,165627,3312583,313,0.0,0
0,0,1,1,-9409,9590,-42200.0,3,2,165628,3312603,314,0.0,0
0,0,1,1,-9415,9615,-42200.0,3,2,165629,3312623,313,0.0,0
0,0,1,1,-9417,9569,-42200.0,3,2,165630,3312643,315,0.0,0
0,0,1,1,-9396,9600,-42200.0,3,2,165631,3312663,314,0.0,0
0,0,1,1,-9401,9611,-42200.0,3,2,165632,3312683,314,0.0,0
0,0,1,1,-9417,9592,-42200.0,3,2,165633,3312703,3426,15.0,0
0,0,1,1,-9421,9613,-42200.0,3,2,165634,3312723,4032,15.0,0
0,0,1,1,-9407,9559,-42200.0,3,2,165635,3312743,4115,15.0,0
0,0,1,1,-9401,9584,-42200.0,3,2,165636,3312763,3904,15.0,0
0,0,1,1,-9380,9598,-42200.0,3,2,165637,3312783,3487,15.0,0
0,0,1,1,-9386,9556,-42200.0,3,2,165638,3312803,-80,0.0,0
0,0,1,1,-9403,9569,-42200.0,3,2,165639,3312823,-991,0.0,0
0,0,1,1,-9413,9590,-42200.0,3,2,165640,3312843,-1183,0.0,0
0,0,1,1,-9421,9582,-42200.0,3,2,165641,3312863,-1078,0.0,0
0,1,1,1,-9432,9621,-40200.0,3,2,165642,3312883,-694,0.0,0
0,1,1,1,-9424,9575,-38200.0,3,2,165643,3312903,-99,0.0,0
0,1,1,1,-9428,9598,-36200.0,3,2,165644,3312923,73,0.0,0
0,1,1,1,-9434,9600,-34200.0,3,2,165645,3312943,51,0.0,0
0,1,1,1,-9428,9586,-32200.0,3,2,165646,3312963,47,0.0,0
0,1,1,1,-9444,9630,-30200.0,3,2,165647,3312983,48,0.0,0
0,1,1,1,-9451,9584,-28200.0,3,2,165648,3313003,50,0.0,0
0,1,1,1,-9449,9603,-26200.0,3,2,165649,3313023,49,0.0,0
0,1,1,1,-9430,9603,-24200.0,3,2,165650,3313043,49,0.0,0
0,1,1,1,-9436,9586,-22200.0,3,2,165651,3313063,50,0.0,0
0,1,1,1,-9432,9630,-20200.0,3,2,165652,3313083,51,0.0,0
0,0,1,1,-9444,9582,-18900.0,3,2,165653,3313103,53,0.0,0
0,0,1,1,-9447,9605,-18900.0,3,2,165654,3313123,62,0.0,0
0,0,1,1,-9449,9603,-18900.0,3,2,165655,3313143,63,0.0,0
0,0,1,1,-9436,9590,-18900.0,3,2,165656,3313163,56,0.0,0
0,0,1,1,-9436,9623,-18900.0,3,2,165657,3313183,59,0.0,0
0,0,1,1,-9440,9575,-18900.0,3,2,165658,3313203,69,0.0,0
0,0,1,1,-9432,9611,-18900.0,3,2,165659,3313223,69,0.0,0
0,0,1,1,-9447,9588,-18900.0,3,2,165660,3313243,62,0.0,0
0,0,1,1,-9451,9603,-18900.0,3,2,165661,3313263,63,0.0,0
0,0,1,1,-9449,9626,-18900.0,3,2,165662,3313283,63,0.0,0
0,0,1,1,-9438,9571,-18900.0,3,2,165663,3313303,63,0.0,0
0,0,1,1,-9432,9613,-18900.0,3,2,165664,3313323,63,0.0,0
0,0,1,1,-9428,9590,-18900.0,3,2,165665,3313343,63,0.0,0
0,0,1,1,-9440,9598,-18900.0,3,2,165666,3313363,63,0.0,0
0,0,1,1,-9447,9626,-18900.0,3,2,165667,3313383,63,0.0,0
0,0,1,1,-9444,9573,-18900.0,3,2,165668,3313403,63,0.0,0
0,0,1,1,-9434,9607,-18900.0,3,2,165669,3313423,63,0.0,0
0,0,1,1,-9434,9588,-18900.0,3,2,165670,3313443,63,0.0,0
0,0,1,1,-9436,9600,-18900.0,3,2,165671,3313463,63,0.0,0
0,0,1,1,-9432,9596,-18900.0,3,2,165672,3313483,63,0.0,0
0,0,1,1,-9447,9577,-18900.0,3,2,165673,3313503,63,0.0,0
0,0,1,1,-9453,9611,-18900.0,3,2,165674,3313523,63,0.0,0
0,0,1,1,-9451,9586,-18900.0,3,2,165675,3313543,3434,15.0,0
0,0,1,1,-9434,9613,-18900.0,3,2,165676,3313563,3927,15.0,0
0,0,1,1,-9434,9592,-18900.0,3,2,165677,3313583,3903,15.0,0
0,0,1,1,-9417,9548,-18900.0,3,2,165678,3313603,3578,15.0,0
0,0,1,1,-9436,9588,-18900.0,3,2,165679,3313623,3138,15.0,0
0,0,1,1,-9436,9571,-18900.0,3,2,165680,3313643,-577,0.0,0
0,0,1,1,-9436,9567,-18900.0,3,2,165681,3313663,-1381,0.0,0
0,0,1,1,-9424,9594,-18900.0,3,2,165682,3313683,-1515,0.0,0
0,0,1,1,-9413,9571,-18900.0,3,2,165683,3313703,-1230,0.0,0
0,0,1,1,-9415,9582,-18900.0,3,2,165684,3313723,-690,0.0,0
0,0,1,1,-9419,9617,-18900.0,3,2,165685,3313743,-80,0.0,0
0,0,1,1,-9428,9584,-18900.0,3,2,165686,3313763,-130,0.0,0
0,1,1,1,-9428,9609,-18200.0,3,2,165687,3313783,-134,0.0,0
0,1,1,1,-9438,9575,-16200.0,3,2,165688,3313803,-132,0.0,0
0,1,1,1,-9417,9609,-14200.0,3,2,165689,3313823,-130,0.0,0
0,1,1,1,-9411,9613,-12200.0,3,2,165690,3313843,-109,0.0,0
0,1,1,1,-9411,9582,-10200.0,3,2,165691,3313863,-80,0.0,0
0,1,1,1,-9344,9420,-8200.0,3,2,165692,3313883,-48,0.0,0
0,1,1,1,-8474,8680,-6200.0,3,2,165693,3313903,-104,0.0,0
0,1,1,1,-7657,7972,-4200.0,3,2,165694,3313923,-98,0.0,0
0,1,1,1,-6820,7200,-2200.0,3,2,165695,3313943,-99,0.0,0
0,1,1,1,-6004,6457,-200.0,3,2,165696,3313963,-99,0.0,0
0,1,1,1,-5146,5677,1800.0,3,2,165697,3313983,-99,0.0,0
0,1,1,1,-4255,4873,3800.0,3,2,165698,3314003,-99,0.0,0
0,1,1,1,-3380,4070,5800.0,3,2,165699,3314023,-98,0.0,0
0,1,1,1,-2495,3264,7800.0,3,2,165700,3314043,-99,0.0,0
0,1,1,1,-1670,2429,9800.0,3,2,165701,3314063,-99,0.0,0
0,0,1,1,-739,1561,9800.0,3,2,165702,3314083,-99,0.0,0
0,0,1,1,146,707,9800.0,3,2,165703,3314103,-99,0.0,0
0,0,1,1,1056,-168,9800.0,3,2,165704,3314123,-99,0.0,0
0,0,1,1,1891,-938,9800.0,3,2,165705,3314143,-99,0.0,0
0,0,1,1,2764,-1781,9800.0,3,2,165706,3314163,-99,0.0,0
0,0,1,1,3567,-2610,9800.0,3,2,165707,3314183,-99,0.0,0
0,0,1,1,4465,-3487,9800.0,3,2,165708,3314203,-99,0.0,0
0,0,1,1,5331,-4269,9800.0,3,2,165709,3314223,-99,0.0,0
0,0,1,1,6223,-5071,9800.0,3,2,165710,3314243,-99,0.0,0
0,0,1,1,7087,-5939,9800.0,3,2,165711,3314263,-99,0.0,0
0,0,1,1,7769,-6778,9800.0,3,2,165712,3314283,-99,0.0,0
0,0,1,1,8232,-7613,9800.0,3,2,165713,3314303,-99,0.0,0
0,0,1,1,8483,-8281,9800.0,3,2,165714,3314323,-99,0.0,0
0,0,1,1,8709,-8718,9800.0,3,2,165715,3314343,-99,0.0,0
0,0,1,1,8883,-9022,9800.0,3,2,165716,3314363,-99,0.0,0
0,0,1,1,9029,-9160,9800.0,3,2,165717,3314383,3527,15.0,0
0,0,1,1,9155,-9311,9800.0,3,2,165718,3314403,3856,15.0,0
0,0,1,1,9205,-9382,9800.0,3,2,165719,3314423,3821,15.0,0
0,0,1,1,9261,-9432,9800.0,3,2,165720,3314443,3532,15.0,0
0,0,1,1,9280,-9478,9800.0,3,2,165721,3314463,3117,15.0,0
0,0,1,1,9337,-9511,9800.0,3,2,165722,3314483,-687,0.0,0
0,0,1,1,9364,-9539,9800.0,3,2,165723,3314503,-1256,0.0,0
0,0,1,1,9358,-9520,9800.0,3,2,165724,3314523,-1194,0.0,0
0,0,1,1,9354,-9530,9800.0,3,2,165725,3314543,-803,0.0,0
0,0,1,1,9349,-9589,9800.0,3,2,165726,3314563,-69,0.0,0
0,0,1,1,9372,-9587,9800.0,3,2,165727,3314583,158,0.0,0
0,0,1,1,9381,-9566,9800.0,3,2,165728,3314603,124,0.0,0
0,0,1,1,9402,-9601,9800.0,3,2,165729,3314623,127,0.0,0
0,0,1,1,9408,-9587,9800.0,3,2,165730,3314643,125,0.0,0
0,0,1,1,9410,-9583,9800.0,3,2,165731,3314663,127,0.0,0
0,0,1,1,9410,-9627,9800.0,3,2,165732,3314683,127,0.0,0
0,0,1,1,9418,-9576,9800.0,3,2,165733,3314703,126,0.0,0
0,0,1,1,9410,-9612,9800.0,3,2,165734,3314723,128,0.0,0
0,0,1,1,9425,-9585,9800.0,3,2,165735,3314743,127,0.0,0
0,1,1,1,9441,-9614,10400.0,3,2,165736,3314763,128,0.0,0
0,1,1,1,9435,-9622,12400.0,3,2,165737,3314783,129,0.0,0
0,1,1,1,9427,-9581,14400.0,3,2,165738,3314803,130,0.0,0
0,1,1,1,9425,-9618,16400.0,3,2,165739,3314823,129,0.0,0
0,1,1,1,9418,-9581,18400.0,3,2,165740,3314843,129,0.0,0
0,1,1,1,9425,-9622,20400.0,3,2,165741,3314863,129,0.0,0
0,1,1,1,9429,-9616,22400.0,3,2,165742,3314883,130,0.0,0
0,1,1,1,9429,-9585,24400.0,3,2,165743,3314903,129,0.0,0
0,1,1,1,9425,-9618,26400.0,3,2,165744,3314923,130,0.0,0
0,1,1,1,9406,-9581,28400.0,3,2,165745,3314943,129,0.0,0
0,1,1,1,9404,-9631,30400.0,3,2,165746,3314963,129,0.0,0
0,1,1,1,9397,-9608,32400.0,3,2,165747,3314983,129,0.0,0
0,1,1,1,9400,-9597,34400.0,3,2,165748,3315003,131,0.0,0
0,1,1,1,9404,-9610,36400.0,3,2,165749,3315023,130,0.0,0
0,0,1,1,9404,-9597,37200.0,3,2,165750,3315043,130,0.0,0
0,0,1,1,9402,-9637,37200.0,3,2,165751,3315063,130,0.0,0
0,0,1,1,9389,-9578,37200.0,3,2,165752,3315083,130,0.0,0
0,0,1,1,9385,-9606,37200.0,3,2,165753,3315103,130,0.0,0
0,0,1,1,9391,-9599,37200.0,3,2,165754,3315123,130,0.0,0
0,0,1,1,9400,-9601,37200.0,3,2,165755,3315143,130,0.0,0
0,0,1,1,9400,-9631,37200.0,3,2,165756,3315163,130,0.0,0
0,0,1,1,9406,-9578,37200.0,3,2,165757,3315183,130,0.0,0
0,0,1,1,9408,-9612,37200.0,3,2,165758,3315203,3243,15.0,0
0,0,1,1,9385,-9593,37200.0,3,2,165759,3315223,3992,15.0,0
0,0,1,1,9387,-9604,37200.0,3,2,165760,3315243,4226,15.0,0
0,0,1,1,9391,-9620,37200.0,3,2,165761,3315263,4019,15.0,0
0,0,1,1,9389,-9566,37200.0,3,2,165762,3315283,3603,15.0,0
0,0,1,1,9410,-9589,37200.0,3,2,165763,3315303,3158,15.0,0
0,0,1,1,9406,-9578,37200.0,3,2,165764,3315323,-825,0.0,0
0,0,1,1,9416,-9585,37200.0,3,2,165765,3315343,-1165,0.0,0
0,0,1,1,9416,-9610,37200.0,3,2,165766,3315363,-986,0.0,0
0,0,1,1,9414,-9557,37200.0,3,2,165767,3315383,-487,0.0,0
0,0,1,1,9425,-9606,37200.0,3,2,165768,3315403,197,0.0,0
0,0,1,1,9433,-9610,37200.0,3,2,165769,3315423,266,0.0,0
0,0,1,1,9433,-9589,37200.0,3,2,165770,3315443,263,0.0,0
0,0,1,1,9435,-9627,37200.0,3,2,165771,3315463,261,0.0,0
0,0,1,1,9412,-9570,37200.0,3,2,165772,3315483,259,0.0,0
0,0,1,1,9410,-9614,37200.0,3,2,165773,3315503,261,0.0,0
0,0,1,1,9406,-9616,37200.0,3,2,165774,3315523,259,0.0,0
0,0,1,1,9404,-9599,37200.0,3,2,165775,3315543,259,0.0,0
0,0,1,1,9412,-9627,37200.0,3,2,165776,3315563,259,0.0,0
0,0,1,1,9412,-9572,37200.0,3,2,165777,3315583,259,0.0,0
0,0,1,1,9410,-9620,37200.0,3,2,165778,3315603,259,0.0,0
0,0,1,1,9406,-9597,37200.0,3,2,165779,3315623,260,0.0,0
0,0,1,1,9391,-9614,37200.0,3,2,165780,3315643,260,0.0,0
0,0,1,1,9397,-9601,37200.0,3,2,165781,3315663,260,0.0,0
0,0,1,1,9404,-9593,37200.0,3,2,165782,3315683,260,0.0,0
0,0,1,1,9404,-9633,37200.0,3,2,165783,3315703,260,0.0,0
0,0,1,1,9404,-9595,37200.0,3,2,165784,3315723,260,0.0,0
0,0,1,1,9408,-9620,37200.0,3,2,165785,3315743,260,0.0,0
0,0,1,1,9387,-9589,37200.0,3,2,165786,3315763,260,0.0,0
0,0,1,1,9381,-9604,37200.0,3,2,165787,3315783,260,0.0,0
0,0,1,1,9400,-9629,37200.0,3,2,165788,3315803,260,0.0,0
0,0,1,1,9402,-9597,37200.0,3,2,165789,3315823,260,0.0,0
0,0,1,1,9410,-9629,37200.0,3,2,165790,3315843,260,0.0,0
0,0,1,1,9412,-9578,37200.0,3,2,165791,3315863,261,0.0,0
0,0,1,1,9408,-9614,37200.0,3,2,165792,3315883,260,0.0,0
0,0,1,1,9400,-9622,37200.0,3,2,165793,3315903,260,0.0,0
0,0,1,1,9410,-9608,37200.0,3,2,165794,3315923,260,0.0,0
0,0,1,1,9410,-9622,37200.0,3,2,165795,3315943,260,0.0,0
0,1,1,1,9418,-9591,38900.0,3,2,165796,3315963,260,0.0,0
0,1,1,1,9416,-9637,40900.0,3,2,165797,3315983,260,0.0,0
0,1,1,1,9414,-9601,42900.0,3,2,165798,3316003,260,0.0,0
0,1,1,1,9414,-9618,44900.0,3,2,165799,3316023,260,0.0,0
0,1,1,1,9423,-9595,46900.0,3,2,165800,3316043,3667,15.0,0
0,1,1,1,9408,-9593,48900.0,3,2,165801,3316063,4190,15.0,0
0,1,1,1,9414,-9624,50900.0,3,2,165802,3316083,4153,15.0,0
0,1,1,1,9433,-9585,52900.0,3,2,165803,3316103,3846,15.0,0
0,1,1,1,9420,-9599,54900.0,3,2,165804,3316123,3399,15.0,0
0,1,1,1,9418,-9587,56900.0,3,2,165805,3316143,-295,0.0,0
0,1,1,1,9397,-9570,58900.0,3,2,165806,3316163,-1071,0.0,0
0,1,1,1,9397,-9616,60900.0,3,2,165807,3316183,-1184,0.0,0
0,1,1,1,9391,-9593,62900.0,3,2,165808,3316203,-973,0.0,0
0,0,1,1,9389,-9604,62900.0,3,2,165809,3316223,-511,0.0,0
0,0,1,1,9400,-9597,62900.0,3,2,165810,3316243,62,0.0,0
0,0,1,1,9400,-9583,62900.0,3,2,165811,3316263,98,0.0,0
0,0,1,1,9404,-9633,62900.0,3,2,165812,3316283,107,0.0,0
0,0,1,1,9389,-9591,62900.0,3,2,165813,3316303,111,0.0,0
0,0,1,1,9381,-9612,62900.0,3,2,165814,3316323,98,0.0,0
0,0,1,1,9395,-9601,62900.0,3,2,165815,3316343,98,0.0,0
0,0,1,1,9397,-9591,62900.0,3,2,165816,3316363,98,0.0,0
0,0,1,1,9397,-9629,62900.0,3,2,165817,3316383,100,0.0,0
0,0,1,1,9404,-9591,62900.0,3,2,165818,3316403,99,0.0,0
0,0,1,1,9406,-9620,62900.0,3,2,165819,3316423,99,0.0,0
0,0,1,1,9391,-9595,62900.0,3,2,165820,3316443,99,0.0,0
0,0,1,1,9395,-9604,62900.0,3,2,165821,3316463,100,0.0,0
0,0,1,1,9404,-9629,62900.0,3,2,165822,3316483,99,0.0,0
0,0,1,1,9404,-9593,62900.0,3,2,165823,3316503,99,0.0,0
0,0,1,1,9420,-9627,62900.0,3,2,165824,3316523,99,0.0,0
0,0,1,1,9420,-9578,62900.0,3,2,165825,3316543,99,0.0,0
0,0,1,1,9416,-9635,62900.0,3,2,165826,3316563,101,0.0,0
0,0,1,1,9410,-9606,62900.0,3,2,165827,3316583,99,0.0,0
0,0,1,1,9408,-9599,62900.0,3,2,165828,3316603,99,0.0,0
0,0,1,1,9412,-9618,62900.0,3,2,165829,3316623,99,0.0,0
0,0,1,1,9433,-9581,62900.0,3,2,165830,3316643,100,0.0,0
0,0,1,1,9427,-9635,62900.0,3,2,165831,3316663,100,0.0,0
0,0,1,1,9427,-9599,62900.0,3,2,165832,3316683,100,0.0,0
0,0,1,1,9425,-9610,62900.0,3,2,165833,3316703,100,0.0,0
0,0,1,1,9425,-9608,62900.0,3,2,165834,3316723,100,0.0,0
0,1,1,1,9418,-9591,64500.0,3,2,165835,3316743,100,0.0,0
0,1,1,1,9431,-9635,66500.0,3,2,165836,3316763,100,0.0,0
0,1,1,1,9446,-9593,68500.0,3,2,165837,3316783,100,0.0,0
0,1,1,1,9441,-9620,70500.0,3,2,165838,3316803,100,0.0,0
0,1,1,1,9433,-9597,72500.0,3,2,165839,3316823,100,0.0,0
0,1,1,1,9429,-9604,74500.0,3,2,165840,3316843,101,0.0,0
0,1,1,1,9425,-9614,76500.0,3,2,165841,3316863,101,0.0,0
0,1,1,1,9433,-9589,78500.0,3,2,165842,3316883,3718,15.0,0
0,1,1,1,9439,-9618,80500.0,3,2,165843,3316903,4013,15.0,0
0,1,1,1,9429,-9574,82500.0,3,2,165844,3316923,3862,15.0,0
0,1,1,1,9423,-9618,84500.0,3,2,165845,3316943,3465,15.0,0
0,1,1,1,9391,-9597,86500.0,3,2,165846,3316963,2997,15.0,0
0,1,1,1,9381,-9562,88500.0,3,2,165847,3316983,-565,0.0,0
0,1,1,1,9368,-9595,90500.0,3,2,165848,3317003,-1495,0.0,0
0,1,1,1,9381,-9574,92500.0,3,2,165849,3317023,-1564,0.0,0
0,1,1,1,9389,-9595,94500.0,3,2,165850,3317043,-1313,0.0,0
0,1,1,1,9393,-9618,96500.0,3,2,165851,3317063,-831,0.0,0
0,0,1,1,9404,-9572,97300.0,3,2,165852,3317083,-241,0.0,0
0,0,1,1,9402,-9601,97300.0,3,2,165853,3317103,-181,0.0,0
0,0,1,1,9397,-9597,97300.0,3,2,165854,3317123,-195,0.0,0
0,0,1,1,9400,-9601,97300.0,3,2,165855,3317143,-194,0.0,0
0,0,1,1,9402,-9633,97300.0,3,2,165856,3317163,-192,0.0,0
0,0,1,1,9414,-9581,97300.0,3,2,165857,3317183,-182,0.0,0
0,0,1,1,9418,-9624,97300.0,3,2,165858,3317203,-185,0.0,0
0,0,1,1,9410,-9593,97300.0,3,2,165859,3317223,-189,0.0,0
0,0,1,1,9406,-9629,97300.0,3,2,165860,3317243,-189,0.0,0
0,0,1,1,9416,-9599,97300.0,3,2,165861,3317263,-189,0.0,0
0,0,1,1,9410,-9589,97300.0,3,2,165862,3317283,-189,0.0,0
0,0,1,1,9418,-9624,97300.0,3,2,165863,3317303,-189,0.0,0
0,0,1,1,9441,-9595,97300.0,3,2,165864,3317323,-189,0.0,0
0,0,1,1,9433,-9639,97300.0,3,2,165865,3317343,-189,0.0,0
0,0,1,1,9435,-9589,97300.0,3,2,165866,3317363,-188,0.0,0
0,0,1,1,9431,-9604,97300.0,3,2,165867,3317383,-189,0.0,0
0,0,1,1,9429,-9614,97300.0,3,2,165868,3317403,-189,0.0,0
0,0,1,1,9425,-9599,97300.0,3,2,165869,3317423,-189,0.0,0
0,0,1,1,9446,-9639,97300.0,3,2,165870,3317443,-188,0.0,0
0,0,1,1,9439,-9581,97300.0,3,2,165871,3317463,-189,0.0,0
0,0,1,1,9441,-9627,97300.0,3,2,165872,3317483,-188,0.0,0
0,0,1,1,9427,-9597,97300.0,3,2,165873,3317503,-187,0.0,0
0,0,1,1,9425,-9629,97300.0,3,2,165874,3317523,-188,0.0,0
0,0,1,1,9423,-9601,97300.0,3,2,165875,3317543,-188,0.0,0
0,0,1,1,9429,-9583,97300.0,3,2,165876,3317563,-188,0.0,0
0,0,1,1,9429,-9620,97300.0,3,2,165877,3317583,-188,0.0,0
0,0,1,1,9433,-9591,97300.0,3,2,165878,3317603,-188,0.0,0
0,0,1,1,9429,-9627,97300.0,3,2,165879,3317623,-188,0.0,0
0,0,1,1,9410,-9593,97300.0,3,2,165880,3317643,-188,0.0,0
0,0,1,1,9408,-9591,97300.0,3,2,165881,3317663,-188,0.0,0
0,0,1,1,9402,-9618,97300.0,3,2,165882,3317683,-187,0.0,0
0,0,1,1,9402,-9595,97300.0,3,2,165883,3317703,2924,15.0,0
0,0,1,1,9425,-9635,97300.0,3,2,165884,3317723,3723,15.0,0
0,0,1,1,9412,-9585,97300.0,3,2,165885,3317743,3996,15.0,0
0,0,1,1,9400,-9612,97300.0,3,2,165886,3317763,3807,15.0,0
0,1,1,1,9379,-9597,97900.0,3,2,165887,3317783,3416,15.0,0
0,1,1,1,9366,-9583,99900.0,3,2,165888,3317803,2892,15.0,0
0,1,1,1,9379,-9608,101900.0,3,2,165889,3317823,-1031,0.0,0
0,1,1,1,9387,-9557,103900.0,3,2,165890,3317843,-1284,0.0,0
0,1,1,1,9400,-9601,105900.0,3,2,165891,3317863,-1050,0.0,0
0,1,1,1,9406,-9616,107900.0,3,2,165892,3317883,-539,0.0,0
0,1,1,1,9408,-9591,109900.0,3,2,165893,3317903,156,0.0,0
0,1,1,1,9408,-9622,111900.0,3,2,165894,3317923,159,0.0,0
0,1,1,1,9414,-9572,113900.0,3,2,165895,3317943,156,0.0,0
0,1,1,1,9408,-9612,115900.0,3,2,165896,3317963,153,0.0,0
0,1,1,1,9416,-9622,117900.0,3,2,165897,3317983,154,0.0,0
0,1,1,1,9441,-9595,119900.0,3,2,165898,3318003,153,0.0,0
0,0,1,1,9425,-9629,120300.0,3,2,165899,3318023,153,0.0,0
0,0,1,1,9425,-9574,120300.0,3,2,165900,3318043,155,0.0,0
0,0,1,1,9429,-9618,120300.0,3,2,165901,3318063,153,0.0,0
0,0,1,1,9418,-9606,120300.0,3,2,165902,3318083,153,0.0,0
0,0,1,1,9431,-9612,120300.0,3,2,165903,3318103,153,0.0,0
0,0,1,1,9448,-9604,120300.0,3,2,165904,3318123,153,0.0,0
0,0,1,1,9441,-9591,120300.0,3,2,165905,3318143,155,0.0,0
0,0,1,1,9443,-9635,120300.0,3,2,165906,3318163,154,0.0,0
0,0,1,1,9425,-9597,120300.0,3,2,165907,3318183,154,0.0,0
0,0,1,1,9420,-9618,120300.0,3,2,165908,3318203,154,0.0,0
0,0,1,1,9420,-9591,120300.0,3,2,165909,3318223,154,0.0,0
0,0,1,1,9423,-9606,120300.0,3,2,165910,3318243,154,0.0,0
0,0,1,1,9425,-9631,120300.0,3,2,165911,3318263,154,0.0,0
0,0,1,1,9427,-9597,120300.0,3,2,165912,3318283,154,0.0,0
0,0,1,1,9425,-9629,120300.0,3,2,165913,3318303,154,0.0,0
0,0,1,1,9418,-9576,120300.0,3,2,165914,3318323,154,0.0,0
0,0,1,1,9416,-9616,120300.0,3,2,165915,3318343,154,0.0,0
0,0,1,1,9412,-9610,120300.0,3,2,165916,3318363,154,0.0,0
0,0,1,1,9416,-9606,120300.0,3,2,165917,3318383,156,0.0,0
0,0,1,1,9418,-9620,120300.0,3,2,165918,3318403,154,0.0,0
0,0,1,1,9414,-9589,120300.0,3,2,165919,3318423,154,0.0,0
0,0,1,1,9406,-9635,120300.0,3,2,165920,3318443,154,0.0,0
0,0,1,1,9397,-9599,120300.0,3,2,165921,3318463,154,0.0,0
0,0,1,1,9389,-9614,120300.0,3,2,165922,3318483,154,0.0,0
0,0,1,1,9400,-9601,120300.0,3,2,165923,3318503,154,0.0,0
0,1,1,1,9402,-9597,121300.0,3,2,165924,3318523,154,0.0,0
0,1,1,1,9404,-9631,123300.0,3,2,165925,3318543,3562,15.0,0
0,1,1,1,9404,-9595,125300.0,3,2,165926,3318563,4166,15.0,0
0,1,1,1,9404,-9618,127300.0,3,2,165927,3318583,4247,15.0,0
0,1,1,1,9372,-9581,129300.0,3,2,165928,3318603,3950,15.0,0
0,1,1,1,9381,-9578,131300.0,3,2,165929,3318623,3503,15.0,0
0,1,1,1,9379,-9614,133300.0,3,2,165930,3318643,-242,0.0,0
0,1,1,1,9402,-9576,135300.0,3,2,165931,3318663,-997,0.0,0
0,1,1,1,9406,-9601,137300.0,3,2,165932,3318683,-1042,0.0,0
0,1,1,1,9412,-9587,139300.0,3,2,165933,3318703,-818,0.0,0
0,1,1,1,9416,-9581,141300.0,3,2,165934,3318723,-368,0.0,0
0,1,1,1,9418,-9624,143300.0,3,2,165935,3318743,158,0.0,0
0,1,1,1,9416,-9591,145300.0,3,2,165936,3318763,200,0.0,0
0,1,1,1,9427,-9614,147300.0,3,2,165937,3318783,198,0.0,0
0,1,1,1,9435,-9601,149300.0,3,2,165938,3318803,197,0.0,0
0,1,1,1,9435,-9597,151300.0,3,2,165939,3318823,202,0.0,0
0,1,1,1,9433,-9629,153300.0,3,2,165940,3318843,226,0.0,0
0,1,1,1,9416,-9595,155300.0,3,2,165941,3318863,215,0.0,0
0,1,1,1,9412,-9624,157300.0,3,2,165942,3318883,207,0.0,0
0,1,1,1,9423,-9593,159300.0,3,2,165943,3318903,207,0.0,0
0,1,1,1,9423,-9620,161300.0,3,2,165944,3318923,207,0.0,0
0,0,1,1,9427,-9627,161600.0,3,2,165945,3318943,207,0.0,0
0,0,1,1,9420,-9593,161600.0,3,2,165946,3318963,207,0.0,0
0,0,1,1,9408,-9631,161600.0,3,2,165947,3318983,209,0.0,0
0,0,1,1,9404,-9589,161600.0,3,2,165948,3319003,207,0.0,0
0,0,1,1,9397,-9639,161600.0,3,2,165949,3319023,207,0.0,0
0,0,1,1,9400,-9599,161600.0,3,2,165950,3319043,207,0.0,0
0,0,1,1,9404,-9612,161600.0,3,2,165951,3319063,207,0.0,0
0,0,1,1,9404,-9606,161600.0,3,2,165952,3319083,207,0.0,0
0,0,1,1,9406,-9599,161600.0,3,2,165953,3319103,207,0.0,0
0,0,1,1,9408,-9635,161600.0,3,2,165954,3319123,207,0.0,0
0,0,1,1,9387,-9597,161600.0,3,2,165955,3319143,207,0.0,0
0,0,1,1,9383,-9627,161600.0,3,2,165956,3319163,207,0.0,0
0,0,1,1,9404,-9591,161600.0,3,2,165957,3319183,207,0.0,0
0,0,1,1,9404,-9618,161600.0,3,2,165958,3319203,207,0.0,0
0,0,1,1,9404,-9624,161600.0,3,2,165959,3319223,207,0.0,0
0,0,1,1,9410,-9593,161600.0,3,2,165960,3319243,207,0.0,0
0,0,1,1,9387,-9631,161600.0,3,2,165961,3319263,207,0.0,0
0,0,1,1,9391,-9585,161600.0,3,2,165962,3319283,209,0.0,0
0,0,1,1,9402,-9631,161600.0,3,2,165963,3319303,208,0.0,0
0,0,1,1,9397,-9601,161600.0,3,2,165964,3319323,208,0.0,0
0,1,1,1,9414,-9597,163600.0,3,2,165965,3319343,208,0.0,0
0,1,1,1,9416,-9606,165600.0,3,2,165966,3319363,208,0.0,0
0,1,1,1,9414,-9595,167600.0,3,2,165967,3319383,3787,15.0,0
0,1,1,1,9410,-9629,169600.0,3,2,165968,3319403,3958,15.0,0
0,1,1,1,9416,-9587,171600.0,3,2,165969,3319423,3782,15.0,0
0,1,1,1,9400,-9601,173600.0,3,2,165970,3319443,3429,15.0,0
0,1,1,1,9418,-9585,175600.0,3,2,165971,3319463,3004,15.0,0
0,1,1,1,9416,-9564,177600.0,3,2,165972,3319483,-901,0.0,0
0,1,1,1,9427,-9616,179600.0,3,2,165973,3319503,-1154,0.0,0
0,1,1,1,9410,-9589,181600.0,3,2,165974,3319523,-1065,0.0,0
0,1,1,1,9412,-9583,183600.0,3,2,165975,3319543,-681,0.0,0
0,1,1,1,9414,-9612,185600.0,3,2,165976,3319563,-60,0.0,0
0,1,1,1,9410,-9572,187600.0,3,2,165977,3319583,145,0.0,0
0,1,1,1,9412,-9627,189600.0,3,2,165978,3319603,116,0.0,0
0,0,1,1,9418,-9608,191400.0,3,2,165979,3319623,109,0.0,0
0,0,1,1,9414,-9601,191400.0,3,2,165980,3319643,110,0.0,0
0,0,1,1,9406,-9608,191400.0,3,2,165981,3319663,110,0.0,0
0,0,1,1,9391,-9597,191400.0,3,2,165982,3319683,111,0.0,0
0,0,1,1,9385,-9635,191400.0,3,2,165983,3319703,110,0.0,0
0,0,1,1,9397,-9581,191400.0,3,2,165984,3319723,110,0.0,0
0,0,1,1,9404,-9612,191400.0,3,2,165985,3319743,110,0.0,0
0,0,1,1,9400,-9599,191400.0,3,2,165986,3319763,111,0.0,0
0,0,1,1,9404,-9608,191400.0,3,2,165987,3319783,110,0.0,0
0,0,1,1,9389,-9627,191400.0,3,2,165988,3319803,110,0.0,0
0,0,1,1,9387,-9578,191400.0,3,2,165989,3319823,110,0.0,0
0,0,1,1,9397,-9616,191400.0,3,2,165990,3319843,110,0.0,0
0,0,1,1,9404,-9591,191400.0,3,2,165991,3319863,110,0.0,0
0,0,1,1,9406,-9616,191400.0,3,2,165992,3319883,110,0.0,0
0,0,1,1,9410,-9622,191400.0,3,2,165993,3319903,111,0.0,0
0,0,1,1,9410,-9587,191400.0,3,2,165994,3319923,111,0.0,0
0,0,1,1,9389,-9618,191400.0,3,2,165995,3319943,111,0.0,0
0,0,1,1,9400,-9589,191400.0,3,2,165996,3319963,111,0.0,0
0,0,1,1,9404,-9629,191400.0,3,2,165997,3319983,111,0.0,0
0,0,1,1,9406,-9589,191400.0,3,2,165998,3320003,111,0.0,0
0,0,1,1,9427,-9595,191400.0,3,2,165999,3320023,111,0.0,0
0,0,1,1,9423,-9618,191400.0,3,2,166000,3320043,111,0.0,0
0,1,1,1,9404,-9593,191900.0,3,2,166001,3320063,111,0.0,0
0,1,1,1,9408,-9639,193900.0,3,2,166002,3320083,111,0.0,0
0,1,1,1,9408,-9583,195900.0,3,2,166003,3320103,111,0.0,0
0,1,1,1,9412,-9610,197900.0,3,2,166004,3320123,111,0.0,0
0,1,1,1,9435,-9608,199900.0,3,2,166005,3320143,111,0.0,0
0,1,1,1,9431,-9606,201900.0,3,2,166006,3320163,111,0.0,0
0,1,1,1,9427,-9633,203900.0,3,2,166007,3320183,111,0.0,0
0,1,1,1,9425,-9578,205900.0,3,2,166008,3320203,3223,15.0,0
0,1,1,1,9429,-9612,207900.0,3,2,166009,3320223,3879,15.0,0
0,1,1,1,9414,-9591,209900.0,3,2,166010,3320243,3955,15.0,0
0,1,1,1,9420,-9616,211900.0,3,2,166011,3320263,3725,15.0,0
0,1,1,1,9429,-9591,213900.0,3,2,166012,3320283,3332,15.0,0
0,1,1,1,9418,-9560,215900.0,3,2,166013,3320303,2869,15.0,0
0,1,1,1,9412,-9604,217900.0,3,2,166014,3320323,-1154,0.0,0
0,0,1,1,9393,-9587,219500.0,3,2,166015,3320343,-1355,0.0,0
0,0,1,1,9400,-9591,219500.0,3,2,166016,3320363,-1103,0.0,0
0,0,1,1,9397,-9616,219500.0,3,2,166017,3320383,-662,0.0,0
0,0,1,1,9404,-9564,219500.0,3,2,166018,3320403,-93,0.0,0
0,0,1,1,9404,-9614,219500.0,3,2,166019,3320423,33,0.0,0
0,0,1,1,9402,-9606,219500.0,3,2,166020,3320443,4,0.0,0
0,0,1,1,9404,-9597,219500.0,3,2,166021,3320463,5,0.0,0
0,0,1,1,9389,-9620,219500.0,3,2,166022,3320483,5,0.0,0
0,0,1,1,9381,-9566,219500.0,3,2,166023,3320503,5,0.0,0
0,0,1,1,9397,-9633,219500.0,3,2,166024,3320523,7,0.0,0
0,0,1,1,9402,-9599,219500.0,3,2,166025,3320543,5,0.0,0
0,0,1,1,9404,-9616,219500.0,3,2,166026,3320563,7,0.0,0
0,0,1,1,9408,-9601,219500.0,3,2,166027,3320583,6,0.0,0
0,0,1,1,9408,-9597,219500.0,3,2,166028,3320603,7,0.0,0
0,0,1,1,9395,-9635,219500.0,3,2,166029,3320623,6,0.0,0
0,0,1,1,9402,-9595,219500.0,3,2,166030,3320643,9,0.0,0
0,0,1,1,9404,-9631,219500.0,3,2,166031,3320663,8,0.0,0
0,0,1,1,9414,-9583,219500.0,3,2,166032,3320683,10,0.0,0
0,0,1,1,9412,-9610,219500.0,3,2,166033,3320703,19,0.0,0
0,0,1,1,9410,-9624,219500.0,3,2,166034,3320723,11,0.0,0
0,0,1,1,9406,-9601,219500.0,3,2,166035,3320743,11,0.0,0
0,0,1,1,9412,-9635,219500.0,3,2,166036,3320763,11,0.0,0
0,0,1,1,9408,-9572,219500.0,3,2,166037,3320783,11,0.0,0
0,0,1,1,9414,-9620,219500.0,3,2,166038,3320803,11,0.0,0
0,0,1,1,9439,-9614,219500.0,3,2,166039,3320823,11,0.0,0
0,1,1,1,9431,-9614,220700.0,3,2,166040,3320843,11,0.0,0
0,1,1,1,9433,-9604,222700.0,3,2,166041,3320863,11,0.0,0
0,1,1,1,9429,-9599,224700.0,3,2,166042,3320883,11,0.0,0
0,1,1,1,9429,-9635,226700.0,3,2,166043,3320903,11,0.0,0
0,1,1,1,9420,-9599,228700.0,3,2,166044,3320923,11,0.0,0
0,1,1,1,9446,-9631,230700.0,3,2,166045,3320943,11,0.0,0
0,1,1,1,9437,-9583,232700.0,3,2,166046,3320963,11,0.0,0
0,1,1,1,9441,-9618,234700.0,3,2,166047,3320983,11,0.0,0
0,1,1,1,9431,-9627,236700.0,3,2,166048,3321003,11,0.0,0
0,1,1,1,9429,-9606,238700.0,3,2,166049,3321023,11,0.0,0
0,1,1,1,9420,-9633,240700.0,3,2,166050,3321043,3426,15.0,0
0,1,1,1,9423,-9572,242700.0,3,2,166051,3321063,3926,15.0,0
0,1,1,1,9425,-9614,244700.0,3,2,166052,3321083,3893,15.0,0
0,1,1,1,9423,-9597,246700.0,3,2,166053,3321103,3618,15.0,0
0,0,1,1,9408,-9585,248100.0,3,2,166054,3321123,3212,15.0,0
0,0,1,1,9383,-9610,248100.0,3,2,166055,3321143,-448,0.0,0
0,0,1,1,9372,-9551,248100.0,3,2,166056,3321163,-1210,0.0,0
0,0,1,1,9368,-9616,248100.0,3,2,166057,3321183,-1178,0.0,0
0,0,1,1,9387,-9597,248100.0,3,2,166058,3321203,-722,0.0,0
