event_bits,evt_dial_neg,evt_dial_pos,evt_s0_not_down,evt_vt03_online,fric1_rpm,fric2_rpm,fric_set,high_freq,rc_ch3,rc_s0,rc_s1,seq,shoot_mode,tick_ms,trigger_cur,trigger_spd_set,vt03_toe
1048832,0,0,1,1,0,0,0.0,1,0,3,2,70792,0,1415883,0,0.0,0
1048832,0,0,1,1,0,0,0.0,1,0,3,2,70793,0,1415903,0,0.0,0
1048832,0,0,1,1,0,0,0.0,1,0,3,2,70794,0,1415923,0,0.0,0
1048832,0,0,1,1,0,0,0.0,1,0,3,2,70795,0,1415943,0,0.0,0
1048832,0,0,1,1,0,-5,0.0,1,0,3,2,70796,0,1415963,0,0.0,0
1048832,0,0,1,1,0,0,0.0,1,0,3,2,70797,0,1415983,0,0.0,0
1048832,0,0,1,1,0,0,0.0,1,0,3,2,70798,0,1416003,0,0.0,0
1048832,0,0,1,1,0,0,0.0,1,0,3,2,70799,0,1416023,0,0.0,0
1048832,0,0,1,1,0,0,0.0,1,0,3,2,70800,0,1416043,0,0.0,0
1048832,0,0,1,1,0,-3,0.0,1,0,3,2,70801,0,1416063,0,0.0,0
1048832,0,0,1,1,0,0,0.0,1,0,3,2,70802,0,1416083,0,0.0,0
1048832,0,0,1,1,0,0,0.0,1,0,3,2,70803,0,1416103,0,0.0,0
1048832,0,0,1,1,0,0,0.0,1,0,3,2,70804,0,1416123,0,0.0,0
1048832,0,0,1,1,0,-3,0.0,1,0,3,2,70805,0,1416143,0,0.0,0
1048832,0,0,1,1,0,0,0.0,1,0,3,2,70806,0,1416163,0,0.0,0
1048832,0,0,1,1,0,0,0.0,1,0,3,2,70807,0,1416183,0,0.0,0
1048832,0,0,1,1,0,0,0.0,1,0,3,2,70808,0,1416203,0,0.0,0
1048832,0,0,1,1,0,0,0.0,1,0,3,2,70809,0,1416223,0,0.0,0
1048832,0,0,1,1,0,0,0.0,1,0,3,2,70810,0,1416243,0,0.0,0
1048832,0,0,1,1,0,0,0.0,1,0,3,2,70811,0,1416263,0,0.0,0
1048832,0,0,1,1,0,0,0.0,1,0,3,2,70812,0,1416283,0,0.0,0
1048832,0,0,1,1,0,0,0.0,1,0,3,2,70813,0,1416303,0,0.0,0
1048832,0,0,1,1,0,-3,0.0,1,0,3,2,70814,0,1416323,0,0.0,0
1048832,0,0,1,1,0,0,0.0,1,0,3,2,70815,0,1416343,0,0.0,0
1048832,0,0,1,1,0,0,0.0,1,0,3,2,70816,0,1416363,0,0.0,0
1048832,0,0,1,1,0,-3,0.0,1,0,3,2,70817,0,1416383,0,0.0,0
1048832,0,0,1,1,0,0,0.0,1,0,3,2,70818,0,1416403,0,0.0,0
1048832,0,0,1,1,0,-3,0.0,1,0,3,2,70819,0,1416423,0,0.0,0
1048832,0,0,1,1,0,0,0.0,1,0,3,2,70820,0,1416443,0,0.0,0
1048832,0,0,1,1,0,0,0.0,1,0,3,2,70821,0,1416463,0,0.0,0
1048832,0,0,1,1,0,0,0.0,1,0,3,2,70822,0,1416483,0,0.0,0
1048832,0,0,1,1,0,0,0.0,1,0,3,2,70823,0,1416503,0,0.0,0
1048832,0,0,1,1,0,0,0.0,1,0,3,2,70824,0,1416523,0,0.0,0
1048832,0,0,1,1,0,0,0.0,1,0,3,2,70825,0,1416543,0,0.0,0
1048832,0,0,1,1,0,0,0.0,1,0,3,2,70826,0,1416563,0,0.0,0
1048832,0,0,1,1,0,0,0.0,1,0,3,2,70827,0,1416583,0,0.0,0
1048832,0,0,1,1,0,0,0.0,1,0,3,2,70828,0,1416603,0,0.0,0
1048832,0,0,1,1,0,0,0.0,1,0,3,2,70829,0,1416623,0,0.0,0
1048832,0,0,1,1,0,-3,0.0,1,0,3,2,70830,0,1416643,0,0.0,0
1048832,0,0,1,1,0,-7,0.0,1,0,3,2,70831,0,1416663,0,0.0,0
1048832,0,0,1,1,0,-3,0.0,1,0,3,2,70832,0,1416683,0,0.0,0
1048832,0,0,1,1,0,0,0.0,1,0,3,2,70833,0,1416703,0,0.0,0
1048832,0,0,1,1,0,0,0.0,1,0,3,2,70834,0,1416723,0,0.0,0
1048832,0,0,1,1,0,0,0.0,1,0,3,2,70835,0,1416743,0,0.0,0
1048832,0,0,1,1,0,-3,0.0,1,0,3,2,70836,0,1416763,0,0.0,0
1048832,0,0,1,1,0,0,0.0,1,0,3,2,70837,0,1416783,0,0.0,0
1048832,0,0,1,1,0,-5,0.0,1,0,3,2,70838,0,1416803,0,0.0,0
1048832,0,0,1,1,0,0,0.0,1,0,3,2,70839,0,1416823,0,0.0,0
1048832,0,0,1,1,0,0,0.0,1,0,3,2,70840,0,1416843,0,0.0,0
1048832,0,0,1,1,0,0,0.0,1,0,3,2,70841,0,1416863,0,0.0,0
1048832,0,0,1,1,0,-3,0.0,1,0,3,2,70842,0,1416883,0,0.0,0
1048832,0,0,1,1,0,0,0.0,1,0,3,2,70843,0,1416903,0,0.0,0
1048832,0,0,1,1,0,-3,0.0,1,0,3,2,70844,0,1416923,0,0.0,0
1048832,0,0,1,1,0,0,0.0,1,0,3,2,70845,0,1416943,0,0.0,0
1048832,0,0,1,1,0,-3,0.0,1,0,3,2,70846,0,1416963,0,0.0,0
1048832,0,0,1,1,0,0,0.0,1,0,3,2,70847,0,1416983,0,0.0,0
1048832,0,0,1,1,0,-3,0.0,1,0,3,2,70848,0,1417003,0,0.0,0
1048832,0,0,1,1,0,0,0.0,1,0,3,2,70849,0,1417023,0,0.0,0
1048832,0,0,1,1,0,-3,0.0,1,0,3,2,70850,0,1417043,0,0.0,0
1048832,0,0,1,1,0,0,0.0,1,0,3,2,70851,0,1417063,0,0.0,0
1048832,0,0,1,1,0,0,0.0,1,0,3,2,70852,0,1417083,0,0.0,0
1048832,0,0,1,1,0,-3,0.0,1,0,3,2,70853,0,1417103,0,0.0,0
1048832,0,0,1,1,0,-3,0.0,1,0,3,2,70854,0,1417123,0,0.0,0
1048832,0,0,1,1,0,0,0.0,1,0,3,2,70855,0,1417143,0,0.0,0
1048832,0,0,1,1,0,0,0.0,1,0,3,2,70856,0,1417163,0,0.0,0
1048832,0,0,1,1,0,0,0.0,1,0,3,2,70857,0,1417183,0,0.0,0
1048832,0,0,1,1,0,-3,0.0,1,0,3,2,70858,0,1417203,0,0.0,0
1048832,0,0,1,1,0,0,0.0,1,0,3,2,70859,0,1417223,0,0.0,0
1048832,0,0,1,1,0,0,0.0,1,0,3,2,70860,0,1417243,0,0.0,0
1048832,0,0,1,1,0,0,0.0,1,0,3,2,70861,0,1417263,0,0.0,0
1048832,0,0,1,1,0,-3,0.0,1,0,3,2,70862,0,1417283,0,0.0,0
1048832,0,0,1,1,0,0,0.0,1,0,3,2,70863,0,1417303,0,0.0,0
1048832,0,0,1,1,0,0,0.0,1,0,3,2,70864,0,1417323,0,0.0,0
1048832,0,0,1,1,0,0,0.0,1,0,3,2,70865,0,1417343,0,0.0,0
1048832,0,0,1,1,0,-3,0.0,1,0,3,2,70866,0,1417363,0,0.0,0
1048832,0,0,1,1,0,0,0.0,1,0,3,2,70867,0,1417383,0,0.0,0
1048832,0,0,1,1,0,0,0.0,1,0,3,2,70868,0,1417403,0,0.0,0
1048832,0,0,1,1,0,0,0.0,1,0,3,2,70869,0,1417423,0,0.0,0
1048832,0,0,1,1,0,-9,0.0,1,0,3,2,70870,0,1417443,0,0.0,0
1048832,0,0,1,1,0,0,0.0,1,0,3,2,70871,0,1417463,0,0.0,0
1048832,0,0,1,1,0,-3,0.0,1,0,3,2,70872,0,1417483,0,0.0,0
1048832,0,0,1,1,0,0,0.0,1,0,3,2,70873,0,1417503,0,0.0,0
1048832,0,0,1,1,0,0,0.0,1,0,3,2,70874,0,1417523,0,0.0,0
1048832,0,0,1,1,0,0,0.0,1,0,3,2,70875,0,1417543,0,0.0,0
1048832,0,0,1,1,0,-5,0.0,1,0,3,2,70876,0,1417563,0,0.0,0
1048832,0,0,1,1,0,0,0.0,1,0,3,2,70877,0,1417583,0,0.0,0
1048832,0,0,1,1,0,-3,0.0,1,0,3,2,70878,0,1417603,0,0.0,0
1048832,0,0,1,1,0,0,0.0,1,0,3,2,70879,0,1417623,0,0.0,0
1048832,0,0,1,1,0,-3,0.0,1,0,3,2,70880,0,1417643,0,0.0,0
1048832,0,0,1,1,0,0,0.0,1,0,3,2,70881,0,1417663,0,0.0,0
1048832,0,0,1,1,0,0,0.0,1,0,3,2,70882,0,1417683,0,0.0,0
1048832,0,0,1,1,0,0,0.0,1,0,3,2,70883,0,1417703,0,0.0,0
1048832,0,0,1,1,0,2,0.0,1,0,3,2,70884,0,1417723,0,0.0,0
1048832,0,0,1,1,0,0,0.0,1,0,3,2,70885,0,1417743,0,0.0,0
1048832,0,0,1,1,0,0,0.0,1,0,3,2,70886,0,1417763,0,0.0,0
1048832,0,0,1,1,0,0,0.0,1,0,3,2,70887,0,1417783,0,0.0,0
1048832,0,0,1,1,0,0,0.0,1,0,3,2,70888,0,1417803,0,0.0,0
1048832,0,0,1,1,0,0,0.0,1,0,3,2,70889,0,1417823,0,0.0,0
1048832,0,0,1,1,0,-3,0.0,1,0,3,2,70890,0,1417843,0,0.0,0
1048832,0,0,1,1,0,-5,0.0,1,0,3,2,70891,0,1417863,0,0.0,0
1048832,0,0,1,1,0,0,0.0,1,0,3,2,70892,0,1417883,0,0.0,0
1048832,0,0,1,1,0,0,0.0,1,0,3,2,70893,0,1417903,0,0.0,0
1048832,0,0,1,1,0,-5,0.0,1,0,3,2,70894,0,1417923,0,0.0,0
1048832,0,0,1,1,0,0,0.0,1,0,3,2,70895,0,1417943,0,0.0,0
1048832,0,0,1,1,0,0,0.0,1,0,3,2,70896,0,1417963,0,0.0,0
1048832,0,0,1,1,0,0,0.0,1,0,3,2,70897,0,1417983,0,0.0,0
1048832,0,0,1,1,0,0,0.0,1,0,3,2,70898,0,1418003,0,0.0,0
1048832,0,0,1,1,0,0,0.0,1,0,3,2,70899,0,1418023,0,0.0,0
1048832,0,0,1,1,0,0,0.0,1,0,3,2,70900,0,1418043,0,0.0,0
1048832,0,0,1,1,0,-5,0.0,1,0,3,2,70901,0,1418063,0,0.0,0
1048832,0,0,1,1,0,-3,0.0,1,0,3,2,70902,0,1418083,0,0.0,0
1048832,0,0,1,1,0,0,0.0,1,0,3,2,70903,0,1418103,0,0.0,0
1048832,0,0,1,1,0,0,0.0,1,0,3,2,70904,0,1418123,0,0.0,0
1048832,0,0,1,1,0,-3,0.0,1,0,3,2,70905,0,1418143,0,0.0,0
1048832,0,0,1,1,0,0,0.0,1,0,3,2,70906,0,1418163,0,0.0,0
1048832,0,0,1,1,0,0,0.0,1,0,3,2,70907,0,1418183,0,0.0,0
1048832,0,0,1,1,0,-5,0.0,1,0,3,2,70908,0,1418203,0,0.0,0
1048832,0,0,1,1,0,0,0.0,1,0,3,2,70909,0,1418223,0,0.0,0
1048832,0,0,1,1,0,-3,0.0,1,0,3,2,70910,0,1418243,0,0.0,0
1048832,0,0,1,1,0,0,0.0,1,0,3,2,70911,0,1418263,0,0.0,0
1310976,0,1,1,1,0,0,0.0,1,0,3,2,70912,0,1418283,0,0.0,0
1310976,0,1,1,1,0,0,0.0,1,0,3,2,70913,0,1418303,0,0.0,0
1310976,0,1,1,1,0,0,0.0,1,0,3,2,70914,0,1418323,0,0.0,0
1310976,0,1,1,1,0,0,0.0,1,0,3,2,70915,0,1418343,0,0.0,0
1310976,0,1,1,1,0,0,0.0,1,0,3,2,70916,0,1418363,0,0.0,0
1310976,0,1,1,1,0,0,0.0,1,0,3,2,70917,0,1418383,0,0.0,0
1310976,0,1,1,1,0,-3,0.0,1,0,3,2,70918,0,1418403,0,0.0,0
1310976,0,1,1,1,0,-3,0.0,1,0,3,2,70919,0,1418423,0,0.0,0
1310976,0,1,1,1,0,0,0.0,1,0,3,2,70920,0,1418443,0,0.0,0
1310976,0,1,1,1,0,0,0.0,1,0,3,2,70921,0,1418463,0,0.0,0
1310976,0,1,1,1,0,-3,0.0,1,0,3,2,70922,0,1418483,0,0.0,0
1310976,0,1,1,1,0,-3,0.0,1,0,3,2,70923,0,1418503,0,0.0,0
1310976,0,1,1,1,0,0,0.0,1,0,3,2,70924,0,1418523,0,0.0,0
1310976,0,1,1,1,0,-3,0.0,1,0,3,2,70925,0,1418543,0,0.0,0
1310976,0,1,1,1,0,0,0.0,1,0,3,2,70926,0,1418563,0,0.0,0
1310976,0,1,1,1,0,0,0.0,1,0,3,2,70927,0,1418583,0,0.0,0
1310976,0,1,1,1,0,0,0.0,1,0,3,2,70928,0,1418603,0,0.0,0
1310976,0,1,1,1,0,0,0.0,1,0,3,2,70929,0,1418623,0,0.0,0
1310976,0,1,1,1,0,-3,0.0,1,0,3,2,70930,0,1418643,0,0.0,0
1310976,0,1,1,1,0,0,0.0,1,0,3,2,70931,0,1418663,0,0.0,0
1310976,0,1,1,1,0,-3,0.0,1,0,3,2,70932,0,1418683,0,0.0,0
1310976,0,1,1,1,0,0,0.0,1,0,3,2,70933,0,1418703,0,0.0,0
1310976,0,1,1,1,0,0,0.0,1,0,3,2,70934,0,1418723,0,0.0,0
1310976,0,1,1,1,0,0,0.0,1,0,3,2,70935,0,1418743,0,0.0,0
1310976,0,1,1,1,0,-3,0.0,1,0,3,2,70936,0,1418763,0,0.0,0
1310976,0,1,1,1,0,0,0.0,1,0,3,2,70937,0,1418783,0,0.0,0
1310976,0,1,1,1,0,0,0.0,1,0,3,2,70938,0,1418803,0,0.0,0
1310976,0,1,1,1,0,-3,0.0,1,0,3,2,70939,0,1418823,0,0.0,0
1310976,0,1,1,1,0,0,0.0,1,0,3,2,70940,0,1418843,0,0.0,0
1310976,0,1,1,1,0,0,0.0,1,0,3,2,70941,0,1418863,0,0.0,0
1310976,0,1,1,1,0,-3,0.0,1,0,3,2,70942,0,1418883,0,0.0,0
1310976,0,1,1,1,0,0,0.0,1,0,3,2,70943,0,1418903,0,0.0,0
1310976,0,1,1,1,0,0,0.0,1,0,3,2,70944,0,1418923,0,0.0,0
1310976,0,1,1,1,0,0,0.0,1,0,3,2,70945,0,1418943,0,0.0,0
1310976,0,1,1,1,0,0,0.0,1,0,3,2,70946,0,1418963,0,0.0,0
1310976,0,1,1,1,0,0,0.0,1,0,3,2,70947,0,1418983,0,0.0,0
1310976,0,1,1,1,0,0,0.0,1,0,3,2,70948,0,1419003,0,0.0,0
1310976,0,1,1,1,0,0,0.0,1,0,3,2,70949,0,1419023,0,0.0,0
1310976,0,1,1,1,0,0,0.0,1,0,3,2,70950,0,1419043,0,0.0,0
1310976,0,1,1,1,0,0,0.0,1,0,3,2,70951,0,1419063,0,0.0,0
1310976,0,1,1,1,0,0,0.0,1,0,3,2,70952,0,1419083,0,0.0,0
1310976,0,1,1,1,0,0,0.0,1,0,3,2,70953,0,1419103,0,0.0,0
1310976,0,1,1,1,0,0,0.0,1,0,3,2,70954,0,1419123,0,0.0,0
1310976,0,1,1,1,0,0,0.0,1,0,3,2,70955,0,1419143,0,0.0,0
1310976,0,1,1,1,0,-5,0.0,1,0,3,2,70956,0,1419163,0,0.0,0
1310976,0,1,1,1,0,0,0.0,1,0,3,2,70957,0,1419183,0,0.0,0
1310976,0,1,1,1,0,0,0.0,1,0,3,2,70958,0,1419203,0,0.0,0
1310976,0,1,1,1,0,-3,0.0,1,0,3,2,70959,0,1419223,0,0.0,0
1048832,0,0,1,1,0,-3,0.0,1,0,3,2,70960,0,1419243,0,0.0,0
1048832,0,0,1,1,0,-3,0.0,1,0,3,2,70961,0,1419263,0,0.0,0
1048832,0,0,1,1,0,0,0.0,1,0,3,2,70962,0,1419283,0,0.0,0
1048832,0,0,1,1,0,0,0.0,1,0,3,2,70963,0,1419303,0,0.0,0
1048832,0,0,1,1,0,0,0.0,1,0,3,2,70964,0,1419323,0,0.0,0
1048832,0,0,1,1,0,0,0.0,1,0,3,2,70965,0,1419343,0,0.0,0
1048832,0,0,1,1,0,0,0.0,1,0,3,2,70966,0,1419363,0,0.0,0
1048832,0,0,1,1,0,0,0.0,1,0,3,2,70967,0,1419383,0,0.0,0
1048832,0,0,1,1,0,0,0.0,1,0,3,2,70968,0,1419403,0,0.0,0
1048832,0,0,1,1,0,0,0.0,1,0,3,2,70969,0,1419423,0,0.0,0
1048832,0,0,1,1,0,0,0.0,1,0,3,2,70970,0,1419443,0,0.0,0
1048832,0,0,1,1,0,-3,0.0,1,0,3,2,70971,0,1419463,0,0.0,0
1048832,0,0,1,1,0,0,0.0,1,0,3,2,70972,0,1419483,0,0.0,0
1048832,0,0,1,1,0,0,0.0,1,0,3,2,70973,0,1419503,0,0.0,0
1048832,0,0,1,1,0,-3,0.0,1,0,3,2,70974,0,1419523,0,0.0,0
1048832,0,0,1,1,0,0,0.0,1,0,3,2,70975,0,1419543,0,0.0,0
1048832,0,0,1,1,0,0,0.0,1,0,3,2,70976,0,1419563,0,0.0,0
1048832,0,0,1,1,0,0,0.0,1,0,3,2,70977,0,1419583,0,0.0,0
1048832,0,0,1,1,0,-3,0.0,1,0,3,2,70978,0,1419603,0,0.0,0
1048832,0,0,1,1,0,0,0.0,1,0,3,2,70979,0,1419623,0,0.0,0
1048832,0,0,1,1,0,0,0.0,1,0,3,2,70980,0,1419643,0,0.0,0
1048832,0,0,1,1,0,0,0.0,1,0,3,2,70981,0,1419663,0,0.0,0
1048832,0,0,1,1,0,-3,0.0,1,0,3,2,70982,0,1419683,0,0.0,0
1048832,0,0,1,1,0,0,0.0,1,0,3,2,70983,0,1419703,0,0.0,0
1048832,0,0,1,1,0,0,0.0,1,0,3,2,70984,0,1419723,0,0.0,0
1048832,0,0,1,1,0,0,0.0,1,0,3,2,70985,0,1419743,0,0.0,0
1048832,0,0,1,1,0,-3,0.0,1,0,3,2,70986,0,1419763,0,0.0,0
1048832,0,0,1,1,0,0,0.0,1,0,3,2,70987,0,1419783,0,0.0,0
1048832,0,0,1,1,0,0,0.0,1,0,3,2,70988,0,1419803,0,0.0,0
1048832,0,0,1,1,0,2,0.0,1,0,3,2,70989,0,1419823,0,0.0,0
1048832,0,0,1,1,0,0,0.0,1,0,3,2,70990,0,1419843,0,0.0,0
1048832,0,0,1,1,0,0,0.0,1,0,3,2,70991,0,1419863,0,0.0,0
1048832,0,0,1,1,0,-3,0.0,1,0,3,2,70992,0,1419883,0,0.0,0
1048832,0,0,1,1,0,0,0.0,1,0,3,2,70993,0,1419903,0,0.0,0
1048832,0,0,1,1,0,-5,0.0,1,0,3,2,70994,0,1419923,0,0.0,0
1048832,0,0,1,1,0,0,0.0,1,0,3,2,70995,0,1419943,0,0.0,0
1048832,0,0,1,1,0,-3,0.0,1,0,3,2,70996,0,1419963,0,0.0,0
1048832,0,0,1,1,0,0,0.0,1,0,3,2,70997,0,1419983,0,0.0,0
1048832,0,0,1,1,0,0,0.0,1,0,3,2,70998,0,1420003,0,0.0,0
1048832,0,0,1,1,0,0,0.0,1,0,3,2,70999,0,1420023,0,0.0,0
1048832,0,0,1,1,0,0,0.0,1,0,3,2,71000,0,1420043,0,0.0,0
1048832,0,0,1,1,0,0,0.0,1,0,3,2,71001,0,1420063,0,0.0,0
1048832,0,0,1,1,0,-3,0.0,1,0,3,2,71002,0,1420083,0,0.0,0
1048832,0,0,1,1,0,0,0.0,1,0,3,2,71003,0,1420103,0,0.0,0
1048832,0,0,1,1,0,-3,0.0,1,0,3,2,71004,0,1420123,0,0.0,0
1048832,0,0,1,1,0,0,0.0,1,0,3,2,71005,0,1420143,0,0.0,0
1048832,0,0,1,1,0,0,0.0,1,0,3,2,71006,0,1420163,0,0.0,0
1048832,0,0,1,1,0,-7,0.0,1,0,3,2,71007,0,1420183,0,0.0,0
1048832,0,0,1,1,0,0,0.0,1,0,3,2,71008,0,1420203,0,0.0,0
1048832,0,0,1,1,0,0,0.0,1,0,3,2,71009,0,1420223,0,0.0,0
1048832,0,0,1,1,0,0,0.0,1,0,3,2,71010,0,1420243,0,0.0,0
1048832,0,0,1,1,0,-3,0.0,1,0,3,2,71011,0,1420263,0,0.0,0
1048832,0,0,1,1,0,0,0.0,1,0,3,2,71012,0,1420283,0,0.0,0
1048832,0,0,1,1,0,0,0.0,1,0,3,2,71013,0,1420303,0,0.0,0
1048832,0,0,1,1,0,0,0.0,1,0,3,2,71014,0,1420323,0,0.0,0
1048832,0,0,1,1,0,0,0.0,1,0,3,2,71015,0,1420343,0,0.0,0
1048832,0,0,1,1,0,-3,0.0,1,0,3,2,71016,0,1420363,0,0.0,0
1048832,0,0,1,1,0,0,0.0,1,0,3,2,71017,0,1420383,0,0.0,0
1048832,0,0,1,1,0,0,0.0,1,0,3,2,71018,0,1420403,0,0.0,0
1048832,0,0,1,1,0,-3,0.0,1,0,3,2,71019,0,1420423,0,0.0,0
1048832,0,0,1,1,0,0,0.0,1,0,3,2,71020,0,1420443,0,0.0,0
1048832,0,0,1,1,0,0,0.0,1,0,3,2,71021,0,1420463,0,0.0,0
1048832,0,0,1,1,0,0,0.0,1,0,3,2,71022,0,1420483,0,0.0,0
1048832,0,0,1,1,0,-3,0.0,1,0,3,2,71023,0,1420503,0,0.0,0
1048832,0,0,1,1,0,4,0.0,1,0,3,2,71024,0,1420523,0,0.0,0
1048832,0,0,1,1,0,-3,0.0,1,0,3,2,71025,0,1420543,0,0.0,0
1048832,0,0,1,1,0,2,0.0,1,0,3,2,71026,0,1420563,0,0.0,0
1048832,0,0,1,1,0,-5,0.0,1,0,3,2,71027,0,1420583,0,0.0,0
1048832,0,0,1,1,0,-3,0.0,1,0,3,2,71028,0,1420603,0,0.0,0
1048832,0,0,1,1,0,0,0.0,1,0,3,2,71029,0,1420623,0,0.0,0
1048832,0,0,1,1,0,0,0.0,1,0,3,2,71030,0,1420643,0,0.0,0
1048832,0,0,1,1,0,0,0.0,1,0,3,2,71031,0,1420663,0,0.0,0
1048832,0,0,1,1,0,-3,0.0,1,0,3,2,71032,0,1420683,0,0.0,0
1048832,0,0,1,1,0,0,0.0,1,0,3,2,71033,0,1420703,0,0.0,0
1048832,0,0,1,1,0,0,0.0,1,0,3,2,71034,0,1420723,0,0.0,0
1048832,0,0,1,1,0,0,0.0,1,0,3,2,71035,0,1420743,0,0.0,0
1048832,0,0,1,1,0,0,0.0,1,0,3,2,71036,0,1420763,0,0.0,0
1048832,0,0,1,1,0,0,0.0,1,0,3,2,71037,0,1420783,0,0.0,0
1048832,0,0,1,1,0,2,0.0,1,0,3,2,71038,0,1420803,0,0.0,0
1048832,0,0,1,1,0,-5,0.0,1,0,3,2,71039,0,1420823,0,0.0,0
1048832,0,0,1,1,0,0,0.0,1,0,3,2,71040,0,1420843,0,0.0,0
1048832,0,0,1,1,0,0,0.0,1,0,3,2,71041,0,1420863,0,0.0,0
1048832,0,0,1,1,0,-3,0.0,1,0,3,2,71042,0,1420883,0,0.0,0
1048832,0,0,1,1,0,-3,0.0,1,0,3,2,71043,0,1420903,0,0.0,0
1048832,0,0,1,1,0,0,0.0,1,0,3,2,71044,0,1420923,0,0.0,0
1048832,0,0,1,1,0,-3,0.0,1,0,3,2,71045,0,1420943,0,0.0,0
1048832,0,0,1,1,0,0,0.0,1,0,3,2,71046,0,1420963,0,0.0,0
1048832,0,0,1,1,0,-3,0.0,1,0,3,2,71047,0,1420983,0,0.0,0
1048832,0,0,1,1,0,0,0.0,1,0,3,2,71048,0,1421003,0,0.0,0
1048832,0,0,1,1,0,0,0.0,1,0,3,2,71049,0,1421023,0,0.0,0
1048832,0,0,1,1,0,0,0.0,1,0,3,2,71050,0,1421043,0,0.0,0
1048832,0,0,1,1,0,0,0.0,1,0,3,2,71051,0,1421063,0,0.0,0
1048832,0,0,1,1,0,0,0.0,1,0,3,2,71052,0,1421083,0,0.0,0
1048832,0,0,1,1,0,-3,0.0,1,0,3,2,71053,0,1421103,0,0.0,0
1048832,0,0,1,1,0,0,0.0,1,0,3,2,71054,0,1421123,0,0.0,0
1048832,0,0,1,1,0,-3,0.0,1,0,3,2,71055,0,1421143,0,0.0,0
1048832,0,0,1,1,0,-3,0.0,1,0,3,2,71056,0,1421163,0,0.0,0
1048832,0,0,1,1,0,0,0.0,1,0,3,2,71057,0,1421183,0,0.0,0
1048832,0,0,1,1,0,0,0.0,1,0,3,2,71058,0,1421203,0,0.0,0
1048832,0,0,1,1,0,0,0.0,1,0,3,2,71059,0,1421223,0,0.0,0
1048832,0,0,1,1,0,0,0.0,1,0,3,2,71060,0,1421243,0,0.0,0
1048832,0,0,1,1,0,0,0.0,1,0,3,2,71061,0,1421263,0,0.0,0
1048832,0,0,1,1,0,0,0.0,1,0,3,2,71062,0,1421283,0,0.0,0
1048832,0,0,1,1,0,-3,0.0,1,0,3,2,71063,0,1421303,0,0.0,0
1048832,0,0,1,1,0,0,0.0,1,0,3,2,71064,0,1421323,0,0.0,0
1048832,0,0,1,1,0,0,0.0,1,0,3,2,71065,0,1421343,0,0.0,0
1048832,0,0,1,1,0,0,0.0,1,0,3,2,71066,0,1421363,0,0.0,0
1048832,0,0,1,1,0,0,0.0,1,0,3,2,71067,0,1421383,0,0.0,0
1048832,0,0,1,1,0,0,0.0,1,0,3,2,71068,0,1421403,0,0.0,0
1048832,0,0,1,1,0,0,0.0,1,0,3,2,71069,0,1421423,0,0.0,0
1048832,0,0,1,1,0,0,0.0,1,0,3,2,71070,0,1421443,0,0.0,0
1048832,0,0,1,1,0,0,0.0,1,0,3,2,71071,0,1421463,0,0.0,0
1048832,0,0,1,1,0,-3,0.0,1,0,3,2,71072,0,1421483,0,0.0,0
1048832,0,0,1,1,0,0,0.0,1,0,3,2,71073,0,1421503,0,0.0,0
1048832,0,0,1,1,0,0,0.0,1,0,3,2,71074,0,1421523,0,0.0,0
1048832,0,0,1,1,0,-5,0.0,1,0,3,2,71075,0,1421543,0,0.0,0
1048832,0,0,1,1,0,0,0.0,1,0,3,2,71076,0,1421563,0,0.0,0
1048832,0,0,1,1,0,0,0.0,1,0,3,2,71077,0,1421583,0,0.0,0
1048832,0,0,1,1,0,0,0.0,1,0,3,2,71078,0,1421603,0,0.0,0
1048832,0,0,1,1,0,0,0.0,1,0,3,2,71079,0,1421623,0,0.0,0
1048832,0,0,1,1,0,0,0.0,1,0,3,2,71080,0,1421643,0,0.0,0
1048832,0,0,1,1,0,-3,0.0,1,0,3,2,71081,0,1421663,0,0.0,0
1048832,0,0,1,1,0,0,0.0,1,0,3,2,71082,0,1421683,0,0.0,0
1048832,0,0,1,1,0,2,0.0,1,0,3,2,71083,0,1421703,0,0.0,0
1048832,0,0,1,1,0,0,0.0,1,0,3,2,71084,0,1421723,0,0.0,0
1048832,0,0,1,1,0,-3,0.0,1,0,3,2,71085,0,1421743,0,0.0,0
1048832,0,0,1,1,0,0,0.0,1,0,3,2,71086,0,1421763,0,0.0,0
1048832,0,0,1,1,0,0,0.0,1,0,3,2,71087,0,1421783,0,0.0,0
1048832,0,0,1,1,0,0,0.0,1,0,3,2,71088,0,1421803,0,0.0,0
1048832,0,0,1,1,0,-3,0.0,1,0,3,2,71089,0,1421823,0,0.0,0
1048832,0,0,1,1,0,0,0.0,1,0,3,2,71090,0,1421843,0,0.0,0
1048832,0,0,1,1,0,-3,0.0,1,0,3,2,71091,0,1421863,0,0.0,0
1048832,0,0,1,1,0,0,0.0,1,0,3,2,71092,0,1421883,0,0.0,0
1048832,0,0,1,1,0,-3,0.0,1,0,3,2,71093,0,1421903,0,0.0,0
1048832,0,0,1,1,0,0,0.0,1,0,3,2,71094,0,1421923,0,0.0,0
1048832,0,0,1,1,0,-3,0.0,1,0,3,2,71095,0,1421943,0,0.0,0
1048832,0,0,1,1,0,-3,0.0,1,0,3,2,71096,0,1421963,0,0.0,0
1048832,0,0,1,1,0,-3,0.0,1,0,3,2,71097,0,1421983,0,0.0,0
1048832,0,0,1,1,0,-3,0.0,1,0,3,2,71098,0,1422003,0,0.0,0
1048832,0,0,1,1,0,-3,0.0,1,0,3,2,71099,0,1422023,0,0.0,0
1048832,0,0,1,1,0,2,0.0,1,0,3,2,71100,0,1422043,0,0.0,0
1048832,0,0,1,1,0,0,0.0,1,0,3,2,71101,0,1422063,0,0.0,0
1048832,0,0,1,1,0,0,0.0,1,0,3,2,71102,0,1422083,0,0.0,0
1048832,0,0,1,1,0,-3,0.0,1,0,3,2,71103,0,1422103,0,0.0,0
1048832,0,0,1,1,0,0,0.0,1,0,3,2,71104,0,1422123,0,0.0,0
1048832,0,0,1,1,0,-3,0.0,1,0,3,2,71105,0,1422143,0,0.0,0
1048832,0,0,1,1,0,0,0.0,1,0,3,2,71106,0,1422163,0,0.0,0
1048832,0,0,1,1,0,0,0.0,1,0,3,2,71107,0,1422183,0,0.0,0
1048832,0,0,1,1,0,2,0.0,1,0,3,2,71108,0,1422203,0,0.0,0
1048832,0,0,1,1,0,-7,0.0,1,0,3,2,71109,0,1422223,0,0.0,0
1048832,0,0,1,1,0,0,0.0,1,0,3,2,71110,0,1422243,0,0.0,0
1048832,0,0,1,1,0,-3,0.0,1,0,3,2,71111,0,1422263,0,0.0,0
1048832,0,0,1,1,0,0,0.0,1,0,3,2,71112,0,1422283,0,0.0,0
1048832,0,0,1,1,0,0,0.0,1,0,3,2,71113,0,1422303,0,0.0,0
1048832,0,0,1,1,0,0,0.0,1,0,3,2,71114,0,1422323,0,0.0,0
1048832,0,0,1,1,0,-3,0.0,1,0,3,2,71115,0,1422343,0,0.0,0
1048832,0,0,1,1,0,0,0.0,1,0,3,2,71116,0,1422363,0,0.0,0
1048832,0,0,1,1,0,-3,0.0,1,0,3,2,71117,0,1422383,0,0.0,0
1048832,0,0,1,1,0,2,0.0,1,0,3,2,71118,0,1422403,0,0.0,0
1048832,0,0,1,1,0,-3,0.0,1,0,3,2,71119,0,1422423,0,0.0,0
1048832,0,0,1,1,0,2,0.0,1,0,3,2,71120,0,1422443,0,0.0,0
1048832,0,0,1,1,0,-3,0.0,1,0,3,2,71121,0,1422463,0,0.0,0
1048832,0,0,1,1,0,0,0.0,1,0,3,2,71122,0,1422483,0,0.0,0
1048832,0,0,1,1,0,-3,0.0,1,0,3,2,71123,0,1422503,0,0.0,0
1048832,0,0,1,1,0,0,0.0,1,0,3,2,71124,0,1422523,0,0.0,0
1048832,0,0,1,1,0,0,0.0,1,0,3,2,71125,0,1422543,0,0.0,0
1048832,0,0,1,1,0,0,0.0,1,0,3,2,71126,0,1422563,0,0.0,0
1048832,0,0,1,1,0,0,0.0,1,0,3,2,71127,0,1422583,0,0.0,0
1048832,0,0,1,1,0,0,0.0,1,0,3,2,71128,0,1422603,0,0.0,0
1048832,0,0,1,1,0,0,0.0,1,0,3,2,71129,0,1422623,0,0.0,0
1048832,0,0,1,1,0,0,0.0,1,0,3,2,71130,0,1422643,0,0.0,0
1048832,0,0,1,1,0,-3,0.0,1,0,3,2,71131,0,1422663,0,0.0,0
1048832,0,0,1,1,0,0,0.0,1,0,3,2,71132,0,1422683,0,0.0,0
1048832,0,0,1,1,0,-3,0.0,1,0,3,2,71133,0,1422703,0,0.0,0
1048832,0,0,1,1,0,0,0.0,1,0,3,2,71134,0,1422723,0,0.0,0
1048832,0,0,1,1,0,0,0.0,1,0,3,2,71135,0,1422743,0,0.0,0
1048832,0,0,1,1,0,0,0.0,1,0,3,2,71136,0,1422763,0,0.0,0
1048832,0,0,1,1,0,0,0.0,1,0,3,2,71137,0,1422783,0,0.0,0
1048832,0,0,1,1,0,0,0.0,1,0,3,2,71138,0,1422803,0,0.0,0
1048832,0,0,1,1,0,-3,0.0,1,0,3,2,71139,0,1422823,0,0.0,0
1048832,0,0,1,1,0,0,0.0,1,0,3,2,71140,0,1422843,0,0.0,0
1048832,0,0,1,1,0,0,0.0,1,0,3,2,71141,0,1422863,0,0.0,0
1048832,0,0,1,1,0,0,0.0,1,0,3,2,71142,0,1422883,0,0.0,0
1048832,0,0,1,1,0,0,0.0,1,0,3,2,71143,0,1422903,0,0.0,0
1048832,0,0,1,1,0,0,0.0,1,0,3,2,71144,0,1422923,0,0.0,0
1048832,0,0,1,1,0,0,0.0,1,0,3,2,71145,0,1422943,0,0.0,0
1048832,0,0,1,1,0,0,0.0,1,0,3,2,71146,0,1422963,0,0.0,0
1048832,0,0,1,1,0,0,0.0,1,0,3,2,71147,0,1422983,0,0.0,0
1048832,0,0,1,1,0,0,0.0,1,0,3,2,71148,0,1423003,0,0.0,0
1048832,0,0,1,1,0,-3,0.0,1,0,3,2,71149,0,1423023,0,0.0,0
1048832,0,0,1,1,0,0,0.0,1,0,3,2,71150,0,1423043,0,0.0,0
1048832,0,0,1,1,0,0,0.0,1,0,3,2,71151,0,1423063,0,0.0,0
1048832,0,0,1,1,0,-3,0.0,1,0,3,2,71152,0,1423083,0,0.0,0
1048832,0,0,1,1,0,0,0.0,1,0,3,2,71153,0,1423103,0,0.0,0
1048832,0,0,1,1,0,0,0.0,1,0,3,2,71154,0,1423123,0,0.0,0
1048832,0,0,1,1,0,0,0.0,1,0,3,2,71155,0,1423143,0,0.0,0
1048832,0,0,1,1,0,-3,0.0,1,0,3,2,71156,0,1423163,0,0.0,0
1048832,0,0,1,1,0,0,0.0,1,0,3,2,71157,0,1423183,0,0.0,0
1048832,0,0,1,1,0,0,0.0,1,0,3,2,71158,0,1423203,0,0.0,0
1048832,0,0,1,1,0,0,0.0,1,0,3,2,71159,0,1423223,0,0.0,0
1048832,0,0,1,1,0,0,0.0,1,0,3,2,71160,0,1423243,0,0.0,0
1048832,0,0,1,1,0,0,0.0,1,0,3,2,71161,0,1423263,0,0.0,0
1048832,0,0,1,1,0,0,0.0,1,0,3,2,71162,0,1423283,0,0.0,0
1048832,0,0,1,1,0,0,0.0,1,0,3,2,71163,0,1423303,0,0.0,0
1048832,0,0,1,1,0,-3,0.0,1,0,3,2,71164,0,1423323,0,0.0,0
1048832,0,0,1,1,0,0,0.0,1,0,3,2,71165,0,1423343,0,0.0,0
1048832,0,0,1,1,0,-7,0.0,1,0,3,2,71166,0,1423363,0,0.0,0
1048832,0,0,1,1,0,0,0.0,1,0,3,2,71167,0,1423383,0,0.0,0
1048832,0,0,1,1,0,0,0.0,1,0,3,2,71168,0,1423403,0,0.0,0
1048832,0,0,1,1,0,0,0.0,1,0,3,2,71169,0,1423423,0,0.0,0
1048832,0,0,1,1,0,-3,0.0,1,0,3,2,71170,0,1423443,0,0.0,0
1048832,0,0,1,1,0,0,0.0,1,0,3,2,71171,0,1423463,0,0.0,0
1048832,0,0,1,1,0,0,0.0,1,0,3,2,71172,0,1423483,0,0.0,0
1048832,0,0,1,1,0,2,0.0,1,0,3,2,71173,0,1423503,0,0.0,0
1048832,0,0,1,1,0,0,0.0,1,0,3,2,71174,0,1423523,0,0.0,0
1048832,0,0,1,1,0,0,0.0,1,0,3,2,71175,0,1423543,0,0.0,0
1048832,0,0,1,1,0,0,0.0,1,0,3,2,71176,0,1423563,0,0.0,0
1048832,0,0,1,1,0,0,0.0,1,0,3,2,71177,0,1423583,0,0.0,0
1048832,0,0,1,1,0,-3,0.0,1,0,3,2,71178,0,1423603,0,0.0,0
1048832,0,0,1,1,0,0,0.0,1,0,3,2,71179,0,1423623,0,0.0,0
1048832,0,0,1,1,0,0,0.0,1,0,3,2,71180,0,1423643,0,0.0,0
1048832,0,0,1,1,0,0,0.0,1,0,3,2,71181,0,1423663,0,0.0,0
1048832,0,0,1,1,0,0,0.0,1,0,3,2,71182,0,1423683,0,0.0,0
1048832,0,0,1,1,0,0,0.0,1,0,3,2,71183,0,1423703,0,0.0,0
1048832,0,0,1,1,0,0,0.0,1,0,3,2,71184,0,1423723,0,0.0,0
1048832,0,0,1,1,0,0,0.0,1,0,3,2,71185,0,1423743,0,0.0,0
1048832,0,0,1,1,0,0,0.0,1,0,3,2,71186,0,1423763,0,0.0,0
1048832,0,0,1,1,0,2,0.0,1,0,3,2,71187,0,1423783,0,0.0,0
1048832,0,0,1,1,0,0,0.0,1,0,3,2,71188,0,1423803,0,0.0,0
1048832,0,0,1,1,0,-3,0.0,1,0,3,2,71189,0,1423823,0,0.0,0
