event_bits,evt_dial_neg,evt_dial_pos,evt_s0_not_down,evt_vt03_online,fric1_rpm,fric2_rpm,fric_set,high_freq,rc_s0,rc_s1,seq,shoot_mode,tick_ms,trigger_cur,trigger_spd_set,vt03_toe
1048832,0,0,1,1,0,0,0.0,1,3,2,72976,0,1459563,0,0.0,0
1048832,0,0,1,1,0,0,0.0,1,3,2,72977,0,1459583,0,0.0,0
1048832,0,0,1,1,0,-3,0.0,1,3,2,72978,0,1459603,0,0.0,0
1048832,0,0,1,1,0,0,0.0,1,3,2,72979,0,1459623,0,0.0,0
1048832,0,0,1,1,0,-3,0.0,1,3,2,72980,0,1459643,0,0.0,0
1048832,0,0,1,1,0,0,0.0,1,3,2,72981,0,1459663,0,0.0,0
1048832,0,0,1,1,0,-3,0.0,1,3,2,72982,0,1459683,0,0.0,0
1048832,0,0,1,1,0,0,0.0,1,3,2,72983,0,1459703,0,0.0,0
1048832,0,0,1,1,0,0,0.0,1,3,2,72984,0,1459723,0,0.0,0
1048832,0,0,1,1,0,2,0.0,1,3,2,72985,0,1459743,0,0.0,0
1048832,0,0,1,1,0,0,0.0,1,3,2,72986,0,1459763,0,0.0,0
1048832,0,0,1,1,0,0,0.0,1,3,2,72987,0,1459783,0,0.0,0
1048832,0,0,1,1,0,0,0.0,1,3,2,72988,0,1459803,0,0.0,0
1048832,0,0,1,1,0,0,0.0,1,3,2,72989,0,1459823,0,0.0,0
1048832,0,0,1,1,0,0,0.0,1,3,2,72990,0,1459843,0,0.0,0
1048832,0,0,1,1,0,0,0.0,1,3,2,72991,0,1459863,0,0.0,0
1048832,0,0,1,1,0,0,0.0,1,3,2,72992,0,1459883,0,0.0,0
1048832,0,0,1,1,0,0,0.0,1,3,2,72993,0,1459903,0,0.0,0
1048832,0,0,1,1,0,0,0.0,1,3,2,72994,0,1459923,0,0.0,0
1048832,0,0,1,1,0,-3,0.0,1,3,2,72995,0,1459943,0,0.0,0
1048832,0,0,1,1,0,-3,0.0,1,3,2,72996,0,1459963,0,0.0,0
1048832,0,0,1,1,0,-3,0.0,1,3,2,72997,0,1459983,0,0.0,0
1048832,0,0,1,1,0,0,0.0,1,3,2,72998,0,1460003,0,0.0,0
1048832,0,0,1,1,0,0,0.0,1,3,2,72999,0,1460023,0,0.0,0
1048832,0,0,1,1,0,0,0.0,1,3,2,73000,0,1460043,0,0.0,0
1048832,0,0,1,1,0,0,0.0,1,3,2,73001,0,1460063,0,0.0,0
1048832,0,0,1,1,0,0,0.0,1,3,2,73002,0,1460083,0,0.0,0
1048832,0,0,1,1,0,0,0.0,1,3,2,73003,0,1460103,0,0.0,0
1048832,0,0,1,1,0,0,0.0,1,3,2,73004,0,1460123,0,0.0,0
1048832,0,0,1,1,0,-3,0.0,1,3,2,73005,0,1460143,0,0.0,0
1048832,0,0,1,1,0,0,0.0,1,3,2,73006,0,1460163,0,0.0,0
1048832,0,0,1,1,0,0,0.0,1,3,2,73007,0,1460183,0,0.0,0
1048832,0,0,1,1,0,0,0.0,1,3,2,73008,0,1460203,0,0.0,0
1048832,0,0,1,1,0,0,0.0,1,3,2,73009,0,1460223,0,0.0,0
1048832,0,0,1,1,0,-5,0.0,1,3,2,73010,0,1460243,0,0.0,0
1048832,0,0,1,1,0,0,0.0,1,3,2,73011,0,1460263,0,0.0,0
1048832,0,0,1,1,0,0,0.0,1,3,2,73012,0,1460283,0,0.0,0
1048832,0,0,1,1,0,-3,0.0,1,3,2,73013,0,1460303,0,0.0,0
1048832,0,0,1,1,0,0,0.0,1,3,2,73014,0,1460323,0,0.0,0
1048832,0,0,1,1,0,0,0.0,1,3,2,73015,0,1460343,0,0.0,0
1048832,0,0,1,1,0,0,0.0,1,3,2,73016,0,1460363,0,0.0,0
1048832,0,0,1,1,0,0,0.0,1,3,2,73017,0,1460383,0,0.0,0
1048832,0,0,1,1,0,0,0.0,1,3,2,73018,0,1460403,0,0.0,0
1048832,0,0,1,1,0,0,0.0,1,3,2,73019,0,1460423,0,0.0,0
1048832,0,0,1,1,0,0,0.0,1,3,2,73020,0,1460443,0,0.0,0
1048832,0,0,1,1,0,0,0.0,1,3,2,73021,0,1460463,0,0.0,0
1048832,0,0,1,1,0,0,0.0,1,3,2,73022,0,1460483,0,0.0,0
1048832,0,0,1,1,0,0,0.0,1,3,2,73023,0,1460503,0,0.0,0
1048832,0,0,1,1,0,0,0.0,1,3,2,73024,0,1460523,0,0.0,0
1048832,0,0,1,1,0,0,0.0,1,3,2,73025,0,1460543,0,0.0,0
1048832,0,0,1,1,0,-3,0.0,1,3,2,73026,0,1460563,0,0.0,0
1048832,0,0,1,1,0,0,0.0,1,3,2,73027,0,1460583,0,0.0,0
1048832,0,0,1,1,0,0,0.0,1,3,2,73028,0,1460603,0,0.0,0
1048832,0,0,1,1,0,0,0.0,1,3,2,73029,0,1460623,0,0.0,0
1048832,0,0,1,1,0,0,0.0,1,3,2,73030,0,1460643,0,0.0,0
1048832,0,0,1,1,0,0,0.0,1,3,2,73031,0,1460663,0,0.0,0
1048832,0,0,1,1,0,-3,0.0,1,3,2,73032,0,1460683,0,0.0,0
1048832,0,0,1,1,0,0,0.0,1,3,2,73033,0,1460703,0,0.0,0
1048832,0,0,1,1,0,-5,0.0,1,3,2,73034,0,1460723,0,0.0,0
1048832,0,0,1,1,0,-3,0.0,1,3,2,73035,0,1460743,0,0.0,0
1048832,0,0,1,1,0,-3,0.0,1,3,2,73036,0,1460763,0,0.0,0
1048832,0,0,1,1,0,0,0.0,1,3,2,73037,0,1460783,0,0.0,0
1048832,0,0,1,1,0,0,0.0,1,3,2,73038,0,1460803,0,0.0,0
1048832,0,0,1,1,0,-3,0.0,1,3,2,73039,0,1460823,0,0.0,0
1048832,0,0,1,1,0,0,0.0,1,3,2,73040,0,1460843,0,0.0,0
1048832,0,0,1,1,0,-3,0.0,1,3,2,73041,0,1460863,0,0.0,0
1048832,0,0,1,1,0,-5,0.0,1,3,2,73042,0,1460883,0,0.0,0
1048832,0,0,1,1,0,0,0.0,1,3,2,73043,0,1460903,0,0.0,0
1048832,0,0,1,1,0,0,0.0,1,3,2,73044,0,1460923,0,0.0,0
1048832,0,0,1,1,0,0,0.0,1,3,2,73045,0,1460943,0,0.0,0
1048832,0,0,1,1,0,0,0.0,1,3,2,73046,0,1460963,0,0.0,0
1048832,0,0,1,1,0,-3,0.0,1,3,2,73047,0,1460983,0,0.0,0
1048832,0,0,1,1,0,-3,0.0,1,3,2,73048,0,1461003,0,0.0,0
1048832,0,0,1,1,0,0,0.0,1,3,2,73049,0,1461023,0,0.0,0
1048832,0,0,1,1,0,0,0.0,1,3,2,73050,0,1461043,0,0.0,0
1048832,0,0,1,1,0,-3,0.0,1,3,2,73051,0,1461063,0,0.0,0
1048832,0,0,1,1,0,0,0.0,1,3,2,73052,0,1461083,0,0.0,0
1048832,0,0,1,1,0,0,0.0,1,3,2,73053,0,1461103,0,0.0,0
1048832,0,0,1,1,0,-3,0.0,1,3,2,73054,0,1461123,0,0.0,0
1048832,0,0,1,1,0,-3,0.0,1,3,2,73055,0,1461143,0,0.0,0
1048832,0,0,1,1,0,0,0.0,1,3,2,73056,0,1461163,0,0.0,0
1048832,0,0,1,1,0,-3,0.0,1,3,2,73057,0,1461183,0,0.0,0
1048832,0,0,1,1,0,0,0.0,1,3,2,73058,0,1461203,0,0.0,0
1048832,0,0,1,1,0,-3,0.0,1,3,2,73059,0,1461223,0,0.0,0
1048832,0,0,1,1,0,0,0.0,1,3,2,73060,0,1461243,0,0.0,0
1048832,0,0,1,1,0,2,0.0,1,3,2,73061,0,1461263,0,0.0,0
1048832,0,0,1,1,0,-3,0.0,1,3,2,73062,0,1461283,0,0.0,0
1048832,0,0,1,1,0,-5,0.0,1,3,2,73063,0,1461303,0,0.0,0
1048832,0,0,1,1,0,0,0.0,1,3,2,73064,0,1461323,0,0.0,0
1048832,0,0,1,1,0,0,0.0,1,3,2,73065,0,1461343,0,0.0,0
1048832,0,0,1,1,0,0,0.0,1,3,2,73066,0,1461363,0,0.0,0
1048832,0,0,1,1,0,0,0.0,1,3,2,73067,0,1461383,0,0.0,0
1048832,0,0,1,1,0,0,0.0,1,3,2,73068,0,1461403,0,0.0,0
1048832,0,0,1,1,0,0,0.0,1,3,2,73069,0,1461423,0,0.0,0
1048832,0,0,1,1,0,-5,0.0,1,3,2,73070,0,1461443,0,0.0,0
1048832,0,0,1,1,0,2,0.0,1,3,2,73071,0,1461463,0,0.0,0
1048832,0,0,1,1,0,-3,0.0,1,3,2,73072,0,1461483,0,0.0,0
1048832,0,0,1,1,0,0,0.0,1,3,2,73073,0,1461503,0,0.0,0
1048832,0,0,1,1,0,-3,0.0,1,3,2,73074,0,1461523,0,0.0,0
1048832,0,0,1,1,0,0,0.0,1,3,2,73075,0,1461543,0,0.0,0
1048832,0,0,1,1,0,0,0.0,1,3,2,73076,0,1461563,0,0.0,0
1048832,0,0,1,1,0,0,0.0,1,3,2,73077,0,1461583,0,0.0,0
1048832,0,0,1,1,0,-3,0.0,1,3,2,73078,0,1461603,0,0.0,0
1048832,0,0,1,1,0,0,0.0,1,3,2,73079,0,1461623,0,0.0,0
1048832,0,0,1,1,0,-3,0.0,1,3,2,73080,0,1461643,0,0.0,0
1048832,0,0,1,1,0,2,0.0,1,3,2,73081,0,1461663,0,0.0,0
1048832,0,0,1,1,0,0,0.0,1,3,2,73082,0,1461683,0,0.0,0
1048832,0,0,1,1,0,0,0.0,1,3,2,73083,0,1461703,0,0.0,0
1048832,0,0,1,1,0,0,0.0,1,3,2,73084,0,1461723,0,0.0,0
1048832,0,0,1,1,0,0,0.0,1,3,2,73085,0,1461743,0,0.0,0
1048832,0,0,1,1,0,0,0.0,1,3,2,73086,0,1461763,0,0.0,0
1048832,0,0,1,1,0,0,0.0,1,3,2,73087,0,1461783,0,0.0,0
1048832,0,0,1,1,0,0,0.0,1,3,2,73088,0,1461803,0,0.0,0
1048832,0,0,1,1,0,-3,0.0,1,3,2,73089,0,1461823,0,0.0,0
1048832,0,0,1,1,0,0,0.0,1,3,2,73090,0,1461843,0,0.0,0
1048832,0,0,1,1,0,-3,0.0,1,3,2,73091,0,1461863,0,0.0,0
1048832,0,0,1,1,0,0,0.0,1,3,2,73092,0,1461883,0,0.0,0
1048832,0,0,1,1,0,0,0.0,1,3,2,73093,0,1461903,0,0.0,0
1048832,0,0,1,1,0,0,0.0,1,3,2,73094,0,1461923,0,0.0,0
1048832,0,0,1,1,0,-3,0.0,1,3,2,73095,0,1461943,0,0.0,0
1048832,0,0,1,1,0,0,0.0,1,3,2,73096,0,1461963,0,0.0,0
1048832,0,0,1,1,0,-3,0.0,1,3,2,73097,0,1461983,0,0.0,0
1048832,0,0,1,1,0,0,0.0,1,3,2,73098,0,1462003,0,0.0,0
1048832,0,0,1,1,0,-5,0.0,1,3,2,73099,0,1462023,0,0.0,0
1048832,0,0,1,1,0,0,0.0,1,3,2,73100,0,1462043,0,0.0,0
1048832,0,0,1,1,0,-3,0.0,1,3,2,73101,0,1462063,0,0.0,0
1048832,0,0,1,1,0,-3,0.0,1,3,2,73102,0,1462083,0,0.0,0
1048832,0,0,1,1,0,0,0.0,1,3,2,73103,0,1462103,0,0.0,0
1048832,0,0,1,1,0,0,0.0,1,3,2,73104,0,1462123,0,0.0,0
1048832,0,0,1,1,0,-3,0.0,1,3,2,73105,0,1462143,0,0.0,0
1048832,0,0,1,1,0,0,0.0,1,3,2,73106,0,1462163,0,0.0,0
1048832,0,0,1,1,0,0,0.0,1,3,2,73107,0,1462183,0,0.0,0
1048832,0,0,1,1,0,0,0.0,1,3,2,73108,0,1462203,0,0.0,0
1048832,0,0,1,1,0,0,0.0,1,3,2,73109,0,1462223,0,0.0,0
1048832,0,0,1,1,0,2,0.0,1,3,2,73110,0,1462243,0,0.0,0
1573120,1,0,1,1,0,2,0.0,1,3,2,73111,0,1462263,0,0.0,0
1573120,1,0,1,1,0,-3,0.0,1,3,2,73112,0,1462283,0,0.0,0
1573120,1,0,1,1,0,-3,0.0,1,3,2,73113,0,1462303,0,0.0,0
1573120,1,0,1,1,0,0,0.0,1,3,2,73114,0,1462323,0,0.0,0
1573120,1,0,1,1,0,-5,0.0,1,3,2,73115,0,1462343,0,0.0,0
1573120,1,0,1,1,0,0,0.0,1,3,2,73116,0,1462363,0,0.0,0
1573120,1,0,1,1,0,0,0.0,1,3,2,73117,0,1462383,0,0.0,0
1573120,1,0,1,1,0,0,0.0,1,3,2,73118,0,1462403,0,0.0,0
1573120,1,0,1,1,0,0,0.0,1,3,2,73119,0,1462423,0,0.0,0
1573120,1,0,1,1,0,0,0.0,1,3,2,73120,0,1462443,0,0.0,0
1573120,1,0,1,1,0,0,0.0,1,3,2,73121,0,1462463,0,0.0,0
1573120,1,0,1,1,0,0,0.0,1,3,2,73122,0,1462483,0,0.0,0
1573120,1,0,1,1,0,0,0.0,1,3,2,73123,0,1462503,0,0.0,0
1573120,1,0,1,1,0,2,0.0,1,3,2,73124,0,1462523,0,0.0,0
1573120,1,0,1,1,0,-3,0.0,1,3,2,73125,0,1462543,0,0.0,0
1573120,1,0,1,1,0,0,0.0,1,3,2,73126,0,1462563,0,0.0,0
1573120,1,0,1,1,0,0,0.0,1,3,2,73127,0,1462583,0,0.0,0
1573120,1,0,1,1,0,-3,0.0,1,3,2,73128,0,1462603,0,0.0,0
1573120,1,0,1,1,0,0,0.0,1,3,2,73129,0,1462623,0,0.0,0
1573120,1,0,1,1,0,0,0.0,1,3,2,73130,0,1462643,0,0.0,0
1573120,1,0,1,1,0,2,0.0,1,3,2,73131,0,1462663,0,0.0,0
1573120,1,0,1,1,0,0,0.0,1,3,2,73132,0,1462683,0,0.0,0
1573120,1,0,1,1,0,0,0.0,1,3,2,73133,0,1462703,0,0.0,0
1573120,1,0,1,1,0,0,0.0,1,3,2,73134,0,1462723,0,0.0,0
1573120,1,0,1,1,0,0,0.0,1,3,2,73135,0,1462743,0,0.0,0
1573120,1,0,1,1,0,0,0.0,1,3,2,73136,0,1462763,0,0.0,0
1573120,1,0,1,1,0,-5,0.0,1,3,2,73137,0,1462783,0,0.0,0
1573120,1,0,1,1,0,0,0.0,1,3,2,73138,0,1462803,0,0.0,0
1573120,1,0,1,1,0,-3,0.0,1,3,2,73139,0,1462823,0,0.0,0
1573120,1,0,1,1,0,0,0.0,1,3,2,73140,0,1462843,0,0.0,0
1573120,1,0,1,1,0,0,0.0,1,3,2,73141,0,1462863,0,0.0,0
1573120,1,0,1,1,0,0,0.0,1,3,2,73142,0,1462883,0,0.0,0
1573120,1,0,1,1,0,0,0.0,1,3,2,73143,0,1462903,0,0.0,0
1573120,1,0,1,1,0,2,0.0,1,3,2,73144,0,1462923,0,0.0,0
1573120,1,0,1,1,0,0,0.0,1,3,2,73145,0,1462943,0,0.0,0
1573120,1,0,1,1,0,0,0.0,1,3,2,73146,0,1462963,0,0.0,0
1573120,1,0,1,1,0,0,0.0,1,3,2,73147,0,1462983,0,0.0,0
1573120,1,0,1,1,0,0,0.0,1,3,2,73148,0,1463003,0,0.0,0
1573120,1,0,1,1,0,0,0.0,1,3,2,73149,0,1463023,0,0.0,0
1573120,1,0,1,1,0,-3,0.0,1,3,2,73150,0,1463043,0,0.0,0
1573120,1,0,1,1,0,0,0.0,1,3,2,73151,0,1463063,0,0.0,0
1573120,1,0,1,1,0,-3,0.0,1,3,2,73152,0,1463083,0,0.0,0
1573120,1,0,1,1,0,0,0.0,1,3,2,73153,0,1463103,0,0.0,0
1573120,1,0,1,1,0,-3,0.0,1,3,2,73154,0,1463123,0,0.0,0
1573120,1,0,1,1,0,-3,0.0,1,3,2,73155,0,1463143,0,0.0,0
1573120,1,0,1,1,0,0,0.0,1,3,2,73156,0,1463163,0,0.0,0
1573120,1,0,1,1,0,-3,0.0,1,3,2,73157,0,1463183,0,0.0,0
1573120,1,0,1,1,0,-3,0.0,1,3,2,73158,0,1463203,0,0.0,0
1573120,1,0,1,1,0,0,0.0,1,3,2,73159,0,1463223,0,0.0,0
1573120,1,0,1,1,0,0,0.0,1,3,2,73160,0,1463243,0,0.0,0
1573120,1,0,1,1,0,0,0.0,1,3,2,73161,0,1463263,0,0.0,0
1573120,1,0,1,1,0,-3,0.0,1,3,2,73162,0,1463283,0,0.0,0
1573120,1,0,1,1,0,0,0.0,1,3,2,73163,0,1463303,0,0.0,0
1573120,1,0,1,1,0,0,0.0,1,3,2,73164,0,1463323,0,0.0,0
1573120,1,0,1,1,0,0,0.0,1,3,2,73165,0,1463343,0,0.0,0
1573120,1,0,1,1,0,-3,0.0,1,3,2,73166,0,1463363,0,0.0,0
1573120,1,0,1,1,0,0,0.0,1,3,2,73167,0,1463383,0,0.0,0
1573120,1,0,1,1,0,0,0.0,1,3,2,73168,0,1463403,0,0.0,0
1573120,1,0,1,1,0,-3,0.0,1,3,2,73169,0,1463423,0,0.0,0
1573120,1,0,1,1,0,0,0.0,1,3,2,73170,0,1463443,0,0.0,0
1573120,1,0,1,1,0,0,0.0,1,3,2,73171,0,1463463,0,0.0,0
1573120,1,0,1,1,0,-3,0.0,1,3,2,73172,0,1463483,0,0.0,0
1573120,1,0,1,1,0,0,0.0,1,3,2,73173,0,1463503,0,0.0,0
1573120,1,0,1,1,0,0,0.0,1,3,2,73174,0,1463523,0,0.0,0
1573120,1,0,1,1,0,0,0.0,1,3,2,73175,0,1463543,0,0.0,0
1573120,1,0,1,1,0,-3,0.0,1,3,2,73176,0,1463563,0,0.0,0
1048832,0,0,1,1,0,0,0.0,1,3,2,73177,0,1463583,0,0.0,0
1048832,0,0,1,1,0,0,0.0,1,3,2,73178,0,1463603,0,0.0,0
1048832,0,0,1,1,0,0,0.0,1,3,2,73179,0,1463623,0,0.0,0
1048832,0,0,1,1,0,0,0.0,1,3,2,73180,0,1463643,0,0.0,0
1048832,0,0,1,1,0,0,0.0,1,3,2,73181,0,1463663,0,0.0,0
1048832,0,0,1,1,0,-3,0.0,1,3,2,73182,0,1463683,0,0.0,0
1048832,0,0,1,1,0,0,0.0,1,3,2,73183,0,1463703,0,0.0,0
1048832,0,0,1,1,0,-5,0.0,1,3,2,73184,0,1463723,0,0.0,0
1048832,0,0,1,1,0,0,0.0,1,3,2,73185,0,1463743,0,0.0,0
1048832,0,0,1,1,0,0,0.0,1,3,2,73186,0,1463763,0,0.0,0
1048832,0,0,1,1,0,0,0.0,1,3,2,73187,0,1463783,0,0.0,0
1048832,0,0,1,1,0,0,0.0,1,3,2,73188,0,1463803,0,0.0,0
1048832,0,0,1,1,0,0,0.0,1,3,2,73189,0,1463823,0,0.0,0
1048832,0,0,1,1,0,0,0.0,1,3,2,73190,0,1463843,0,0.0,0
1048832,0,0,1,1,0,0,0.0,1,3,2,73191,0,1463863,0,0.0,0
1048832,0,0,1,1,0,0,0.0,1,3,2,73192,0,1463883,0,0.0,0
1048832,0,0,1,1,0,0,0.0,1,3,2,73193,0,1463903,0,0.0,0
1048832,0,0,1,1,0,-3,0.0,1,3,2,73194,0,1463923,0,0.0,0
1048832,0,0,1,1,0,0,0.0,1,3,2,73195,0,1463943,0,0.0,0
1048832,0,0,1,1,0,0,0.0,1,3,2,73196,0,1463963,0,0.0,0
1048832,0,0,1,1,0,0,0.0,1,3,2,73197,0,1463983,0,0.0,0
1048832,0,0,1,1,0,-3,0.0,1,3,2,73198,0,1464003,0,0.0,0
1048832,0,0,1,1,0,0,0.0,1,3,2,73199,0,1464023,0,0.0,0
1048832,0,0,1,1,0,0,0.0,1,3,2,73200,0,1464043,0,0.0,0
1048832,0,0,1,1,0,2,0.0,1,3,2,73201,0,1464063,0,0.0,0
1048832,0,0,1,1,0,-5,0.0,1,3,2,73202,0,1464083,0,0.0,0
1048832,0,0,1,1,0,-5,0.0,1,3,2,73203,0,1464103,0,0.0,0
1048832,0,0,1,1,0,-3,0.0,1,3,2,73204,0,1464123,0,0.0,0
1048832,0,0,1,1,0,0,0.0,1,3,2,73205,0,1464143,0,0.0,0
1048832,0,0,1,1,0,0,0.0,1,3,2,73206,0,1464163,0,0.0,0
1048832,0,0,1,1,0,0,0.0,1,3,2,73207,0,1464183,0,0.0,0
1048832,0,0,1,1,0,0,0.0,1,3,2,73208,0,1464203,0,0.0,0
1048832,0,0,1,1,0,-3,0.0,1,3,2,73209,0,1464223,0,0.0,0
1048832,0,0,1,1,0,0,0.0,1,3,2,73210,0,1464243,0,0.0,0
1048832,0,0,1,1,0,0,0.0,1,3,2,73211,0,1464263,0,0.0,0
1048832,0,0,1,1,0,-3,0.0,1,3,2,73212,0,1464283,0,0.0,0
1048832,0,0,1,1,0,0,0.0,1,3,2,73213,0,1464303,0,0.0,0
1048832,0,0,1,1,0,0,0.0,1,3,2,73214,0,1464323,0,0.0,0
1048832,0,0,1,1,0,-3,0.0,1,3,2,73215,0,1464343,0,0.0,0
1048832,0,0,1,1,0,-3,0.0,1,3,2,73216,0,1464363,0,0.0,0
1048832,0,0,1,1,0,0,0.0,1,3,2,73217,0,1464383,0,0.0,0
1048832,0,0,1,1,0,-3,0.0,1,3,2,73218,0,1464403,0,0.0,0
1048832,0,0,1,1,0,2,0.0,1,3,2,73219,0,1464423,0,0.0,0
1048832,0,0,1,1,0,-3,0.0,1,3,2,73220,0,1464443,0,0.0,0
1048832,0,0,1,1,0,0,0.0,1,3,2,73221,0,1464463,0,0.0,0
1048832,0,0,1,1,0,0,0.0,1,3,2,73222,0,1464483,0,0.0,0
1048832,0,0,1,1,0,0,0.0,1,3,2,73223,0,1464503,0,0.0,0
1048832,0,0,1,1,0,0,0.0,1,3,2,73224,0,1464523,0,0.0,0
1048832,0,0,1,1,0,0,0.0,1,3,2,73225,0,1464543,0,0.0,0
1048832,0,0,1,1,0,-3,0.0,1,3,2,73226,0,1464563,0,0.0,0
1048832,0,0,1,1,0,-3,0.0,1,3,2,73227,0,1464583,0,0.0,0
1048832,0,0,1,1,0,-3,0.0,1,3,2,73228,0,1464603,0,0.0,0
1048832,0,0,1,1,0,0,0.0,1,3,2,73229,0,1464623,0,0.0,0
1048832,0,0,1,1,0,0,0.0,1,3,2,73230,0,1464643,0,0.0,0
1048832,0,0,1,1,0,0,0.0,1,3,2,73231,0,1464663,0,0.0,0
1048832,0,0,1,1,0,0,0.0,1,3,2,73232,0,1464683,0,0.0,0
1048832,0,0,1,1,0,-5,0.0,1,3,2,73233,0,1464703,0,0.0,0
1048832,0,0,1,1,0,0,0.0,1,3,2,73234,0,1464723,0,0.0,0
1048832,0,0,1,1,0,0,0.0,1,3,2,73235,0,1464743,0,0.0,0
1048832,0,0,1,1,0,0,0.0,1,3,2,73236,0,1464763,0,0.0,0
1048832,0,0,1,1,0,0,0.0,1,3,2,73237,0,1464783,0,0.0,0
1048832,0,0,1,1,0,0,0.0,1,3,2,73238,0,1464803,0,0.0,0
1048832,0,0,1,1,0,0,0.0,1,3,2,73239,0,1464823,0,0.0,0
1048832,0,0,1,1,0,0,0.0,1,3,2,73240,0,1464843,0,0.0,0
1048832,0,0,1,1,0,0,0.0,1,3,2,73241,0,1464863,0,0.0,0
1048832,0,0,1,1,0,-3,0.0,1,3,2,73242,0,1464883,0,0.0,0
1048832,0,0,1,1,0,0,0.0,1,3,2,73243,0,1464903,0,0.0,0
1048832,0,0,1,1,0,-3,0.0,1,3,2,73244,0,1464923,0,0.0,0
1048832,0,0,1,1,0,0,0.0,1,3,2,73245,0,1464943,0,0.0,0
1048832,0,0,1,1,0,0,0.0,1,3,2,73246,0,1464963,0,0.0,0
1048832,0,0,1,1,0,0,0.0,1,3,2,73247,0,1464983,0,0.0,0
1048832,0,0,1,1,0,-9,0.0,1,3,2,73248,0,1465003,0,0.0,0
1048832,0,0,1,1,0,0,0.0,1,3,2,73249,0,1465023,0,0.0,0
1048832,0,0,1,1,0,-3,0.0,1,3,2,73250,0,1465043,0,0.0,0
1048832,0,0,1,1,0,2,0.0,1,3,2,73251,0,1465063,0,0.0,0
1048832,0,0,1,1,0,0,0.0,1,3,2,73252,0,1465083,0,0.0,0
1048832,0,0,1,1,0,2,0.0,1,3,2,73253,0,1465103,0,0.0,0
1048832,0,0,1,1,0,-7,0.0,1,3,2,73254,0,1465123,0,0.0,0
1048832,0,0,1,1,0,0,0.0,1,3,2,73255,0,1465143,0,0.0,0
1048832,0,0,1,1,0,0,0.0,1,3,2,73256,0,1465163,0,0.0,0
1048832,0,0,1,1,0,0,0.0,1,3,2,73257,0,1465183,0,0.0,0
1048832,0,0,1,1,0,0,0.0,1,3,2,73258,0,1465203,0,0.0,0
1048832,0,0,1,1,0,0,0.0,1,3,2,73259,0,1465223,0,0.0,0
1048832,0,0,1,1,0,0,0.0,1,3,2,73260,0,1465243,0,0.0,0
1048832,0,0,1,1,0,0,0.0,1,3,2,73261,0,1465263,0,0.0,0
1048832,0,0,1,1,0,0,0.0,1,3,2,73262,0,1465283,0,0.0,0
1048832,0,0,1,1,0,2,0.0,1,3,2,73263,0,1465303,0,0.0,0
1048832,0,0,1,1,0,0,0.0,1,3,2,73264,0,1465323,0,0.0,0
1048832,0,0,1,1,0,0,0.0,1,3,2,73265,0,1465343,0,0.0,0
1048832,0,0,1,1,0,-3,0.0,1,3,2,73266,0,1465363,0,0.0,0
1048832,0,0,1,1,0,-3,0.0,1,3,2,73267,0,1465383,0,0.0,0
1048832,0,0,1,1,0,0,0.0,1,3,2,73268,0,1465403,0,0.0,0
1048832,0,0,1,1,0,0,0.0,1,3,2,73269,0,1465423,0,0.0,0
1048832,0,0,1,1,0,0,0.0,1,3,2,73270,0,1465443,0,0.0,0
1048832,0,0,1,1,0,0,0.0,1,3,2,73271,0,1465463,0,0.0,0
1048832,0,0,1,1,0,0,0.0,1,3,2,73272,0,1465483,0,0.0,0
1048832,0,0,1,1,0,-3,0.0,1,3,2,73273,0,1465503,0,0.0,0
1048832,0,0,1,1,0,-5,0.0,1,3,2,73274,0,1465523,0,0.0,0
1048832,0,0,1,1,0,-5,0.0,1,3,2,73275,0,1465543,0,0.0,0
1048832,0,0,1,1,0,0,0.0,1,3,2,73276,0,1465563,0,0.0,0
1048832,0,0,1,1,0,-3,0.0,1,3,2,73277,0,1465583,0,0.0,0
1048832,0,0,1,1,0,0,0.0,1,3,2,73278,0,1465603,0,0.0,0
1048832,0,0,1,1,0,0,0.0,1,3,2,73279,0,1465623,0,0.0,0
1048832,0,0,1,1,0,0,0.0,1,3,2,73280,0,1465643,0,0.0,0
1048832,0,0,1,1,0,-3,0.0,1,3,2,73281,0,1465663,0,0.0,0
1048832,0,0,1,1,0,0,0.0,1,3,2,73282,0,1465683,0,0.0,0
1048832,0,0,1,1,0,0,0.0,1,3,2,73283,0,1465703,0,0.0,0
1048832,0,0,1,1,0,0,0.0,1,3,2,73284,0,1465723,0,0.0,0
1048832,0,0,1,1,0,2,0.0,1,3,2,73285,0,1465743,0,0.0,0
1048832,0,0,1,1,0,0,0.0,1,3,2,73286,0,1465763,0,0.0,0
1048832,0,0,1,1,0,0,0.0,1,3,2,73287,0,1465783,0,0.0,0
1048832,0,0,1,1,0,0,0.0,1,3,2,73288,0,1465803,0,0.0,0
1048832,0,0,1,1,0,0,0.0,1,3,2,73289,0,1465823,0,0.0,0
1048832,0,0,1,1,0,0,0.0,1,3,2,73290,0,1465843,0,0.0,0
1048832,0,0,1,1,0,-3,0.0,1,3,2,73291,0,1465863,0,0.0,0
1048832,0,0,1,1,0,0,0.0,1,3,2,73292,0,1465883,0,0.0,0
1048832,0,0,1,1,0,0,0.0,1,3,2,73293,0,1465903,0,0.0,0
1048832,0,0,1,1,0,0,0.0,1,3,2,73294,0,1465923,0,0.0,0
1048832,0,0,1,1,0,-3,0.0,1,3,2,73295,0,1465943,0,0.0,0
1048832,0,0,1,1,0,0,0.0,1,3,2,73296,0,1465963,0,0.0,0
1048832,0,0,1,1,0,0,0.0,1,3,2,73297,0,1465983,0,0.0,0
1048832,0,0,1,1,0,0,0.0,1,3,2,73298,0,1466003,0,0.0,0
1048832,0,0,1,1,0,2,0.0,1,3,2,73299,0,1466023,0,0.0,0
1048832,0,0,1,1,0,0,0.0,1,3,2,73300,0,1466043,0,0.0,0
1048832,0,0,1,1,0,0,0.0,1,3,2,73301,0,1466063,0,0.0,0
1048832,0,0,1,1,0,-3,0.0,1,3,2,73302,0,1466083,0,0.0,0
1048832,0,0,1,1,0,0,0.0,1,3,2,73303,0,1466103,0,0.0,0
1048832,0,0,1,1,0,0,0.0,1,3,2,73304,0,1466123,0,0.0,0
1048832,0,0,1,1,0,-5,0.0,1,3,2,73305,0,1466143,0,0.0,0
1048832,0,0,1,1,0,0,0.0,1,3,2,73306,0,1466163,0,0.0,0
1048832,0,0,1,1,0,0,0.0,1,3,2,73307,0,1466183,0,0.0,0
1048832,0,0,1,1,0,0,0.0,1,3,2,73308,0,1466203,0,0.0,0
1048832,0,0,1,1,0,-3,0.0,1,3,2,73309,0,1466223,0,0.0,0
1048832,0,0,1,1,0,-3,0.0,1,3,2,73310,0,1466243,0,0.0,0
1048832,0,0,1,1,0,-3,0.0,1,3,2,73311,0,1466263,0,0.0,0
1048832,0,0,1,1,0,0,0.0,1,3,2,73312,0,1466283,0,0.0,0
1048832,0,0,1,1,0,0,0.0,1,3,2,73313,0,1466303,0,0.0,0
1048832,0,0,1,1,0,-3,0.0,1,3,2,73314,0,1466323,0,0.0,0
1048832,0,0,1,1,0,0,0.0,1,3,2,73315,0,1466343,0,0.0,0
1048832,0,0,1,1,0,0,0.0,1,3,2,73316,0,1466363,0,0.0,0
1048832,0,0,1,1,0,0,0.0,1,3,2,73317,0,1466383,0,0.0,0
1048832,0,0,1,1,0,0,0.0,1,3,2,73318,0,1466403,0,0.0,0
1048832,0,0,1,1,0,-3,0.0,1,3,2,73319,0,1466423,0,0.0,0
1048832,0,0,1,1,0,0,0.0,1,3,2,73320,0,1466443,0,0.0,0
1048832,0,0,1,1,0,2,0.0,1,3,2,73321,0,1466463,0,0.0,0
1048832,0,0,1,1,0,0,0.0,1,3,2,73322,0,1466483,0,0.0,0
1048832,0,0,1,1,0,0,0.0,1,3,2,73323,0,1466503,0,0.0,0
1048832,0,0,1,1,0,-3,0.0,1,3,2,73324,0,1466523,0,0.0,0
1048832,0,0,1,1,0,0,0.0,1,3,2,73325,0,1466543,0,0.0,0
1048832,0,0,1,1,0,-3,0.0,1,3,2,73326,0,1466563,0,0.0,0
1048832,0,0,1,1,0,-3,0.0,1,3,2,73327,0,1466583,0,0.0,0
1048832,0,0,1,1,0,0,0.0,1,3,2,73328,0,1466603,0,0.0,0
1048832,0,0,1,1,0,0,0.0,1,3,2,73329,0,1466623,0,0.0,0
1048832,0,0,1,1,0,0,0.0,1,3,2,73330,0,1466643,0,0.0,0
1048832,0,0,1,1,0,0,0.0,1,3,2,73331,0,1466663,0,0.0,0
1048832,0,0,1,1,0,0,0.0,1,3,2,73332,0,1466683,0,0.0,0
1048832,0,0,1,1,0,0,0.0,1,3,2,73333,0,1466703,0,0.0,0
1048832,0,0,1,1,0,0,0.0,1,3,2,73334,0,1466723,0,0.0,0
1048832,0,0,1,1,0,0,0.0,1,3,2,73335,0,1466743,0,0.0,0
1048832,0,0,1,1,0,0,0.0,1,3,2,73336,0,1466763,0,0.0,0
1048832,0,0,1,1,0,0,0.0,1,3,2,73337,0,1466783,0,0.0,0
1048832,0,0,1,1,0,0,0.0,1,3,2,73338,0,1466803,0,0.0,0
1048832,0,0,1,1,0,0,0.0,1,3,2,73339,0,1466823,0,0.0,0
1048832,0,0,1,1,0,-3,0.0,1,3,2,73340,0,1466843,0,0.0,0
1048832,0,0,1,1,0,0,0.0,1,3,2,73341,0,1466863,0,0.0,0
1048832,0,0,1,1,0,0,0.0,1,3,2,73342,0,1466883,0,0.0,0
1048832,0,0,1,1,0,0,0.0,1,3,2,73343,0,1466903,0,0.0,0
1048832,0,0,1,1,0,0,0.0,1,3,2,73344,0,1466923,0,0.0,0
1048832,0,0,1,1,0,-3,0.0,1,3,2,73345,0,1466943,0,0.0,0
1048832,0,0,1,1,0,0,0.0,1,3,2,73346,0,1466963,0,0.0,0
1048832,0,0,1,1,0,0,0.0,1,3,2,73347,0,1466983,0,0.0,0
1048832,0,0,1,1,0,0,0.0,1,3,2,73348,0,1467003,0,0.0,0
1048832,0,0,1,1,0,0,0.0,1,3,2,73349,0,1467023,0,0.0,0
1048832,0,0,1,1,0,0,0.0,1,3,2,73350,0,1467043,0,0.0,0
1048832,0,0,1,1,0,0,0.0,1,3,2,73351,0,1467063,0,0.0,0
1048832,0,0,1,1,0,0,0.0,1,3,2,73352,0,1467083,0,0.0,0
1048832,0,0,1,1,0,0,0.0,1,3,2,73353,0,1467103,0,0.0,0
1048832,0,0,1,1,0,2,0.0,1,3,2,73354,0,1467123,0,0.0,0
1048832,0,0,1,1,0,-3,0.0,1,3,2,73355,0,1467143,0,0.0,0
1048832,0,0,1,1,0,0,0.0,1,3,2,73356,0,1467163,0,0.0,0
1048832,0,0,1,1,0,0,0.0,1,3,2,73357,0,1467183,0,0.0,0
1048832,0,0,1,1,0,0,0.0,1,3,2,73358,0,1467203,0,0.0,0
1048832,0,0,1,1,0,0,0.0,1,3,2,73359,0,1467223,0,0.0,0
1048832,0,0,1,1,0,0,0.0,1,3,2,73360,0,1467243,0,0.0,0
1048832,0,0,1,1,0,0,0.0,1,3,2,73361,0,1467263,0,0.0,0
1048832,0,0,1,1,0,0,0.0,1,3,2,73362,0,1467283,0,0.0,0
1048832,0,0,1,1,0,0,0.0,1,3,2,73363,0,1467303,0,0.0,0
1048832,0,0,1,1,0,0,0.0,1,3,2,73364,0,1467323,0,0.0,0
1048832,0,0,1,1,0,-3,0.0,1,3,2,73365,0,1467343,0,0.0,0
1048832,0,0,1,1,0,0,0.0,1,3,2,73366,0,1467363,0,0.0,0
1048832,0,0,1,1,0,-3,0.0,1,3,2,73367,0,1467383,0,0.0,0
1048832,0,0,1,1,0,0,0.0,1,3,2,73368,0,1467403,0,0.0,0
1048832,0,0,1,1,0,2,0.0,1,3,2,73369,0,1467423,0,0.0,0
1048832,0,0,1,1,0,0,0.0,1,3,2,73370,0,1467443,0,0.0,0
1048832,0,0,1,1,0,-3,0.0,1,3,2,73371,0,1467463,0,0.0,0
1048832,0,0,1,1,0,0,0.0,1,3,2,73372,0,1467483,0,0.0,0
1048832,0,0,1,1,0,0,0.0,1,3,2,73373,0,1467503,0,0.0,0
1048832,0,0,1,1,0,0,0.0,1,3,2,73374,0,1467523,0,0.0,0
