event_bits,evt_cmd_burst_toggle,evt_cmd_high_freq_toggle,evt_cmd_reverse_trigger,evt_fn1_cur,evt_fn2_cur,evt_s0_not_down,evt_vt03_online,fric1_rpm,fric2_rpm,fric_set,high_freq,rc_s0,rc_s1,seq,shoot_mode,tick_ms,trigger_cur,trigger_spd_set,vt03_toe
1048832,0,0,0,0,0,1,1,0,0,0.0,1,3,2,89301,0,1786063,0,0.0,0
1048832,0,0,0,0,0,1,1,0,0,0.0,1,3,2,89302,0,1786083,0,0.0,0
1048832,0,0,0,0,0,1,1,0,0,0.0,1,3,2,89303,0,1786103,0,0.0,0
1048832,0,0,0,0,0,1,1,0,0,0.0,1,3,2,89304,0,1786123,0,0.0,0
1048832,0,0,0,0,0,1,1,0,-3,0.0,1,3,2,89305,0,1786143,0,0.0,0
1048832,0,0,0,0,0,1,1,0,0,0.0,1,3,2,89306,0,1786163,0,0.0,0
1048832,0,0,0,0,0,1,1,0,-3,0.0,1,3,2,89307,0,1786183,0,0.0,0
1048832,0,0,0,0,0,1,1,0,0,0.0,1,3,2,89308,0,1786203,0,0.0,0
1048832,0,0,0,0,0,1,1,0,0,0.0,1,3,2,89309,0,1786223,0,0.0,0
1048832,0,0,0,0,0,1,1,0,0,0.0,1,3,2,89310,0,1786243,0,0.0,0
1048832,0,0,0,0,0,1,1,0,0,0.0,1,3,2,89311,0,1786263,0,0.0,0
1048832,0,0,0,0,0,1,1,0,0,0.0,1,3,2,89312,0,1786283,0,0.0,0
1048832,0,0,0,0,0,1,1,0,0,0.0,1,3,2,89313,0,1786303,0,0.0,0
1048832,0,0,0,0,0,1,1,0,0,0.0,1,3,2,89314,0,1786323,0,0.0,0
1048832,0,0,0,0,0,1,1,0,-3,0.0,1,3,2,89315,0,1786343,0,0.0,0
1048832,0,0,0,0,0,1,1,0,0,0.0,1,3,2,89316,0,1786363,0,0.0,0
1048832,0,0,0,0,0,1,1,0,0,0.0,1,3,2,89317,0,1786383,0,0.0,0
1048832,0,0,0,0,0,1,1,0,0,0.0,1,3,2,89318,0,1786403,0,0.0,0
1048832,0,0,0,0,0,1,1,0,-3,0.0,1,3,2,89319,0,1786423,0,0.0,0
1048832,0,0,0,0,0,1,1,0,0,0.0,1,3,2,89320,0,1786443,0,0.0,0
1048832,0,0,0,0,0,1,1,0,0,0.0,1,3,2,89321,0,1786463,0,0.0,0
1048832,0,0,0,0,0,1,1,0,0,0.0,1,3,2,89322,0,1786483,0,0.0,0
1048832,0,0,0,0,0,1,1,0,-3,0.0,1,3,2,89323,0,1786503,0,0.0,0
1048832,0,0,0,0,0,1,1,0,0,0.0,1,3,2,89324,0,1786523,0,0.0,0
1048832,0,0,0,0,0,1,1,0,0,0.0,1,3,2,89325,0,1786543,0,0.0,0
1048832,0,0,0,0,0,1,1,0,0,0.0,1,3,2,89326,0,1786563,0,0.0,0
1048832,0,0,0,0,0,1,1,0,0,0.0,1,3,2,89327,0,1786583,0,0.0,0
1048832,0,0,0,0,0,1,1,0,0,0.0,1,3,2,89328,0,1786603,0,0.0,0
1048832,0,0,0,0,0,1,1,0,2,0.0,1,3,2,89329,0,1786623,0,0.0,0
1048832,0,0,0,0,0,1,1,0,0,0.0,1,3,2,89330,0,1786643,0,0.0,0
1048832,0,0,0,0,0,1,1,0,0,0.0,1,3,2,89331,0,1786663,0,0.0,0
1048832,0,0,0,0,0,1,1,0,0,0.0,1,3,2,89332,0,1786683,0,0.0,0
1048832,0,0,0,0,0,1,1,0,0,0.0,1,3,2,89333,0,1786703,0,0.0,0
1048832,0,0,0,0,0,1,1,0,0,0.0,1,3,2,89334,0,1786723,0,0.0,0
1048832,0,0,0,0,0,1,1,0,0,0.0,1,3,2,89335,0,1786743,0,0.0,0
1048832,0,0,0,0,0,1,1,0,0,0.0,1,3,2,89336,0,1786763,0,0.0,0
1048832,0,0,0,0,0,1,1,0,0,0.0,1,3,2,89337,0,1786783,0,0.0,0
1048832,0,0,0,0,0,1,1,0,0,0.0,1,3,2,89338,0,1786803,0,0.0,0
1048832,0,0,0,0,0,1,1,0,0,0.0,1,3,2,89339,0,1786823,0,0.0,0
1048832,0,0,0,0,0,1,1,0,0,0.0,1,3,2,89340,0,1786843,0,0.0,0
1048832,0,0,0,0,0,1,1,0,0,0.0,1,3,2,89341,0,1786863,0,0.0,0
1048832,0,0,0,0,0,1,1,0,0,0.0,1,3,2,89342,0,1786883,0,0.0,0
1048832,0,0,0,0,0,1,1,0,-3,0.0,1,3,2,89343,0,1786903,0,0.0,0
1048832,0,0,0,0,0,1,1,0,0,0.0,1,3,2,89344,0,1786923,0,0.0,0
1048832,0,0,0,0,0,1,1,0,0,0.0,1,3,2,89345,0,1786943,0,0.0,0
1048832,0,0,0,0,0,1,1,0,0,0.0,1,3,2,89346,0,1786963,0,0.0,0
1048832,0,0,0,0,0,1,1,0,0,0.0,1,3,2,89347,0,1786983,0,0.0,0
1048832,0,0,0,0,0,1,1,0,0,0.0,1,3,2,89348,0,1787003,0,0.0,0
1048832,0,0,0,0,0,1,1,0,0,0.0,1,3,2,89349,0,1787023,0,0.0,0
1048832,0,0,0,0,0,1,1,0,0,0.0,1,3,2,89350,0,1787043,0,0.0,0
1048832,0,0,0,0,0,1,1,0,0,0.0,1,3,2,89351,0,1787063,0,0.0,0
1048832,0,0,0,0,0,1,1,0,0,0.0,1,3,2,89352,0,1787083,0,0.0,0
1048832,0,0,0,0,0,1,1,0,0,0.0,1,3,2,89353,0,1787103,0,0.0,0
1048832,0,0,0,0,0,1,1,0,0,0.0,1,3,2,89354,0,1787123,0,0.0,0
1048832,0,0,0,0,0,1,1,0,0,0.0,1,3,2,89355,0,1787143,0,0.0,0
1048832,0,0,0,0,0,1,1,0,-3,0.0,1,3,2,89356,0,1787163,0,0.0,0
1048832,0,0,0,0,0,1,1,0,0,0.0,1,3,2,89357,0,1787183,0,0.0,0
1048832,0,0,0,0,0,1,1,0,0,0.0,1,3,2,89358,0,1787203,0,0.0,0
1048832,0,0,0,0,0,1,1,0,0,0.0,1,3,2,89359,0,1787223,0,0.0,0
1048832,0,0,0,0,0,1,1,0,0,0.0,1,3,2,89360,0,1787243,0,0.0,0
1048832,0,0,0,0,0,1,1,0,0,0.0,1,3,2,89361,0,1787263,0,0.0,0
1048832,0,0,0,0,0,1,1,0,0,0.0,1,3,2,89362,0,1787283,0,0.0,0
1048832,0,0,0,0,0,1,1,0,0,0.0,1,3,2,89363,0,1787303,0,0.0,0
1048832,0,0,0,0,0,1,1,0,0,0.0,1,3,2,89364,0,1787323,0,0.0,0
1048832,0,0,0,0,0,1,1,0,0,0.0,1,3,2,89365,0,1787343,0,0.0,0
1048832,0,0,0,0,0,1,1,0,0,0.0,1,3,2,89366,0,1787363,0,0.0,0
1048832,0,0,0,0,0,1,1,0,-7,0.0,1,3,2,89367,0,1787383,0,0.0,0
1048832,0,0,0,0,0,1,1,0,0,0.0,1,3,2,89368,0,1787403,0,0.0,0
1048832,0,0,0,0,0,1,1,0,0,0.0,1,3,2,89369,0,1787423,0,0.0,0
1048832,0,0,0,0,0,1,1,0,0,0.0,1,3,2,89370,0,1787443,0,0.0,0
1048832,0,0,0,0,0,1,1,0,-3,0.0,1,3,2,89371,0,1787463,0,0.0,0
1048832,0,0,0,0,0,1,1,0,0,0.0,1,3,2,89372,0,1787483,0,0.0,0
1049344,0,0,0,1,0,1,1,0,-3,0.0,1,3,2,89373,0,1787503,0,0.0,0
1049344,0,0,0,1,0,1,1,0,0,0.0,1,3,2,89374,0,1787523,0,0.0,0
1049344,0,0,0,1,0,1,1,0,-3,0.0,1,3,2,89375,0,1787543,0,0.0,0
1049344,0,0,0,1,0,1,1,0,0,0.0,1,3,2,89376,0,1787563,0,0.0,0
1049344,0,0,0,1,0,1,1,0,-3,0.0,1,3,2,89377,0,1787583,0,0.0,0
1049344,0,0,0,1,0,1,1,0,0,0.0,1,3,2,89378,0,1787603,0,0.0,0
1048832,0,0,0,0,0,1,1,387,-314,311400.0,1,3,2,89379,1,1787623,0,0.0,0
1048832,0,0,0,0,0,1,1,1240,-1107,311400.0,1,3,2,89380,1,1787643,0,0.0,0
1048832,0,0,0,0,0,1,1,2094,-1978,311400.0,1,3,2,89381,1,1787663,0,0.0,0
1048832,0,0,0,0,0,1,1,2988,-2836,311400.0,1,3,2,89382,1,1787683,0,0.0,0
1048832,0,0,0,0,0,1,1,3835,-3633,311400.0,1,3,2,89383,1,1787703,0,0.0,0
1048832,0,0,0,0,0,1,1,4674,-4514,311400.0,1,3,2,89384,1,1787723,0,0.0,0
1048832,0,0,0,0,0,1,1,5539,-5339,311400.0,1,3,2,89385,1,1787743,0,0.0,0
1048832,0,0,0,0,0,1,1,6409,-6232,311400.0,1,3,2,89386,1,1787763,0,0.0,0
1048832,0,0,0,0,0,1,1,7236,-7071,311400.0,1,3,2,89387,1,1787783,0,0.0,0
1048832,0,0,0,0,0,1,1,8016,-7829,311400.0,1,3,2,89388,1,1787803,0,0.0,0
1048832,0,0,0,0,0,1,1,8544,-8427,311400.0,1,3,2,89389,1,1787823,0,0.0,0
1048832,0,0,0,0,0,1,1,8878,-8894,311400.0,1,3,2,89390,1,1787843,0,0.0,0
1048832,0,0,0,0,0,1,1,9104,-9193,311400.0,1,3,2,89391,1,1787863,0,0.0,0
1048832,0,0,0,0,0,1,1,9295,-9424,311400.0,1,3,2,89392,1,1787883,0,0.0,0
1048832,0,0,0,0,0,1,1,9416,-9557,311400.0,1,3,2,89393,1,1787903,0,0.0,0
1048832,0,0,0,0,0,1,1,9504,-9606,311400.0,1,3,2,89394,1,1787923,0,0.0,0
1048832,0,0,0,0,0,1,1,9559,-9723,311400.0,1,3,2,89395,1,1787943,0,0.0,0
1048832,0,0,0,0,0,1,1,9563,-9737,311400.0,1,3,2,89396,1,1787963,0,0.0,0
1048832,0,0,0,0,0,1,1,9600,-9746,311400.0,1,3,2,89397,1,1787983,0,0.0,0
1048832,0,0,0,0,0,1,1,9619,-9792,311400.0,1,3,2,89398,1,1788003,0,0.0,0
1048832,0,0,0,0,0,1,1,9632,-9825,311400.0,1,3,2,89399,1,1788023,0,0.0,0
1048832,0,0,0,0,0,1,1,9667,-9817,311400.0,1,3,2,89400,1,1788043,0,0.0,0
1048832,0,0,0,0,0,1,1,9653,-9836,311400.0,1,3,2,89401,1,1788063,0,0.0,0
1048832,0,0,0,0,0,1,1,9659,-9863,311400.0,1,3,2,89402,1,1788083,0,0.0,0
1048832,0,0,0,0,0,1,1,9701,-9855,311400.0,1,3,2,89403,1,1788103,0,0.0,0
1048832,0,0,0,0,0,1,1,9667,-9855,311400.0,1,3,2,89404,1,1788123,0,0.0,0
1048832,0,0,0,0,0,1,1,9690,-9869,311400.0,1,3,2,89405,1,1788143,0,0.0,0
1048832,0,0,0,0,0,1,1,9667,-9876,311400.0,1,3,2,89406,1,1788163,0,0.0,0
1048832,0,0,0,0,0,1,1,9674,-9853,311400.0,1,3,2,89407,1,1788183,0,0.0,0
1048832,0,0,0,0,0,1,1,9703,-9855,311400.0,1,3,2,89408,1,1788203,0,0.0,0
1048832,0,0,0,0,0,1,1,9672,-9873,311400.0,1,3,2,89409,1,1788223,0,0.0,0
1048832,0,0,0,0,0,1,1,9697,-9853,311400.0,1,3,2,89410,1,1788243,0,0.0,0
1048832,0,0,0,0,0,1,1,9672,-9865,311400.0,1,3,2,89411,1,1788263,0,0.0,0
1048832,0,0,0,0,0,1,1,9693,-9884,311400.0,1,3,2,89412,1,1788283,0,0.0,0
1048832,0,0,0,0,0,1,1,9705,-9876,311400.0,1,3,2,89413,1,1788303,0,0.0,0
1048832,0,0,0,0,0,1,1,9655,-9876,311400.0,1,3,2,89414,1,1788323,0,0.0,0
1048832,0,0,0,0,0,1,1,9686,-9907,311400.0,1,3,2,89415,1,1788343,0,0.0,0
1048832,0,0,0,0,0,1,1,9680,-9897,311400.0,1,3,2,89416,1,1788363,0,0.0,0
1048832,0,0,0,0,0,1,1,9678,-9894,311400.0,1,3,2,89417,1,1788383,0,0.0,0
1048832,0,0,0,0,0,1,1,9703,-9897,311400.0,1,3,2,89418,1,1788403,0,0.0,0
1048832,0,0,0,0,0,1,1,9676,-9890,311400.0,1,3,2,89419,1,1788423,0,0.0,0
1048832,0,0,0,0,0,1,1,9701,-9865,311400.0,1,3,2,89420,1,1788443,0,0.0,0
1048832,0,0,0,0,0,1,1,9705,-9869,311400.0,1,3,2,89421,1,1788463,0,0.0,0
1048832,0,0,0,0,0,1,1,9657,-9884,311400.0,1,3,2,89422,1,1788483,0,0.0,0
1048832,0,0,0,0,0,1,1,9693,-9859,311400.0,1,3,2,89423,1,1788503,0,0.0,0
1048832,0,0,0,0,0,1,1,9676,-9859,311400.0,1,3,2,89424,1,1788523,0,0.0,0
1048832,0,0,0,0,0,1,1,9690,-9873,311400.0,1,3,2,89425,1,1788543,0,0.0,0
1048832,0,0,0,0,0,1,1,9695,-9873,311400.0,1,3,2,89426,1,1788563,0,0.0,0
1048832,0,0,0,0,0,1,1,9653,-9867,311400.0,1,3,2,89427,1,1788583,0,0.0,0
1048832,0,0,0,0,0,1,1,9699,-9897,311400.0,1,3,2,89428,1,1788603,0,0.0,0
1048832,0,0,0,0,0,1,1,9684,-9899,311400.0,1,3,2,89429,1,1788623,0,0.0,0
1048832,0,0,0,0,0,1,1,9657,-9901,311400.0,1,3,2,89430,1,1788643,0,0.0,0
1048832,0,0,0,0,0,1,1,9693,-9903,311400.0,1,3,2,89431,1,1788663,0,0.0,0
1048832,0,0,0,0,0,1,1,9678,-9911,311400.0,1,3,2,89432,1,1788683,0,0.0,0
1048832,0,0,0,0,0,1,1,9695,-9882,311400.0,1,3,2,89433,1,1788703,0,0.0,0
1048832,0,0,0,0,0,1,1,9690,-9871,311400.0,1,3,2,89434,1,1788723,0,0.0,0
1048832,0,0,0,0,0,1,1,9657,-9886,311400.0,1,3,2,89435,1,1788743,0,0.0,0
1048832,0,0,0,0,0,1,1,9701,-9863,311400.0,1,3,2,89436,1,1788763,0,0.0,0
1048832,0,0,0,0,0,1,1,9684,-9861,311400.0,1,3,2,89437,1,1788783,0,0.0,0
1048832,0,0,0,0,0,1,1,9684,-9871,311400.0,1,3,2,89438,1,1788803,0,0.0,0
1048832,0,0,0,0,0,1,1,9693,-9869,311400.0,1,3,2,89439,1,1788823,0,0.0,0
1048832,0,0,0,0,0,1,1,9672,-9863,311400.0,1,3,2,89440,1,1788843,0,0.0,0
1048832,0,0,0,0,0,1,1,9716,-9890,311400.0,1,3,2,89441,1,1788863,0,0.0,0
1048832,0,0,0,0,0,1,1,9688,-9892,311400.0,1,3,2,89442,1,1788883,0,0.0,0
1048832,0,0,0,0,0,1,1,9667,-9892,311400.0,1,3,2,89443,1,1788903,0,0.0,0
1048832,0,0,0,0,0,1,1,9703,-9903,311400.0,1,3,2,89444,1,1788923,0,0.0,0
1048832,0,0,0,0,0,1,1,9676,-9909,311400.0,1,3,2,89445,1,1788943,0,0.0,0
1048832,0,0,0,0,0,1,1,9686,-9903,311400.0,1,3,2,89446,1,1788963,0,0.0,0
1048832,0,0,0,0,0,1,1,9693,-9880,311400.0,1,3,2,89447,1,1788983,0,0.0,0
1048832,0,0,0,0,0,1,1,9667,-9888,311400.0,1,3,2,89448,1,1789003,0,0.0,0
1048832,0,0,0,0,0,1,1,9711,-9867,311400.0,1,3,2,89449,1,1789023,0,0.0,0
1048832,0,0,0,0,0,1,1,9684,-9863,311400.0,1,3,2,89450,1,1789043,0,0.0,0
1048832,0,0,0,0,0,1,1,9678,-9871,311400.0,1,3,2,89451,1,1789063,0,0.0,0
1048832,0,0,0,0,0,1,1,9693,-9869,311400.0,1,3,2,89452,1,1789083,0,0.0,0
1048832,0,0,0,0,0,1,1,9672,-9857,311400.0,1,3,2,89453,1,1789103,0,0.0,0
1048832,0,0,0,0,0,1,1,9711,-9884,311400.0,1,3,2,89454,1,1789123,0,0.0,0
1049856,0,0,0,0,1,1,1,9682,-9890,311400.0,1,3,2,89455,1,1789143,0,0.0,0
1049856,0,0,0,0,1,1,1,9674,-9888,311400.0,1,3,2,89456,1,1789163,0,0.0,0
1049856,0,0,0,0,1,1,1,9705,-9903,311400.0,1,3,2,89457,1,1789183,0,0.0,0
1049856,0,0,0,0,1,1,1,9672,-9913,311400.0,1,3,2,89458,1,1789203,0,0.0,0
1049856,0,0,0,0,1,1,1,9676,-9907,311400.0,1,3,2,89459,1,1789223,0,0.0,0
1049856,0,0,0,0,1,1,1,9693,-9899,311400.0,1,3,2,89460,1,1789243,0,0.0,0
1049856,0,0,0,0,1,1,1,9670,-9901,311400.0,1,3,2,89461,1,1789263,0,0.0,0
1049856,0,0,0,0,1,1,1,9711,-9867,311400.0,1,3,2,89462,1,1789283,0,0.0,0
1049856,0,0,0,0,1,1,1,9684,-9865,311400.0,1,3,2,89463,1,1789303,0,0.0,0
1049856,0,0,0,0,1,1,1,9678,-9871,311400.0,1,3,2,89464,1,1789323,0,0.0,0
1048832,0,0,0,0,0,1,1,9707,-9869,311400.0,1,3,2,89465,1,1789343,0,0.0,0
1048832,0,0,0,0,0,1,1,9676,-9855,311400.0,1,3,2,89466,1,1789363,0,0.0,0
1048832,0,0,0,0,0,1,1,9703,-9880,311400.0,1,3,2,89467,1,1789383,0,0.0,0
1048832,0,0,0,0,0,1,1,9688,-9888,311400.0,1,3,2,89468,1,1789403,0,0.0,0
1048832,0,0,0,0,0,1,1,9676,-9884,311400.0,1,3,2,89469,1,1789423,0,0.0,0
1048832,0,0,0,0,0,1,1,9718,-9899,311400.0,1,3,2,89470,1,1789443,0,0.0,0
1048832,0,0,0,0,0,1,1,9686,-9915,311400.0,1,3,2,89471,1,1789463,0,0.0,0
1048832,0,0,0,0,0,1,1,9686,-9909,311400.0,1,3,2,89472,1,1789483,0,0.0,0
1048832,0,0,0,0,0,1,1,9705,-9899,311400.0,1,3,2,89473,1,1789503,0,0.0,0
1048832,0,0,0,0,0,1,1,9678,-9901,311400.0,1,3,2,89474,1,1789523,0,0.0,0
1048832,0,0,0,0,0,1,1,9697,-9897,311400.0,1,3,2,89475,1,1789543,0,0.0,0
1048832,0,0,0,0,0,1,1,9688,-9878,311400.0,1,3,2,89476,1,1789563,0,0.0,0
1048832,0,0,0,0,0,1,1,9676,-9871,311400.0,1,3,2,89477,1,1789583,0,0.0,0
1048832,0,0,0,0,0,1,1,9713,-9869,311400.0,1,3,2,89478,1,1789603,0,0.0,0
1048832,0,0,0,0,0,1,1,9684,-9857,311400.0,1,3,2,89479,1,1789623,0,0.0,0
1048832,0,0,0,0,0,1,1,9686,-9880,311400.0,1,3,2,89480,1,1789643,0,0.0,0
1048832,0,0,0,0,0,1,1,9688,-9886,311400.0,1,3,2,89481,1,1789663,0,0.0,0
1048832,0,0,0,0,0,1,1,9670,-9884,311400.0,1,3,2,89482,1,1789683,0,0.0,0
1048832,0,0,0,0,0,1,1,9718,-9899,311400.0,1,3,2,89483,1,1789703,0,0.0,0
1048832,0,0,0,0,0,1,1,9682,-9913,311400.0,1,3,2,89484,1,1789723,0,0.0,0
1048832,0,0,0,0,0,1,1,9682,-9907,311400.0,1,3,2,89485,1,1789743,0,0.0,0
1048832,0,0,0,0,0,1,1,9699,-9899,311400.0,1,3,2,89486,1,1789763,0,0.0,0
1048832,0,0,0,0,0,1,1,9667,-9903,311400.0,1,3,2,89487,1,1789783,0,0.0,0
1048832,0,0,0,0,0,1,1,9684,-9897,311400.0,1,3,2,89488,1,1789803,0,0.0,0
1048832,0,0,0,0,0,1,1,9690,-9880,311400.0,1,3,2,89489,1,1789823,0,0.0,0
1048832,0,0,0,0,0,1,1,9670,-9869,311400.0,1,3,2,89490,1,1789843,0,0.0,0
1048832,0,0,0,0,0,1,1,9713,-9884,311400.0,1,3,2,89491,1,1789863,0,0.0,0
1048832,0,0,0,0,0,1,1,9680,-9863,311400.0,1,3,2,89492,1,1789883,0,0.0,0
1048832,0,0,0,0,0,1,1,9684,-9861,311400.0,1,3,2,89493,1,1789903,0,0.0,0
1048832,0,0,0,0,0,1,1,9699,-9880,311400.0,1,3,2,89494,1,1789923,0,0.0,0
1048832,0,0,0,0,0,1,1,9672,-9878,311400.0,1,3,2,89495,1,1789943,0,0.0,0
1048832,0,0,0,0,0,1,1,9705,-9894,311400.0,1,3,2,89496,1,1789963,0,0.0,0
1048832,0,0,0,0,0,1,1,9678,-9911,311400.0,1,3,2,89497,1,1789983,0,0.0,0
1048832,0,0,0,0,0,1,1,9676,-9907,311400.0,1,3,2,89498,1,1790003,0,0.0,0
1048832,0,0,0,0,0,1,1,9713,-9899,311400.0,1,3,2,89499,1,1790023,0,0.0,0
1048832,0,0,0,0,0,1,1,9682,-9903,311400.0,1,3,2,89500,1,1790043,0,0.0,0
1048832,0,0,0,0,0,1,1,9695,-9901,311400.0,1,3,2,89501,1,1790063,0,0.0,0
1048832,0,0,0,0,0,1,1,9697,-9892,311400.0,1,3,2,89502,1,1790083,0,0.0,0
1048832,0,0,0,0,0,1,1,9674,-9880,311400.0,1,3,2,89503,1,1790103,0,0.0,0
1048832,0,0,0,0,0,1,1,9709,-9884,311400.0,1,3,2,89504,1,1790123,0,0.0,0
1048832,0,0,0,0,0,1,1,9672,-9865,311400.0,1,3,2,89505,1,1790143,0,0.0,0
1048832,0,0,0,0,0,1,1,9678,-9861,311400.0,1,3,2,89506,1,1790163,0,0.0,0
1048832,0,0,0,0,0,1,1,9709,-9871,311400.0,1,3,2,89507,1,1790183,0,0.0,0
1048832,0,0,0,0,0,1,1,9678,-9867,311400.0,1,3,2,89508,1,1790203,0,0.0,0
1049856,0,0,0,0,1,1,1,9701,-9886,311400.0,1,3,2,89509,1,1790223,0,0.0,0
1049856,0,0,0,0,1,1,1,9674,-9899,311400.0,1,3,2,89510,1,1790243,0,0.0,0
1049856,0,0,0,0,1,1,1,9680,-9899,311400.0,1,3,2,89511,1,1790263,0,0.0,0
1049856,0,0,0,0,1,1,1,9709,-9899,311400.0,1,3,2,89512,1,1790283,0,0.0,0
1049856,0,0,0,0,1,1,1,9678,-9911,311400.0,1,3,2,89513,1,1790303,0,0.0,0
1049856,0,0,0,0,1,1,1,9699,-9905,311400.0,1,3,2,89514,1,1790323,0,0.0,0
1049856,0,0,0,0,1,1,1,9680,-9903,311400.0,1,3,2,89515,1,1790343,0,0.0,0
1049856,0,0,0,0,1,1,1,9676,-9888,311400.0,1,3,2,89516,1,1790363,0,0.0,0
1048832,0,0,0,0,0,1,1,9701,-9890,311400.0,1,3,2,89517,1,1790383,0,0.0,0
1048832,0,0,0,0,0,1,1,9663,-9873,311400.0,1,3,2,89518,1,1790403,0,0.0,0
1048832,0,0,0,0,0,1,1,9680,-9865,311400.0,1,3,2,89519,1,1790423,0,0.0,0
1048832,0,0,0,0,0,1,1,9701,-9878,311400.0,1,3,2,89520,1,1790443,0,0.0,0
1048832,0,0,0,0,0,1,1,9674,-9876,311400.0,1,3,2,89521,1,1790463,0,0.0,0
1048832,0,0,0,0,0,1,1,9701,-9857,311400.0,1,3,2,89522,1,1790483,0,0.0,0
1048832,0,0,0,0,0,1,1,9672,-9880,311400.0,1,3,2,89523,1,1790503,0,0.0,0
1048832,0,0,0,0,0,1,1,9697,-9888,311400.0,1,3,2,89524,1,1790523,0,0.0,0
1048832,0,0,0,0,0,1,1,9709,-9884,311400.0,1,3,2,89525,1,1790543,0,0.0,0
1048832,0,0,0,0,0,1,1,9653,-9913,311400.0,1,3,2,89526,1,1790563,0,0.0,0
1048832,0,0,0,0,0,1,1,9688,-9903,311400.0,1,3,2,89527,1,1790583,0,0.0,0
1048832,0,0,0,0,0,1,1,9682,-9897,311400.0,1,3,2,89528,1,1790603,0,0.0,0
1048832,0,0,0,0,0,1,1,9678,-9884,311400.0,1,3,2,89529,1,1790623,0,0.0,0
1048832,0,0,0,0,0,1,1,9699,-9892,311400.0,1,3,2,89530,1,1790643,0,0.0,0
1048832,0,0,0,0,0,1,1,9674,-9869,311400.0,1,3,2,89531,1,1790663,0,0.0,0
1048832,0,0,0,0,0,1,1,9697,-9867,311400.0,1,3,2,89532,1,1790683,0,0.0,0
1048832,0,0,0,0,0,1,1,9701,-9871,311400.0,1,3,2,89533,1,1790703,0,0.0,0
1048832,0,0,0,0,0,1,1,9653,-9869,311400.0,1,3,2,89534,1,1790723,0,0.0,0
1048832,0,0,0,0,0,1,1,9688,-9850,311400.0,1,3,2,89535,1,1790743,0,0.0,0
1048832,0,0,0,0,0,1,1,9676,-9871,311400.0,1,3,2,89536,1,1790763,0,0.0,0
1048832,0,0,0,0,0,1,1,9693,-9878,311400.0,1,3,2,89537,1,1790783,0,0.0,0
1048832,0,0,0,0,0,1,1,9693,-9873,311400.0,1,3,2,89538,1,1790803,0,0.0,0
1048832,0,0,0,0,0,1,1,9651,-9888,311400.0,1,3,2,89539,1,1790823,0,0.0,0
1048832,0,0,0,0,0,1,1,9697,-9905,311400.0,1,3,2,89540,1,1790843,0,0.0,0
1048832,0,0,0,0,0,1,1,9680,-9901,311400.0,1,3,2,89541,1,1790863,0,0.0,0
1048832,0,0,0,0,0,1,1,9686,-9888,311400.0,1,3,2,89542,1,1790883,0,0.0,0
1048832,0,0,0,0,0,1,1,9693,-9894,311400.0,1,3,2,89543,1,1790903,0,0.0,0
1048832,0,0,0,0,0,1,1,9676,-9882,311400.0,1,3,2,89544,1,1790923,0,0.0,0
1048832,0,0,0,0,0,1,1,9697,-9871,311400.0,1,3,2,89545,1,1790943,0,0.0,0
1048832,0,0,0,0,0,1,1,9690,-9880,311400.0,1,3,2,89546,1,1790963,0,0.0,0
1048832,0,0,0,0,0,1,1,9655,-9878,311400.0,1,3,2,89547,1,1790983,0,0.0,0
1049856,0,0,0,0,1,1,1,9701,-9855,311400.0,1,3,2,89548,1,1791003,0,0.0,0
1049856,0,0,0,0,1,1,1,9678,-9859,311400.0,1,3,2,89549,1,1791023,0,0.0,0
1049856,0,0,0,0,1,1,1,9684,-9869,311400.0,1,3,2,89550,1,1791043,0,0.0,0
1049856,0,0,0,0,1,1,1,9686,-9859,311400.0,1,3,2,89551,1,1791063,0,0.0,0
1049856,0,0,0,0,1,1,1,9670,-9882,311400.0,1,3,2,89552,1,1791083,0,0.0,0
1049856,0,0,0,0,1,1,1,9711,-9894,311400.0,1,3,2,89553,1,1791103,0,0.0,0
1049856,0,0,0,0,1,1,1,9684,-9888,311400.0,1,3,2,89554,1,1791123,0,0.0,0
1049856,0,0,0,0,1,1,1,9680,-9894,311400.0,1,3,2,89555,1,1791143,0,0.0,0
1049856,0,0,0,0,1,1,1,9693,-9901,311400.0,1,3,2,89556,1,1791163,0,0.0,0
1049856,0,0,0,0,1,1,1,9672,-9897,311400.0,1,3,2,89557,1,1791183,0,0.0,0
1049856,0,0,0,0,1,1,1,9690,-9888,311400.0,1,3,2,89558,1,1791203,0,0.0,0
1049856,0,0,0,0,1,1,1,9690,-9892,311400.0,1,3,2,89559,1,1791223,0,0.0,0
1049856,0,0,0,0,1,1,1,9676,-9884,311400.0,1,3,2,89560,1,1791243,0,0.0,0
1049856,0,0,0,0,1,1,1,9718,-9859,311400.0,1,3,2,89561,1,1791263,0,0.0,0
1049856,0,0,0,0,1,1,1,9682,-9861,311400.0,1,3,2,89562,1,1791283,0,0.0,0
1049856,0,0,0,0,1,1,1,9680,-9878,311400.0,1,3,2,89563,1,1791303,0,0.0,0
1049856,0,0,0,0,1,1,1,9695,-9859,311400.0,1,3,2,89564,1,1791323,0,0.0,0
1049856,0,0,0,0,1,1,1,9674,-9869,311400.0,1,3,2,89565,1,1791343,0,0.0,0
1049856,0,0,0,0,1,1,1,9713,-9884,311400.0,1,3,2,89566,1,1791363,0,0.0,0
1049856,0,0,0,0,1,1,1,9684,-9878,311400.0,1,3,2,89567,1,1791383,0,0.0,0
1049856,0,0,0,0,1,1,1,9682,-9873,311400.0,1,3,2,89568,1,1791403,0,0.0,0
1049856,0,0,0,0,1,1,1,9701,-9907,311400.0,1,3,2,89569,1,1791423,0,0.0,0
1049856,0,0,0,0,1,1,1,9674,-9913,311400.0,1,3,2,89570,1,1791443,0,0.0,0
1049856,0,0,0,0,1,1,1,9705,-9892,311400.0,1,3,2,89571,1,1791463,0,0.0,0
1049856,0,0,0,0,1,1,1,9680,-9894,311400.0,1,3,2,89572,1,1791483,0,0.0,0
1049856,0,0,0,0,1,1,1,9672,-9888,311400.0,1,3,2,89573,1,1791503,0,0.0,0
1049856,0,0,0,0,1,1,1,9713,-9867,311400.0,1,3,2,89574,1,1791523,0,0.0,0
1049856,0,0,0,0,1,1,1,9684,-9865,311400.0,1,3,2,89575,1,1791543,0,0.0,0
1049856,0,0,0,0,1,1,1,9678,-9884,311400.0,1,3,2,89576,1,1791563,0,0.0,0
1049856,0,0,0,0,1,1,1,9703,-9861,311400.0,1,3,2,89577,1,1791583,0,0.0,0
1049856,0,0,0,0,1,1,1,9672,-9855,311400.0,1,3,2,89578,1,1791603,0,0.0,0
1049856,0,0,0,0,1,1,1,9705,-9869,311400.0,1,3,2,89579,1,1791623,0,0.0,0
1048832,0,0,0,0,0,1,1,9684,-9867,311400.0,1,3,2,89580,1,1791643,0,0.0,0
1048832,0,0,0,0,0,1,1,9676,-9863,311400.0,1,3,2,89581,1,1791663,0,0.0,0
1048832,0,0,0,0,0,1,1,9711,-9892,311400.0,1,3,2,89582,1,1791683,0,0.0,0
1048832,0,0,0,0,0,1,1,9678,-9890,311400.0,1,3,2,89583,1,1791703,0,0.0,0
1048832,0,0,0,0,0,1,1,9695,-9892,311400.0,1,3,2,89584,1,1791723,0,0.0,0
1048832,0,0,0,0,0,1,1,9682,-9899,311400.0,1,3,2,89585,1,1791743,0,0.0,0
1048832,0,0,0,0,0,1,1,9674,-9897,311400.0,1,3,2,89586,1,1791763,0,0.0,0
1048832,0,0,0,0,0,1,1,9713,-9890,311400.0,1,3,2,89587,1,1791783,0,0.0,0
1048832,0,0,0,0,0,1,1,9682,-9876,311400.0,1,3,2,89588,1,1791803,0,0.0,0
1048832,0,0,0,0,0,1,1,9678,-9884,311400.0,1,3,2,89589,1,1791823,0,0.0,0
1048832,0,0,0,0,0,1,1,9711,-9865,311400.0,1,3,2,89590,1,1791843,0,0.0,0
1048832,0,0,0,0,0,1,1,9682,-9859,311400.0,1,3,2,89591,1,1791863,0,0.0,0
1048832,0,0,0,0,0,1,1,9695,-9871,311400.0,1,3,2,89592,1,1791883,0,0.0,0
1048832,0,0,0,0,0,1,1,9684,-9871,311400.0,1,3,2,89593,1,1791903,0,0.0,0
1048832,0,0,0,0,0,1,1,9672,-9850,311400.0,1,3,2,89594,1,1791923,0,0.0,0
1048832,0,0,0,0,0,1,1,9713,-9869,311400.0,1,3,2,89595,1,1791943,0,0.0,0
1048832,0,0,0,0,0,1,1,9680,-9878,311400.0,1,3,2,89596,1,1791963,0,0.0,0
1048832,0,0,0,0,0,1,1,9693,-9873,311400.0,1,3,2,89597,1,1791983,0,0.0,0
1048832,0,0,0,0,0,1,1,9688,-9890,311400.0,1,3,2,89598,1,1792003,0,0.0,0
1048832,0,0,0,0,0,1,1,9676,-9907,311400.0,1,3,2,89599,1,1792023,0,0.0,0
1048832,0,0,0,0,0,1,1,9713,-9903,311400.0,1,3,2,89600,1,1792043,0,0.0,0
1049856,0,0,0,0,1,1,1,9670,-9890,311400.0,1,3,2,89601,1,1792063,0,0.0,0
1049856,0,0,0,0,1,1,1,9684,-9897,311400.0,1,3,2,89602,1,1792083,0,0.0,0
1049856,0,0,0,0,1,1,1,9713,-9882,311400.0,1,3,2,89603,1,1792103,0,0.0,0
1049856,0,0,0,0,1,1,1,9678,-9869,311400.0,1,3,2,89604,1,1792123,0,0.0,0
1049856,0,0,0,0,1,1,1,9697,-9882,311400.0,1,3,2,89605,1,1792143,0,0.0,0
1049856,0,0,0,0,1,1,1,9688,-9884,311400.0,1,3,2,89606,1,1792163,0,0.0,0
1049856,0,0,0,0,1,1,1,9680,-9855,311400.0,1,3,2,89607,1,1792183,0,0.0,0
1049856,0,0,0,0,1,1,1,9709,-9861,311400.0,1,3,2,89608,1,1792203,0,0.0,0
1049856,0,0,0,0,1,1,1,9665,-9873,311400.0,1,3,2,89609,1,1792223,0,0.0,0
1049856,0,0,0,0,1,1,1,9680,-9871,311400.0,1,3,2,89610,1,1792243,0,0.0,0
1049856,0,0,0,0,1,1,1,9701,-9888,311400.0,1,3,2,89611,1,1792263,0,0.0,0
1049856,0,0,0,0,1,1,1,9676,-9905,311400.0,1,3,2,89612,1,1792283,0,0.0,0
1049856,0,0,0,0,1,1,1,9703,-9905,311400.0,1,3,2,89613,1,1792303,0,0.0,0
1049856,0,0,0,0,1,1,1,9663,-9901,311400.0,1,3,2,89614,1,1792323,0,0.0,0
1115392,0,0,1,0,1,1,1,9682,-9909,311400.0,1,3,2,89615,1,1792343,0,-13.0,0
1049856,0,0,0,0,1,1,1,9713,-9901,311400.0,1,3,2,89616,1,1792363,0,0.0,0
1049856,0,0,0,0,1,1,1,9661,-9897,311400.0,1,3,2,89617,1,1792383,0,0.0,0
1049856,0,0,0,0,1,1,1,9682,-9884,311400.0,1,3,2,89618,1,1792403,0,0.0,0
1049856,0,0,0,0,1,1,1,9697,-9890,311400.0,1,3,2,89619,1,1792423,0,0.0,0
1049856,0,0,0,0,1,1,1,9680,-9850,311400.0,1,3,2,89620,1,1792443,0,0.0,0
1049856,0,0,0,0,1,1,1,9701,-9861,311400.0,1,3,2,89621,1,1792463,0,0.0,0
1049856,0,0,0,0,1,1,1,9657,-9871,311400.0,1,3,2,89622,1,1792483,0,0.0,0
1049856,0,0,0,0,1,1,1,9686,-9867,311400.0,1,3,2,89623,1,1792503,0,0.0,0
1049856,0,0,0,0,1,1,1,9701,-9882,311400.0,1,3,2,89624,1,1792523,0,0.0,0
1049856,0,0,0,0,1,1,1,9680,-9899,311400.0,1,3,2,89625,1,1792543,0,0.0,0
1049856,0,0,0,0,1,1,1,9699,-9890,311400.0,1,3,2,89626,1,1792563,0,0.0,0
1049856,0,0,0,0,1,1,1,9676,-9892,311400.0,1,3,2,89627,1,1792583,0,0.0,0
1049856,0,0,0,0,1,1,1,9701,-9911,311400.0,1,3,2,89628,1,1792603,0,0.0,0
1049856,0,0,0,0,1,1,1,9705,-9909,311400.0,1,3,2,89629,1,1792623,0,0.0,0
1048832,0,0,0,0,0,1,1,9659,-9903,311400.0,1,3,2,89630,1,1792643,0,0.0,0
1048832,0,0,0,0,0,1,1,9688,-9888,311400.0,1,3,2,89631,1,1792663,0,0.0,0
1048832,0,0,0,0,0,1,1,9701,-9897,311400.0,1,3,2,89632,1,1792683,0,0.0,0
1048832,0,0,0,0,0,1,1,9678,-9878,311400.0,1,3,2,89633,1,1792703,0,0.0,0
1048832,0,0,0,0,0,1,1,9699,-9859,311400.0,1,3,2,89634,1,1792723,0,0.0,0
1048832,0,0,0,0,0,1,1,9672,-9873,311400.0,1,3,2,89635,1,1792743,0,0.0,0
1048832,0,0,0,0,0,1,1,9701,-9853,311400.0,1,3,2,89636,1,1792763,0,0.0,0
1048832,0,0,0,0,0,1,1,9701,-9867,311400.0,1,3,2,89637,1,1792783,0,0.0,0
1048832,0,0,0,0,0,1,1,9655,-9880,311400.0,1,3,2,89638,1,1792803,0,0.0,0
1048832,0,0,0,0,0,1,1,9688,-9878,311400.0,1,3,2,89639,1,1792823,0,0.0,0
1048832,0,0,0,0,0,1,1,9676,-9871,311400.0,1,3,2,89640,1,1792843,0,0.0,0
1048832,0,0,0,0,0,1,1,9693,-9903,311400.0,1,3,2,89641,1,1792863,0,0.0,0
1048832,0,0,0,0,0,1,1,9693,-9907,311400.0,1,3,2,89642,1,1792883,0,0.0,0
1048832,0,0,0,0,0,1,1,9655,-9907,311400.0,1,3,2,89643,1,1792903,0,0.0,0
1048832,0,0,0,0,0,1,1,9701,-9899,311400.0,1,3,2,89644,1,1792923,0,0.0,0
1048832,0,0,0,0,0,1,1,9697,-9901,311400.0,1,3,2,89645,1,1792943,0,0.0,0
1048832,0,0,0,0,0,1,1,9659,-9894,311400.0,1,3,2,89646,1,1792963,0,0.0,0
1048832,0,0,0,0,0,1,1,9693,-9890,311400.0,1,3,2,89647,1,1792983,0,0.0,0
1048832,0,0,0,0,0,1,1,9674,-9886,311400.0,1,3,2,89648,1,1793003,0,0.0,0
1048832,0,0,0,0,0,1,1,9697,-9861,311400.0,1,3,2,89649,1,1793023,0,0.0,0
1048832,0,0,0,0,0,1,1,9695,-9859,311400.0,1,3,2,89650,1,1793043,0,0.0,0
1048832,0,0,0,0,0,1,1,9659,-9871,311400.0,1,3,2,89651,1,1793063,0,0.0,0
1048832,0,0,0,0,0,1,1,9703,-9871,311400.0,1,3,2,89652,1,1793083,0,0.0,0
1048832,0,0,0,0,0,1,1,9682,-9865,311400.0,1,3,2,89653,1,1793103,0,0.0,0
1048832,0,0,0,0,0,1,1,9684,-9892,311400.0,1,3,2,89654,1,1793123,0,0.0,0
1048832,0,0,0,0,0,1,1,9695,-9899,311400.0,1,3,2,89655,1,1793143,0,0.0,0
1048832,0,0,0,0,0,1,1,9665,-9899,311400.0,1,3,2,89656,1,1793163,0,0.0,0
1048832,0,0,0,0,0,1,1,9716,-9903,311400.0,1,3,2,89657,1,1793183,0,0.0,0
1048832,0,0,0,0,0,1,1,9690,-9909,311400.0,1,3,2,89658,1,1793203,0,0.0,0
1048832,0,0,0,0,0,1,1,9670,-9899,311400.0,1,3,2,89659,1,1793223,0,0.0,0
1048832,0,0,0,0,0,1,1,9701,-9894,311400.0,1,3,2,89660,1,1793243,0,0.0,0
1048832,0,0,0,0,0,1,1,9680,-9899,311400.0,1,3,2,89661,1,1793263,0,0.0,0
1048832,0,0,0,0,0,1,1,9682,-9890,311400.0,1,3,2,89662,1,1793283,0,0.0,0
1048832,0,0,0,0,0,1,1,9690,-9867,311400.0,1,3,2,89663,1,1793303,0,0.0,0
1048832,0,0,0,0,0,1,1,9672,-9871,311400.0,1,3,2,89664,1,1793323,0,0.0,0
1048832,0,0,0,0,0,1,1,9713,-9867,311400.0,1,3,2,89665,1,1793343,0,0.0,0
1048832,0,0,0,0,0,1,1,9688,-9859,311400.0,1,3,2,89666,1,1793363,0,0.0,0
1048832,0,0,0,0,0,1,1,9674,-9884,311400.0,1,3,2,89667,1,1793383,0,0.0,0
1048832,0,0,0,0,0,1,1,9693,-9886,311400.0,1,3,2,89668,1,1793403,0,0.0,0
1048832,0,0,0,0,0,1,1,9670,-9886,311400.0,1,3,2,89669,1,1793423,0,0.0,0
1048832,0,0,0,0,0,1,1,9711,-9903,311400.0,1,3,2,89670,1,1793443,0,0.0,0
1048832,0,0,0,0,0,1,1,9684,-9911,311400.0,1,3,2,89671,1,1793463,0,0.0,0
1048832,0,0,0,0,0,1,1,9672,-9903,311400.0,1,3,2,89672,1,1793483,0,0.0,0
1048832,0,0,0,0,0,1,1,9701,-9897,311400.0,1,3,2,89673,1,1793503,0,0.0,0
1048832,0,0,0,0,0,1,1,9674,-9899,311400.0,1,3,2,89674,1,1793523,0,0.0,0
1048832,0,0,0,0,0,1,1,9674,-9897,311400.0,1,3,2,89675,1,1793543,0,0.0,0
1048832,0,0,0,0,0,1,1,9690,-9880,311400.0,1,3,2,89676,1,1793563,0,0.0,0
1048832,0,0,0,0,0,1,1,9667,-9871,311400.0,1,3,2,89677,1,1793583,0,0.0,0
1048832,0,0,0,0,0,1,1,9711,-9884,311400.0,1,3,2,89678,1,1793603,0,0.0,0
1048832,0,0,0,0,0,1,1,9680,-9865,311400.0,1,3,2,89679,1,1793623,0,0.0,0
1048832,0,0,0,0,0,1,1,9680,-9867,311400.0,1,3,2,89680,1,1793643,0,0.0,0
1048832,0,0,0,0,0,1,1,9699,-9876,311400.0,1,3,2,89681,1,1793663,0,0.0,0
1048832,0,0,0,0,0,1,1,9672,-9873,311400.0,1,3,2,89682,1,1793683,0,0.0,0
1048832,0,0,0,0,0,1,1,9705,-9890,311400.0,1,3,2,89683,1,1793703,0,0.0,0
1048832,0,0,0,0,0,1,1,9684,-9907,311400.0,1,3,2,89684,1,1793723,0,0.0,0
1048832,0,0,0,0,0,1,1,9678,-9901,311400.0,1,3,2,89685,1,1793743,0,0.0,0
1048832,0,0,0,0,0,1,1,9718,-9899,311400.0,1,3,2,89686,1,1793763,0,0.0,0
1048832,0,0,0,0,0,1,1,9676,-9905,311400.0,1,3,2,89687,1,1793783,0,0.0,0
1048832,0,0,0,0,0,1,1,9690,-9901,311400.0,1,3,2,89688,1,1793803,0,0.0,0
1048832,0,0,0,0,0,1,1,9703,-9897,311400.0,1,3,2,89689,1,1793823,0,0.0,0
1048832,0,0,0,0,0,1,1,9670,-9884,311400.0,1,3,2,89690,1,1793843,0,0.0,0
1048832,0,0,0,0,0,1,1,9705,-9890,311400.0,1,3,2,89691,1,1793863,0,0.0,0
1048832,0,0,0,0,0,1,1,9680,-9873,311400.0,1,3,2,89692,1,1793883,0,0.0,0
1048832,0,0,0,0,0,1,1,9678,-9863,311400.0,1,3,2,89693,1,1793903,0,0.0,0
1048832,0,0,0,0,0,1,1,9707,-9876,311400.0,1,3,2,89694,1,1793923,0,0.0,0
1048832,0,0,0,0,0,1,1,9678,-9859,311400.0,1,3,2,89695,1,1793943,0,0.0,0
1048832,0,0,0,0,0,1,1,9697,-9878,311400.0,1,3,2,89696,1,1793963,0,0.0,0
1048832,0,0,0,0,0,1,1,9680,-9894,311400.0,1,3,2,89697,1,1793983,0,0.0,0
1048832,0,0,0,0,0,1,1,9676,-9886,311400.0,1,3,2,89698,1,1794003,0,0.0,0
