event_bits,evt_pause_cur,evt_s0_not_down,evt_vt03_online,fric_set,high_freq,rc_s0,rc_s1,seq,shoot_mode,tick_ms,trigger_cur,trigger_spd_set,vt03_toe
1048832,0,1,1,0.0,1,3,2,67783,0,1355703,0,0.0,0
1048832,0,1,1,0.0,1,3,2,67784,0,1355723,0,0.0,0
1048832,0,1,1,0.0,1,3,2,67785,0,1355743,0,0.0,0
1048832,0,1,1,0.0,1,3,2,67786,0,1355763,0,0.0,0
1048832,0,1,1,0.0,1,3,2,67787,0,1355783,0,0.0,0
1048832,0,1,1,0.0,1,3,2,67788,0,1355803,0,0.0,0
1048832,0,1,1,0.0,1,3,2,67789,0,1355823,0,0.0,0
1048832,0,1,1,0.0,1,3,2,67790,0,1355843,0,0.0,0
1048832,0,1,1,0.0,1,3,2,67791,0,1355863,0,0.0,0
1048832,0,1,1,0.0,1,3,2,67792,0,1355883,0,0.0,0
1048832,0,1,1,0.0,1,3,2,67793,0,1355903,0,0.0,0
1048832,0,1,1,0.0,1,3,2,67794,0,1355923,0,0.0,0
1048832,0,1,1,0.0,1,3,2,67795,0,1355943,0,0.0,0
1048832,0,1,1,0.0,1,3,2,67796,0,1355963,0,0.0,0
1048832,0,1,1,0.0,1,3,2,67797,0,1355983,0,0.0,0
1048832,0,1,1,0.0,1,3,2,67798,0,1356003,0,0.0,0
1048832,0,1,1,0.0,1,3,2,67799,0,1356023,0,0.0,0
1048832,0,1,1,0.0,1,3,2,67800,0,1356043,0,0.0,0
1048832,0,1,1,0.0,1,3,2,67801,0,1356063,0,0.0,0
1048832,0,1,1,0.0,1,3,2,67802,0,1356083,0,0.0,0
1048832,0,1,1,0.0,1,3,2,67803,0,1356103,0,0.0,0
1048832,0,1,1,0.0,1,3,2,67804,0,1356123,0,0.0,0
1048832,0,1,1,0.0,1,3,2,67805,0,1356143,0,0.0,0
1048832,0,1,1,0.0,1,3,2,67806,0,1356163,0,0.0,0
1048832,0,1,1,0.0,1,3,2,67807,0,1356183,0,0.0,0
1048832,0,1,1,0.0,1,3,2,67808,0,1356203,0,0.0,0
1048832,0,1,1,0.0,1,3,2,67809,0,1356223,0,0.0,0
1048832,0,1,1,0.0,1,3,2,67810,0,1356243,0,0.0,0
1048832,0,1,1,0.0,1,3,2,67811,0,1356263,0,0.0,0
1048832,0,1,1,0.0,1,3,2,67812,0,1356283,0,0.0,0
1048832,0,1,1,0.0,1,3,2,67813,0,1356303,0,0.0,0
1048832,0,1,1,0.0,1,3,2,67814,0,1356323,0,0.0,0
1048832,0,1,1,0.0,1,3,2,67815,0,1356343,0,0.0,0
1048832,0,1,1,0.0,1,3,2,67816,0,1356363,0,0.0,0
1048832,0,1,1,0.0,1,3,2,67817,0,1356383,0,0.0,0
1048832,0,1,1,0.0,1,3,2,67818,0,1356403,0,0.0,0
1048832,0,1,1,0.0,1,3,2,67819,0,1356423,0,0.0,0
1048832,0,1,1,0.0,1,3,2,67820,0,1356443,0,0.0,0
1048832,0,1,1,0.0,1,3,2,67821,0,1356463,0,0.0,0
1048832,0,1,1,0.0,1,3,2,67822,0,1356483,0,0.0,0
1048832,0,1,1,0.0,1,3,2,67823,0,1356503,0,0.0,0
1048832,0,1,1,0.0,1,3,2,67824,0,1356523,0,0.0,0
1048832,0,1,1,0.0,1,3,2,67825,0,1356543,0,0.0,0
1048832,0,1,1,0.0,1,3,2,67826,0,1356563,0,0.0,0
1048832,0,1,1,0.0,1,3,2,67827,0,1356583,0,0.0,0
1048832,0,1,1,0.0,1,3,2,67828,0,1356603,0,0.0,0
1048832,0,1,1,0.0,1,3,2,67829,0,1356623,0,0.0,0
1048832,0,1,1,0.0,1,3,2,67830,0,1356643,0,0.0,0
1048832,0,1,1,0.0,1,3,2,67831,0,1356663,0,0.0,0
1048832,0,1,1,0.0,1,3,2,67832,0,1356683,0,0.0,0
1048832,0,1,1,0.0,1,3,2,67833,0,1356703,0,0.0,0
1048832,0,1,1,0.0,1,3,2,67834,0,1356723,0,0.0,0
1048832,0,1,1,0.0,1,3,2,67835,0,1356743,0,0.0,0
1048832,0,1,1,0.0,1,3,2,67836,0,1356763,0,0.0,0
1048832,0,1,1,0.0,1,3,2,67837,0,1356783,0,0.0,0
1048832,0,1,1,0.0,1,3,2,67838,0,1356803,0,0.0,0
1048832,0,1,1,0.0,1,3,2,67839,0,1356823,0,0.0,0
1048832,0,1,1,0.0,1,3,2,67840,0,1356843,0,0.0,0
1048832,0,1,1,0.0,1,3,2,67841,0,1356863,0,0.0,0
1048832,0,1,1,0.0,1,3,2,67842,0,1356883,0,0.0,0
1048832,0,1,1,0.0,1,3,2,67843,0,1356903,0,0.0,0
1048832,0,1,1,0.0,1,3,2,67844,0,1356923,0,0.0,0
1048832,0,1,1,0.0,1,3,2,67845,0,1356943,0,0.0,0
1048832,0,1,1,0.0,1,3,2,67846,0,1356963,0,0.0,0
1048832,0,1,1,0.0,1,3,2,67847,0,1356983,0,0.0,0
1048832,0,1,1,0.0,1,3,2,67848,0,1357003,0,0.0,0
1048832,0,1,1,0.0,1,3,2,67849,0,1357023,0,0.0,0
1048832,0,1,1,0.0,1,3,2,67850,0,1357043,0,0.0,0
1048832,0,1,1,0.0,1,3,2,67851,0,1357063,0,0.0,0
1048832,0,1,1,0.0,1,3,2,67852,0,1357083,0,0.0,0
1048832,0,1,1,0.0,1,3,2,67853,0,1357103,0,0.0,0
1048832,0,1,1,0.0,1,3,2,67854,0,1357123,0,0.0,0
1048832,0,1,1,0.0,1,3,2,67855,0,1357143,0,0.0,0
1048832,0,1,1,0.0,1,3,2,67856,0,1357163,0,0.0,0
1048832,0,1,1,0.0,1,3,2,67857,0,1357183,0,0.0,0
1048832,0,1,1,0.0,1,3,2,67858,0,1357203,0,0.0,0
1048832,0,1,1,0.0,1,3,2,67859,0,1357223,0,0.0,0
1048832,0,1,1,0.0,1,3,2,67860,0,1357243,0,0.0,0
1048832,0,1,1,0.0,1,3,2,67861,0,1357263,0,0.0,0
1048832,0,1,1,0.0,1,3,2,67862,0,1357283,0,0.0,0
1048832,0,1,1,0.0,1,3,2,67863,0,1357303,0,0.0,0
1048832,0,1,1,0.0,1,3,2,67864,0,1357323,0,0.0,0
1048832,0,1,1,0.0,1,3,2,67865,0,1357343,0,0.0,0
1048832,0,1,1,0.0,1,3,2,67866,0,1357363,0,0.0,0
1048832,0,1,1,0.0,1,3,2,67867,0,1357383,0,0.0,0
1048832,0,1,1,0.0,1,3,2,67868,0,1357403,0,0.0,0
1048832,0,1,1,0.0,1,3,2,67869,0,1357423,0,0.0,0
1048832,0,1,1,0.0,1,3,2,67870,0,1357443,0,0.0,0
1048832,0,1,1,0.0,1,3,2,67871,0,1357463,0,0.0,0
1048832,0,1,1,0.0,1,3,2,67872,0,1357483,0,0.0,0
1048832,0,1,1,0.0,1,3,2,67873,0,1357503,0,0.0,0
1048832,0,1,1,0.0,1,3,2,67874,0,1357523,0,0.0,0
1048832,0,1,1,0.0,1,3,2,67875,0,1357543,0,0.0,0
1048832,0,1,1,0.0,1,3,2,67876,0,1357563,0,0.0,0
1048832,0,1,1,0.0,1,3,2,67877,0,1357583,0,0.0,0
1048832,0,1,1,0.0,1,3,2,67878,0,1357603,0,0.0,0
1048832,0,1,1,0.0,1,3,2,67879,0,1357623,0,0.0,0
1048832,0,1,1,0.0,1,3,2,67880,0,1357643,0,0.0,0
1048832,0,1,1,0.0,1,3,2,67881,0,1357663,0,0.0,0
1048832,0,1,1,0.0,1,3,2,67882,0,1357683,0,0.0,0
1048832,0,1,1,0.0,1,3,2,67883,0,1357703,0,0.0,0
1048832,0,1,1,0.0,1,3,2,67884,0,1357723,0,0.0,0
1048832,0,1,1,0.0,1,3,2,67885,0,1357743,0,0.0,0
1048832,0,1,1,0.0,1,3,2,67886,0,1357763,0,0.0,0
1048832,0,1,1,0.0,1,3,2,67887,0,1357783,0,0.0,0
1048832,0,1,1,0.0,1,3,2,67888,0,1357803,0,0.0,0
1048832,0,1,1,0.0,1,3,2,67889,0,1357823,0,0.0,0
1048832,0,1,1,0.0,1,3,2,67890,0,1357843,0,0.0,0
1048832,0,1,1,0.0,1,3,2,67891,0,1357863,0,0.0,0
1048832,0,1,1,0.0,1,3,2,67892,0,1357883,0,0.0,0
1048832,0,1,1,0.0,1,3,2,67893,0,1357903,0,0.0,0
1048832,0,1,1,0.0,1,3,2,67894,0,1357923,0,0.0,0
1048832,0,1,1,0.0,1,3,2,67895,0,1357943,0,0.0,0
1048832,0,1,1,0.0,1,3,2,67896,0,1357963,0,0.0,0
1048832,0,1,1,0.0,1,3,2,67897,0,1357983,0,0.0,0
1048832,0,1,1,0.0,1,3,2,67898,0,1358003,0,0.0,0
1048832,0,1,1,0.0,1,3,2,67899,0,1358023,0,0.0,0
1048832,0,1,1,0.0,1,3,2,67900,0,1358043,0,0.0,0
1048832,0,1,1,0.0,1,3,2,67901,0,1358063,0,0.0,0
1048832,0,1,1,0.0,1,3,2,67902,0,1358083,0,0.0,0
1048832,0,1,1,0.0,1,3,2,67903,0,1358103,0,0.0,0
1048832,0,1,1,0.0,1,3,2,67904,0,1358123,0,0.0,0
1048832,0,1,1,0.0,1,3,2,67905,0,1358143,0,0.0,0
1048832,0,1,1,0.0,1,3,2,67906,0,1358163,0,0.0,0
1048832,0,1,1,0.0,1,3,2,67907,0,1358183,0,0.0,0
1048832,0,1,1,0.0,1,3,2,67908,0,1358203,0,0.0,0
1048832,0,1,1,0.0,1,3,2,67909,0,1358223,0,0.0,0
1052928,1,1,1,0.0,1,3,2,67910,0,1358243,0,0.0,0
1052928,1,1,1,0.0,1,3,2,67911,0,1358263,0,0.0,0
1052928,1,1,1,0.0,1,3,2,67912,0,1358283,0,0.0,0
1052928,1,1,1,0.0,1,3,2,67913,0,1358303,0,0.0,0
1052928,1,1,1,0.0,1,3,2,67914,0,1358323,0,0.0,0
1052928,1,1,1,0.0,1,3,2,67915,0,1358343,0,0.0,0
1052928,1,1,1,0.0,1,3,2,67916,0,1358363,0,0.0,0
1052928,1,1,1,0.0,1,3,2,67917,0,1358383,0,0.0,0
1052928,1,1,1,0.0,1,3,2,67918,0,1358403,0,0.0,0
1052928,1,1,1,0.0,1,3,2,67919,0,1358423,0,0.0,0
1052928,1,1,1,0.0,1,3,2,67920,0,1358443,0,0.0,0
1048832,0,1,1,0.0,1,3,2,67921,0,1358463,0,0.0,0
1048832,0,1,1,0.0,1,3,2,67922,0,1358483,0,0.0,0
1048832,0,1,1,0.0,1,3,2,67923,0,1358503,0,0.0,0
1048832,0,1,1,0.0,1,3,2,67924,0,1358523,0,0.0,0
1048832,0,1,1,0.0,1,3,2,67925,0,1358543,0,0.0,0
1048832,0,1,1,0.0,1,3,2,67926,0,1358563,0,0.0,0
1048832,0,1,1,0.0,1,3,2,67927,0,1358583,0,0.0,0
1048832,0,1,1,0.0,1,3,2,67928,0,1358603,0,0.0,0
1048832,0,1,1,0.0,1,3,2,67929,0,1358623,0,0.0,0
1048832,0,1,1,0.0,1,3,2,67930,0,1358643,0,0.0,0
1048832,0,1,1,0.0,1,3,2,67931,0,1358663,0,0.0,0
1048832,0,1,1,0.0,1,3,2,67932,0,1358683,0,0.0,0
1048832,0,1,1,0.0,1,3,2,67933,0,1358703,0,0.0,0
1048832,0,1,1,0.0,1,3,2,67934,0,1358723,0,0.0,0
1048832,0,1,1,0.0,1,3,2,67935,0,1358743,0,0.0,0
1048832,0,1,1,0.0,1,3,2,67936,0,1358763,0,0.0,0
1048832,0,1,1,0.0,1,3,2,67937,0,1358783,0,0.0,0
1048832,0,1,1,0.0,1,3,2,67938,0,1358803,0,0.0,0
1048832,0,1,1,0.0,1,3,2,67939,0,1358823,0,0.0,0
1048832,0,1,1,0.0,1,3,2,67940,0,1358843,0,0.0,0
1048832,0,1,1,0.0,1,3,2,67941,0,1358863,0,0.0,0
1048832,0,1,1,0.0,1,3,2,67942,0,1358883,0,0.0,0
1048832,0,1,1,0.0,1,3,2,67943,0,1358903,0,0.0,0
1048832,0,1,1,0.0,1,3,2,67944,0,1358923,0,0.0,0
1048832,0,1,1,0.0,1,3,2,67945,0,1358943,0,0.0,0
1048832,0,1,1,0.0,1,3,2,67946,0,1358963,0,0.0,0
1048832,0,1,1,0.0,1,3,2,67947,0,1358983,0,0.0,0
1048832,0,1,1,0.0,1,3,2,67948,0,1359003,0,0.0,0
1048832,0,1,1,0.0,1,3,2,67949,0,1359023,0,0.0,0
1048832,0,1,1,0.0,1,3,2,67950,0,1359043,0,0.0,0
1048832,0,1,1,0.0,1,3,2,67951,0,1359063,0,0.0,0
1048832,0,1,1,0.0,1,3,2,67952,0,1359083,0,0.0,0
1048832,0,1,1,0.0,1,3,2,67953,0,1359103,0,0.0,0
1048832,0,1,1,0.0,1,3,2,67954,0,1359123,0,0.0,0
1048832,0,1,1,0.0,1,3,2,67955,0,1359143,0,0.0,0
1048832,0,1,1,0.0,1,3,2,67956,0,1359163,0,0.0,0
1048832,0,1,1,0.0,1,3,2,67957,0,1359183,0,0.0,0
1048832,0,1,1,0.0,1,3,2,67958,0,1359203,0,0.0,0
1048832,0,1,1,0.0,1,3,2,67959,0,1359223,0,0.0,0
1048832,0,1,1,0.0,1,3,2,67960,0,1359243,0,0.0,0
1048832,0,1,1,0.0,1,3,2,67961,0,1359263,0,0.0,0
1048832,0,1,1,0.0,1,3,2,67962,0,1359283,0,0.0,0
1048832,0,1,1,0.0,1,3,2,67963,0,1359303,0,0.0,0
1048832,0,1,1,0.0,1,3,2,67964,0,1359323,0,0.0,0
1048832,0,1,1,0.0,1,3,2,67965,0,1359343,0,0.0,0
1048832,0,1,1,0.0,1,3,2,67966,0,1359363,0,0.0,0
1048832,0,1,1,0.0,1,3,2,67967,0,1359383,0,0.0,0
1048832,0,1,1,0.0,1,3,2,67968,0,1359403,0,0.0,0
1048832,0,1,1,0.0,1,3,2,67969,0,1359423,0,0.0,0
1048832,0,1,1,0.0,1,3,2,67970,0,1359443,0,0.0,0
1048832,0,1,1,0.0,1,3,2,67971,0,1359463,0,0.0,0
1048832,0,1,1,0.0,1,3,2,67972,0,1359483,0,0.0,0
1048832,0,1,1,0.0,1,3,2,67973,0,1359503,0,0.0,0
1048832,0,1,1,0.0,1,3,2,67974,0,1359523,0,0.0,0
1048832,0,1,1,0.0,1,3,2,67975,0,1359543,0,0.0,0
1048832,0,1,1,0.0,1,3,2,67976,0,1359563,0,0.0,0
1048832,0,1,1,0.0,1,3,2,67977,0,1359583,0,0.0,0
1048832,0,1,1,0.0,1,3,2,67978,0,1359603,0,0.0,0
1048832,0,1,1,0.0,1,3,2,67979,0,1359623,0,0.0,0
1048832,0,1,1,0.0,1,3,2,67980,0,1359643,0,0.0,0
1048832,0,1,1,0.0,1,3,2,67981,0,1359663,0,0.0,0
1048832,0,1,1,0.0,1,3,2,67982,0,1359683,0,0.0,0
1048832,0,1,1,0.0,1,3,2,67983,0,1359703,0,0.0,0
1048832,0,1,1,0.0,1,3,2,67984,0,1359723,0,0.0,0
1048832,0,1,1,0.0,1,3,2,67985,0,1359743,0,0.0,0
1048832,0,1,1,0.0,1,3,2,67986,0,1359763,0,0.0,0
1048832,0,1,1,0.0,1,3,2,67987,0,1359783,0,0.0,0
1048832,0,1,1,0.0,1,3,2,67988,0,1359803,0,0.0,0
1048832,0,1,1,0.0,1,3,2,67989,0,1359823,0,0.0,0
1048832,0,1,1,0.0,1,3,2,67990,0,1359843,0,0.0,0
1048832,0,1,1,0.0,1,3,2,67991,0,1359863,0,0.0,0
1048832,0,1,1,0.0,1,3,2,67992,0,1359883,0,0.0,0
1048832,0,1,1,0.0,1,3,2,67993,0,1359903,0,0.0,0
1048832,0,1,1,0.0,1,3,2,67994,0,1359923,0,0.0,0
1048832,0,1,1,0.0,1,3,2,67995,0,1359943,0,0.0,0
1048832,0,1,1,0.0,1,3,2,67996,0,1359963,0,0.0,0
1048832,0,1,1,0.0,1,3,2,67997,0,1359983,0,0.0,0
1048832,0,1,1,0.0,1,3,2,67998,0,1360003,0,0.0,0
1048832,0,1,1,0.0,1,3,2,67999,0,1360023,0,0.0,0
1048832,0,1,1,0.0,1,3,2,68000,0,1360043,0,0.0,0
1048832,0,1,1,0.0,1,3,2,68001,0,1360063,0,0.0,0
1048832,0,1,1,0.0,1,3,2,68002,0,1360083,0,0.0,0
1048832,0,1,1,0.0,1,3,2,68003,0,1360103,0,0.0,0
1048832,0,1,1,0.0,1,3,2,68004,0,1360123,0,0.0,0
1048832,0,1,1,0.0,1,3,2,68005,0,1360143,0,0.0,0
1048832,0,1,1,0.0,1,3,2,68006,0,1360163,0,0.0,0
1048832,0,1,1,0.0,1,3,2,68007,0,1360183,0,0.0,0
1048832,0,1,1,0.0,1,3,2,68008,0,1360203,0,0.0,0
1048832,0,1,1,0.0,1,3,2,68009,0,1360223,0,0.0,0
1048832,0,1,1,0.0,1,3,2,68010,0,1360243,0,0.0,0
1048832,0,1,1,0.0,1,3,2,68011,0,1360263,0,0.0,0
1048832,0,1,1,0.0,1,3,2,68012,0,1360283,0,0.0,0
1048832,0,1,1,0.0,1,3,2,68013,0,1360303,0,0.0,0
1048832,0,1,1,0.0,1,3,2,68014,0,1360323,0,0.0,0
1048832,0,1,1,0.0,1,3,2,68015,0,1360343,0,0.0,0
1048832,0,1,1,0.0,1,3,2,68016,0,1360363,0,0.0,0
1048832,0,1,1,0.0,1,3,2,68017,0,1360383,0,0.0,0
1048832,0,1,1,0.0,1,3,2,68018,0,1360403,0,0.0,0
1048832,0,1,1,0.0,1,3,2,68019,0,1360423,0,0.0,0
1048832,0,1,1,0.0,1,3,2,68020,0,1360443,0,0.0,0
1048832,0,1,1,0.0,1,3,2,68021,0,1360463,0,0.0,0
1048832,0,1,1,0.0,1,3,2,68022,0,1360483,0,0.0,0
1048832,0,1,1,0.0,1,3,2,68023,0,1360503,0,0.0,0
1048832,0,1,1,0.0,1,3,2,68024,0,1360523,0,0.0,0
1048832,0,1,1,0.0,1,3,2,68025,0,1360543,0,0.0,0
1048832,0,1,1,0.0,1,3,2,68026,0,1360563,0,0.0,0
1048832,0,1,1,0.0,1,3,2,68027,0,1360583,0,0.0,0
1048832,0,1,1,0.0,1,3,2,68028,0,1360603,0,0.0,0
1048832,0,1,1,0.0,1,3,2,68029,0,1360623,0,0.0,0
1048832,0,1,1,0.0,1,3,2,68030,0,1360643,0,0.0,0
1048832,0,1,1,0.0,1,3,2,68031,0,1360663,0,0.0,0
1048832,0,1,1,0.0,1,3,2,68032,0,1360683,0,0.0,0
1048832,0,1,1,0.0,1,3,2,68033,0,1360703,0,0.0,0
1048832,0,1,1,0.0,1,3,2,68034,0,1360723,0,0.0,0
1048832,0,1,1,0.0,1,3,2,68035,0,1360743,0,0.0,0
1048832,0,1,1,0.0,1,3,2,68036,0,1360763,0,0.0,0
1048832,0,1,1,0.0,1,3,2,68037,0,1360783,0,0.0,0
1048832,0,1,1,0.0,1,3,2,68038,0,1360803,0,0.0,0
1048832,0,1,1,0.0,1,3,2,68039,0,1360823,0,0.0,0
1048832,0,1,1,0.0,1,3,2,68040,0,1360843,0,0.0,0
1048832,0,1,1,0.0,1,3,2,68041,0,1360863,0,0.0,0
1048832,0,1,1,0.0,1,3,2,68042,0,1360883,0,0.0,0
1048832,0,1,1,0.0,1,3,2,68043,0,1360903,0,0.0,0
1048832,0,1,1,0.0,1,3,2,68044,0,1360923,0,0.0,0
1048832,0,1,1,0.0,1,3,2,68045,0,1360943,0,0.0,0
1048832,0,1,1,0.0,1,3,2,68046,0,1360963,0,0.0,0
1048832,0,1,1,0.0,1,3,2,68047,0,1360983,0,0.0,0
1048832,0,1,1,0.0,1,3,2,68048,0,1361003,0,0.0,0
1048832,0,1,1,0.0,1,3,2,68049,0,1361023,0,0.0,0
1048832,0,1,1,0.0,1,3,2,68050,0,1361043,0,0.0,0
1048832,0,1,1,0.0,1,3,2,68051,0,1361063,0,0.0,0
1048832,0,1,1,0.0,1,3,2,68052,0,1361083,0,0.0,0
1048832,0,1,1,0.0,1,3,2,68053,0,1361103,0,0.0,0
1048832,0,1,1,0.0,1,3,2,68054,0,1361123,0,0.0,0
1048832,0,1,1,0.0,1,3,2,68055,0,1361143,0,0.0,0
1048832,0,1,1,0.0,1,3,2,68056,0,1361163,0,0.0,0
1048832,0,1,1,0.0,1,3,2,68057,0,1361183,0,0.0,0
1048832,0,1,1,0.0,1,3,2,68058,0,1361203,0,0.0,0
1048832,0,1,1,0.0,1,3,2,68059,0,1361223,0,0.0,0
1048832,0,1,1,0.0,1,3,2,68060,0,1361243,0,0.0,0
1048832,0,1,1,0.0,1,3,2,68061,0,1361263,0,0.0,0
1048832,0,1,1,0.0,1,3,2,68062,0,1361283,0,0.0,0
1048832,0,1,1,0.0,1,3,2,68063,0,1361303,0,0.0,0
1048832,0,1,1,0.0,1,3,2,68064,0,1361323,0,0.0,0
1048832,0,1,1,0.0,1,3,2,68065,0,1361343,0,0.0,0
1048832,0,1,1,0.0,1,3,2,68066,0,1361363,0,0.0,0
1048832,0,1,1,0.0,1,3,2,68067,0,1361383,0,0.0,0
1048832,0,1,1,0.0,1,3,2,68068,0,1361403,0,0.0,0
1048832,0,1,1,0.0,1,3,2,68069,0,1361423,0,0.0,0
1048832,0,1,1,0.0,1,3,2,68070,0,1361443,0,0.0,0
1048832,0,1,1,0.0,1,3,2,68071,0,1361463,0,0.0,0
1048832,0,1,1,0.0,1,3,2,68072,0,1361483,0,0.0,0
1048832,0,1,1,0.0,1,3,2,68073,0,1361503,0,0.0,0
1048832,0,1,1,0.0,1,3,2,68074,0,1361523,0,0.0,0
1048832,0,1,1,0.0,1,3,2,68075,0,1361543,0,0.0,0
1048832,0,1,1,0.0,1,3,2,68076,0,1361563,0,0.0,0
1048832,0,1,1,0.0,1,3,2,68077,0,1361583,0,0.0,0
1048832,0,1,1,0.0,1,3,2,68078,0,1361603,0,0.0,0
1048832,0,1,1,0.0,1,3,2,68079,0,1361623,0,0.0,0
1048832,0,1,1,0.0,1,3,2,68080,0,1361643,0,0.0,0
1048832,0,1,1,0.0,1,3,2,68081,0,1361663,0,0.0,0
1048832,0,1,1,0.0,1,3,2,68082,0,1361683,0,0.0,0
1048832,0,1,1,0.0,1,3,2,68083,0,1361703,0,0.0,0
1048832,0,1,1,0.0,1,3,2,68084,0,1361723,0,0.0,0
1048832,0,1,1,0.0,1,3,2,68085,0,1361743,0,0.0,0
1048832,0,1,1,0.0,1,3,2,68086,0,1361763,0,0.0,0
1048832,0,1,1,0.0,1,3,2,68087,0,1361783,0,0.0,0
1048832,0,1,1,0.0,1,3,2,68088,0,1361803,0,0.0,0
1048832,0,1,1,0.0,1,3,2,68089,0,1361823,0,0.0,0
1048832,0,1,1,0.0,1,3,2,68090,0,1361843,0,0.0,0
1048832,0,1,1,0.0,1,3,2,68091,0,1361863,0,0.0,0
1048832,0,1,1,0.0,1,3,2,68092,0,1361883,0,0.0,0
1048832,0,1,1,0.0,1,3,2,68093,0,1361903,0,0.0,0
1048832,0,1,1,0.0,1,3,2,68094,0,1361923,0,0.0,0
1048832,0,1,1,0.0,1,3,2,68095,0,1361943,0,0.0,0
1048832,0,1,1,0.0,1,3,2,68096,0,1361963,0,0.0,0
1048832,0,1,1,0.0,1,3,2,68097,0,1361983,0,0.0,0
1048832,0,1,1,0.0,1,3,2,68098,0,1362003,0,0.0,0
1048832,0,1,1,0.0,1,3,2,68099,0,1362023,0,0.0,0
1048832,0,1,1,0.0,1,3,2,68100,0,1362043,0,0.0,0
1048832,0,1,1,0.0,1,3,2,68101,0,1362063,0,0.0,0
1048832,0,1,1,0.0,1,3,2,68102,0,1362083,0,0.0,0
1048832,0,1,1,0.0,1,3,2,68103,0,1362103,0,0.0,0
1048832,0,1,1,0.0,1,3,2,68104,0,1362123,0,0.0,0
1048832,0,1,1,0.0,1,3,2,68105,0,1362143,0,0.0,0
1048832,0,1,1,0.0,1,3,2,68106,0,1362163,0,0.0,0
1048832,0,1,1,0.0,1,3,2,68107,0,1362183,0,0.0,0
1048832,0,1,1,0.0,1,3,2,68108,0,1362203,0,0.0,0
1048832,0,1,1,0.0,1,3,2,68109,0,1362223,0,0.0,0
1048832,0,1,1,0.0,1,3,2,68110,0,1362243,0,0.0,0
1048832,0,1,1,0.0,1,3,2,68111,0,1362263,0,0.0,0
1048832,0,1,1,0.0,1,3,2,68112,0,1362283,0,0.0,0
1048832,0,1,1,0.0,1,3,2,68113,0,1362303,0,0.0,0
1048832,0,1,1,0.0,1,3,2,68114,0,1362323,0,0.0,0
1048832,0,1,1,0.0,1,3,2,68115,0,1362343,0,0.0,0
1048832,0,1,1,0.0,1,3,2,68116,0,1362363,0,0.0,0
1048832,0,1,1,0.0,1,3,2,68117,0,1362383,0,0.0,0
1048832,0,1,1,0.0,1,3,2,68118,0,1362403,0,0.0,0
1048832,0,1,1,0.0,1,3,2,68119,0,1362423,0,0.0,0
1048832,0,1,1,0.0,1,3,2,68120,0,1362443,0,0.0,0
1048832,0,1,1,0.0,1,3,2,68121,0,1362463,0,0.0,0
1048832,0,1,1,0.0,1,3,2,68122,0,1362483,0,0.0,0
1048832,0,1,1,0.0,1,3,2,68123,0,1362503,0,0.0,0
1048832,0,1,1,0.0,1,3,2,68124,0,1362523,0,0.0,0
1048832,0,1,1,0.0,1,3,2,68125,0,1362543,0,0.0,0
1048832,0,1,1,0.0,1,3,2,68126,0,1362563,0,0.0,0
1048832,0,1,1,0.0,1,3,2,68127,0,1362583,0,0.0,0
1048832,0,1,1,0.0,1,3,2,68128,0,1362603,0,0.0,0
1048832,0,1,1,0.0,1,3,2,68129,0,1362623,0,0.0,0
1048832,0,1,1,0.0,1,3,2,68130,0,1362643,0,0.0,0
1048832,0,1,1,0.0,1,3,2,68131,0,1362663,0,0.0,0
1048832,0,1,1,0.0,1,3,2,68132,0,1362683,0,0.0,0
1048832,0,1,1,0.0,1,3,2,68133,0,1362703,0,0.0,0
1048832,0,1,1,0.0,1,3,2,68134,0,1362723,0,0.0,0
1048832,0,1,1,0.0,1,3,2,68135,0,1362743,0,0.0,0
1048832,0,1,1,0.0,1,3,2,68136,0,1362763,0,0.0,0
1048832,0,1,1,0.0,1,3,2,68137,0,1362783,0,0.0,0
1048832,0,1,1,0.0,1,3,2,68138,0,1362803,0,0.0,0
1048832,0,1,1,0.0,1,3,2,68139,0,1362823,0,0.0,0
1048832,0,1,1,0.0,1,3,2,68140,0,1362843,0,0.0,0
1048832,0,1,1,0.0,1,3,2,68141,0,1362863,0,0.0,0
1048832,0,1,1,0.0,1,3,2,68142,0,1362883,0,0.0,0
1048832,0,1,1,0.0,1,3,2,68143,0,1362903,0,0.0,0
1048832,0,1,1,0.0,1,3,2,68144,0,1362923,0,0.0,0
1048832,0,1,1,0.0,1,3,2,68145,0,1362943,0,0.0,0
1048832,0,1,1,0.0,1,3,2,68146,0,1362963,0,0.0,0
1048832,0,1,1,0.0,1,3,2,68147,0,1362983,0,0.0,0
1048832,0,1,1,0.0,1,3,2,68148,0,1363003,0,0.0,0
1048832,0,1,1,0.0,1,3,2,68149,0,1363023,0,0.0,0
1048832,0,1,1,0.0,1,3,2,68150,0,1363043,0,0.0,0
1048832,0,1,1,0.0,1,3,2,68151,0,1363063,0,0.0,0
1048832,0,1,1,0.0,1,3,2,68152,0,1363083,0,0.0,0
1048832,0,1,1,0.0,1,3,2,68153,0,1363103,0,0.0,0
1048832,0,1,1,0.0,1,3,2,68154,0,1363123,0,0.0,0
1048832,0,1,1,0.0,1,3,2,68155,0,1363143,0,0.0,0
1048832,0,1,1,0.0,1,3,2,68156,0,1363163,0,0.0,0
1048832,0,1,1,0.0,1,3,2,68157,0,1363183,0,0.0,0
1048832,0,1,1,0.0,1,3,2,68158,0,1363203,0,0.0,0
1048832,0,1,1,0.0,1,3,2,68159,0,1363223,0,0.0,0
1048832,0,1,1,0.0,1,3,2,68160,0,1363243,0,0.0,0
1048832,0,1,1,0.0,1,3,2,68161,0,1363263,0,0.0,0
1048832,0,1,1,0.0,1,3,2,68162,0,1363283,0,0.0,0
1048832,0,1,1,0.0,1,3,2,68163,0,1363303,0,0.0,0
1048832,0,1,1,0.0,1,3,2,68164,0,1363323,0,0.0,0
1048832,0,1,1,0.0,1,3,2,68165,0,1363343,0,0.0,0
1048832,0,1,1,0.0,1,3,2,68166,0,1363363,0,0.0,0
1048832,0,1,1,0.0,1,3,2,68167,0,1363383,0,0.0,0
1048832,0,1,1,0.0,1,3,2,68168,0,1363403,0,0.0,0
1048832,0,1,1,0.0,1,3,2,68169,0,1363423,0,0.0,0
1048832,0,1,1,0.0,1,3,2,68170,0,1363443,0,0.0,0
1048832,0,1,1,0.0,1,3,2,68171,0,1363463,0,0.0,0
1048832,0,1,1,0.0,1,3,2,68172,0,1363483,0,0.0,0
1048832,0,1,1,0.0,1,3,2,68173,0,1363503,0,0.0,0
1048832,0,1,1,0.0,1,3,2,68174,0,1363523,0,0.0,0
1048832,0,1,1,0.0,1,3,2,68175,0,1363543,0,0.0,0
1048832,0,1,1,0.0,1,3,2,68176,0,1363563,0,0.0,0
1048832,0,1,1,0.0,1,3,2,68177,0,1363583,0,0.0,0
1048832,0,1,1,0.0,1,3,2,68178,0,1363603,0,0.0,0
1048832,0,1,1,0.0,1,3,2,68179,0,1363623,0,0.0,0
1048832,0,1,1,0.0,1,3,2,68180,0,1363643,0,0.0,0
